invoice_id,customer_id,invoice_date,due_date,amount,paid_date
INV100001,20,2024-01-01,2024-03-01,13023.33,2024-03-12
INV100002,20,2024-01-01,2024-03-01,13929.51,2024-02-28
INV100003,20,2024-01-01,2024-03-01,6052.59,2024-03-08
INV100004,24,2024-01-01,2024-01-31,5534.55,2024-01-29
INV100005,36,2024-01-01,2024-01-31,4243.8,2024-02-09
INV100006,61,2024-01-01,2024-01-31,2012.34,2024-02-05
INV100007,87,2024-01-01,2024-01-31,2062.24,2024-03-07
INV100008,94,2024-01-01,2024-01-31,5337.48,2024-02-03
INV100009,96,2024-01-01,2024-01-31,9521.6,2024-02-23
INV100010,98,2024-01-01,2024-01-31,1010.55,2024-02-06
INV100011,107,2024-01-01,2024-01-31,6147.55,2024-01-29
INV100012,110,2024-01-01,2024-01-31,6220.58,2024-02-08
INV100013,119,2024-01-01,2024-03-01,8336.43,2024-03-17
INV100014,9,2024-01-02,2024-02-01,7010.54,2024-04-05
INV100015,14,2024-01-02,2024-02-01,4257.34,2024-01-31
INV100016,44,2024-01-02,2024-03-02,5370.43,2024-02-24
INV100017,46,2024-01-02,2024-03-02,3193.74,2024-03-13
INV100018,61,2024-01-02,2024-02-01,3856.46,2024-02-04
INV100019,63,2024-01-02,2024-02-01,4330.85,2024-01-28
INV100020,73,2024-01-02,2024-02-01,4891.56,2024-01-29
INV100021,80,2024-01-02,2024-03-02,33125.15,2024-03-07
INV100022,84,2024-01-02,2024-02-01,11783.68,2024-01-31
INV100023,102,2024-01-02,2024-02-01,29495.38,2024-02-04
INV100024,103,2024-01-02,2024-02-01,8452.28,2024-02-03
INV100025,106,2024-01-02,2024-02-01,5749.01,2024-01-22
INV100026,107,2024-01-02,2024-02-01,13089.43,2024-01-31
INV100027,125,2024-01-02,2024-03-02,2653.53,2024-02-28
INV100028,33,2024-01-03,2024-02-02,3108.86,2024-01-23
INV100029,35,2024-01-03,2024-02-02,3052.09,2024-01-29
INV100030,59,2024-01-03,2024-02-02,2939.57,2024-01-27
INV100031,82,2024-01-03,2024-02-02,24957.99,2024-04-05
INV100032,85,2024-01-03,2024-02-02,3351.37,2024-01-31
INV100033,97,2024-01-03,2024-02-02,4555.51,2024-03-05
INV100034,101,2024-01-03,2024-02-02,7271.59,2024-02-02
INV100035,110,2024-01-03,2024-02-02,7785.82,2024-02-04
INV100036,127,2024-01-03,2024-02-02,8569.31,2024-02-09
INV100037,134,2024-01-03,2024-02-02,5965.75,2024-01-31
INV100038,142,2024-01-03,2024-02-02,828.26,2024-02-01
INV100039,145,2024-01-03,2024-02-02,39259.25,2024-02-03
INV100040,3,2024-01-04,2024-02-03,3114.46,2024-02-17
INV100041,8,2024-01-04,2024-03-04,5495.02,2024-03-21
INV100042,23,2024-01-04,2024-02-03,8696.23,2024-02-11
INV100043,26,2024-01-04,2024-03-04,8382.95,2024-03-09
INV100044,38,2024-01-04,2024-02-03,8493.89,2024-02-01
INV100045,71,2024-01-04,2024-02-03,1003.79,2024-03-23
INV100046,89,2024-01-04,2024-02-03,8061.37,2024-01-30
INV100047,91,2024-01-04,2024-02-03,6267.65,2024-02-03
INV100048,103,2024-01-04,2024-02-03,6842.22,2024-02-19
INV100049,144,2024-01-04,2024-02-03,1230.79,2024-02-27
INV100050,148,2024-01-04,2024-03-04,3642.37,2024-03-13
INV100051,28,2024-01-05,2024-02-04,682.08,2024-02-12
INV100052,29,2024-01-05,2024-02-04,12101.31,2024-01-27
INV100053,53,2024-01-05,2024-03-05,8852.72,2024-03-14
INV100054,56,2024-01-05,2024-02-04,13115.76,2024-02-11
INV100055,62,2024-01-05,2024-03-05,5349.55,2024-03-23
INV100056,78,2024-01-05,2024-02-04,1248.66,2024-03-04
INV100057,88,2024-01-05,2024-02-04,11380.11,2024-02-05
INV100058,107,2024-01-05,2024-02-04,12648.52,2024-02-05
INV100059,119,2024-01-05,2024-03-05,6397.41,2024-03-21
INV100060,125,2024-01-05,2024-03-05,3482.72,2024-02-28
INV100061,138,2024-01-05,2024-02-04,4611.22,2024-02-03
INV100062,143,2024-01-05,2024-02-04,70303.28,2024-01-29
INV100063,12,2024-01-06,2024-02-05,1157.5,2024-01-30
INV100064,18,2024-01-06,2024-02-05,73229.36,2024-02-05
INV100065,19,2024-01-06,2024-02-05,5912.98,2024-02-29
INV100066,49,2024-01-06,2024-02-05,22022.29,2024-02-16
INV100067,52,2024-01-06,2024-02-05,2555.71,2024-02-17
INV100068,73,2024-01-06,2024-02-05,6883.24,2024-02-08
INV100069,17,2024-01-07,2024-02-06,23900.3,2024-02-18
INV100070,28,2024-01-07,2024-02-06,733.26,2024-02-28
INV100071,35,2024-01-07,2024-02-06,5204.84,2024-02-06
INV100072,38,2024-01-07,2024-02-06,7681.24,2024-02-04
INV100073,46,2024-01-07,2024-03-07,2936.53,2024-04-14
INV100074,63,2024-01-07,2024-02-06,4387.88,2024-01-30
INV100075,71,2024-01-07,2024-02-06,877.51,2024-02-17
INV100076,72,2024-01-07,2024-02-06,2253.05,2024-02-08
INV100077,76,2024-01-07,2024-02-06,13275.85,2024-02-18
INV100078,81,2024-01-07,2024-02-06,1934.79,2024-02-05
INV100079,105,2024-01-07,2024-02-06,2055.91,2024-02-17
INV100080,119,2024-01-07,2024-03-07,6306.87,2024-03-17
INV100081,131,2024-01-07,2024-02-06,6752.54,2024-04-17
INV100082,42,2024-01-08,2024-03-08,6815.88,2024-03-08
INV100083,93,2024-01-08,2024-02-07,5076.16,2024-03-07
INV100084,99,2024-01-08,2024-02-07,2533.74,2024-02-04
INV100085,129,2024-01-08,2024-02-07,21472.23,2024-02-12
INV100086,131,2024-01-08,2024-02-07,6016.97,2024-03-04
INV100087,132,2024-01-08,2024-02-07,1931.07,2024-02-07
INV100088,12,2024-01-09,2024-02-08,2495.22,2024-02-16
INV100089,15,2024-01-09,2024-03-09,4900.48,2024-03-13
INV100090,24,2024-01-09,2024-02-08,11448.86,2024-02-15
INV100091,54,2024-01-09,2024-03-09,3923.11,2024-03-25
INV100092,58,2024-01-09,2024-02-08,8393.78,2024-01-29
INV100093,59,2024-01-09,2024-02-08,2100.29,2024-02-11
INV100094,61,2024-01-09,2024-02-08,3169.54,2024-02-12
INV100095,76,2024-01-09,2024-02-08,8130.99,2024-02-17
INV100096,91,2024-01-09,2024-02-08,5694.77,2024-02-07
INV100097,114,2024-01-09,2024-02-08,4160.45,2024-03-06
INV100098,114,2024-01-09,2024-02-08,5206.56,2024-03-01
INV100099,136,2024-01-09,2024-02-08,1868.31,2024-03-06
INV100100,22,2024-01-10,2024-02-09,29595.13,2024-02-12
INV100101,47,2024-01-10,2024-02-09,13519.54,2024-02-07
INV100102,65,2024-01-10,2024-02-09,2069.12,2024-03-11
INV100103,69,2024-01-10,2024-02-09,41551.94,2024-03-09
INV100104,76,2024-01-10,2024-02-09,10667.61,2024-03-13
INV100105,103,2024-01-10,2024-02-09,4292.77,2024-03-13
INV100106,146,2024-01-10,2024-02-09,19855.11,2024-03-15
INV100107,6,2024-01-11,2024-02-10,26917.9,2024-04-09
INV100108,39,2024-01-11,2024-02-10,10851.3,2024-03-12
INV100109,42,2024-01-11,2024-03-11,2825.52,2024-03-24
INV100110,43,2024-01-11,2024-03-11,3219.25,2024-03-14
INV100111,59,2024-01-11,2024-02-10,1704.83,2024-02-18
INV100112,68,2024-01-11,2024-03-11,16958.42,2024-03-17
INV100113,102,2024-01-11,2024-02-10,30412.44,2024-02-16
INV100114,118,2024-01-11,2024-02-10,8019.75,2024-02-13
INV100115,121,2024-01-11,2024-02-10,19034.18,2024-02-15
INV100116,123,2024-01-11,2024-03-11,2898.1,2024-03-15
INV100117,130,2024-01-11,2024-02-10,6554.56,2024-02-16
INV100118,144,2024-01-11,2024-02-10,1348.91,2024-02-12
INV100119,146,2024-01-11,2024-02-10,20493.4,2024-03-01
INV100120,150,2024-01-11,2024-02-10,4492.86,2024-02-14
INV100121,40,2024-01-12,2024-03-12,1618.18,2024-03-09
INV100122,77,2024-01-12,2024-02-11,14054.86,2024-02-13
INV100123,108,2024-01-12,2024-02-11,6885.92,2024-02-17
INV100124,140,2024-01-12,2024-02-11,3602.31,
INV100125,2,2024-01-13,2024-02-12,10139.2,2024-02-15
INV100126,17,2024-01-13,2024-02-12,6622.55,2024-03-05
INV100127,17,2024-01-13,2024-02-12,11809.74,2024-02-03
INV100128,44,2024-01-13,2024-03-13,6579.26,2024-03-21
INV100129,53,2024-01-13,2024-03-13,6686.75,2024-03-16
INV100130,58,2024-01-13,2024-02-12,7981.39,2024-02-13
INV100131,63,2024-01-13,2024-02-12,7964.8,2024-02-08
INV100132,64,2024-01-13,2024-02-12,8475.18,2024-02-14
INV100133,108,2024-01-13,2024-02-12,7617.92,2024-02-10
INV100134,117,2024-01-13,2024-02-12,10323.81,2024-02-02
INV100135,132,2024-01-13,2024-02-12,2675.46,2024-02-06
INV100136,138,2024-01-13,2024-02-12,8720.64,2024-02-15
INV100137,10,2024-01-14,2024-03-14,7716.86,2024-04-05
INV100138,40,2024-01-14,2024-03-14,4128.17,2024-03-18
INV100139,51,2024-01-14,2024-02-13,1385.57,2024-02-08
INV100140,64,2024-01-14,2024-02-13,6084.63,2024-02-11
INV100141,72,2024-01-14,2024-02-13,3432.75,2024-02-07
INV100142,78,2024-01-14,2024-02-13,1660.67,2024-03-06
INV100143,97,2024-01-14,2024-02-13,7163.56,2024-03-05
INV100144,127,2024-01-14,2024-02-13,3515.87,2024-02-15
INV100145,135,2024-01-14,2024-02-13,30411.82,2024-03-14
INV100146,1,2024-01-15,2024-02-14,3645.74,2024-02-16
INV100147,27,2024-01-15,2024-02-14,3329.49,2024-02-19
INV100148,51,2024-01-15,2024-02-14,1825.57,2024-02-24
INV100149,57,2024-01-15,2024-03-15,7187.61,2024-03-18
INV100150,68,2024-01-15,2024-03-15,13968.48,2024-03-19
INV100151,79,2024-01-15,2024-03-15,6308.67,2024-03-18
INV100152,96,2024-01-15,2024-02-14,16284.75,2024-03-07
INV100153,99,2024-01-15,2024-02-14,1498.09,2024-02-11
INV100154,117,2024-01-15,2024-02-14,15785.57,2024-02-18
INV100155,140,2024-01-15,2024-02-14,3531.62,2024-02-08
INV100156,6,2024-01-16,2024-02-15,48097.94,2024-03-21
INV100157,7,2024-01-16,2024-02-15,10118.91,2024-02-08
INV100158,21,2024-01-16,2024-02-15,9222.33,2024-05-11
INV100159,28,2024-01-16,2024-02-15,1430.34,2024-03-08
INV100160,90,2024-01-16,2024-02-15,8785.61,2024-02-16
INV100161,105,2024-01-16,2024-02-15,6688.75,2024-03-20
INV100162,105,2024-01-16,2024-02-15,1413.43,2024-03-24
INV100163,117,2024-01-16,2024-02-15,8115.77,2024-02-18
INV100164,125,2024-01-16,2024-03-16,4901.02,2024-03-19
INV100165,128,2024-01-16,2024-02-15,2634.55,2024-02-20
INV100166,138,2024-01-16,2024-02-15,4881.93,2024-02-24
INV100167,143,2024-01-16,2024-02-15,87417.05,2024-02-12
INV100168,150,2024-01-16,2024-02-15,5447.99,2024-02-10
INV100169,1,2024-01-17,2024-02-16,3922.96,2024-02-19
INV100170,2,2024-01-17,2024-02-16,7784.49,2024-02-21
INV100171,10,2024-01-17,2024-03-17,10683.08,2024-04-10
INV100172,13,2024-01-17,2024-02-16,2327.4,2024-03-04
INV100173,21,2024-01-17,2024-02-16,22735.84,2024-04-03
INV100174,30,2024-01-17,2024-02-16,1939.96,2024-02-14
INV100175,33,2024-01-17,2024-02-16,3455.21,2024-02-27
INV100176,64,2024-01-17,2024-02-16,5437.25,2024-02-07
INV100177,83,2024-01-17,2024-02-16,6091.74,2024-03-22
INV100178,87,2024-01-17,2024-02-16,1944.73,2024-03-15
INV100179,90,2024-01-17,2024-02-16,6401.29,2024-02-10
INV100180,92,2024-01-17,2024-02-16,11651.4,2024-02-06
INV100181,107,2024-01-17,2024-02-16,8268.18,2024-02-24
INV100182,109,2024-01-17,2024-03-17,8436.96,2024-06-06
INV100183,127,2024-01-17,2024-02-16,8188.19,2024-02-15
INV100184,136,2024-01-17,2024-02-16,1937.13,2024-03-07
INV100185,146,2024-01-17,2024-02-16,24673.0,2024-03-17
INV100186,6,2024-01-18,2024-02-17,31130.45,2024-04-29
INV100187,21,2024-01-18,2024-02-17,9833.82,2024-04-21
INV100188,42,2024-01-18,2024-03-18,5360.32,2024-03-18
INV100189,51,2024-01-18,2024-02-17,2765.42,2024-02-17
INV100190,55,2024-01-18,2024-02-17,7343.6,2024-03-27
INV100191,70,2024-01-18,2024-02-17,8416.69,2024-02-17
INV100192,87,2024-01-18,2024-02-17,3023.53,2024-02-25
INV100193,128,2024-01-18,2024-02-17,5785.25,2024-02-10
INV100194,130,2024-01-18,2024-02-17,4168.64,2024-02-21
INV100195,143,2024-01-18,2024-02-17,105122.75,2024-02-14
INV100196,1,2024-01-19,2024-02-18,3147.4,2024-02-15
INV100197,14,2024-01-19,2024-02-18,4005.05,2024-02-15
INV100198,18,2024-01-19,2024-02-18,57920.22,2024-02-17
INV100199,20,2024-01-19,2024-03-19,20996.96,2024-04-01
INV100200,27,2024-01-19,2024-02-18,3147.33,2024-02-17
INV100201,39,2024-01-19,2024-02-18,6122.01,2024-03-06
INV100202,45,2024-01-19,2024-02-18,5909.18,2024-03-18
INV100203,75,2024-01-19,2024-02-18,4372.96,2024-02-22
INV100204,86,2024-01-19,2024-02-18,4957.13,2024-02-21
INV100205,90,2024-01-19,2024-02-18,11703.31,2024-02-13
INV100206,92,2024-01-19,2024-02-18,37396.72,2024-03-03
INV100207,121,2024-01-19,2024-02-18,22260.6,2024-02-11
INV100208,131,2024-01-19,2024-02-18,13012.0,2024-04-15
INV100209,7,2024-01-20,2024-02-19,13505.34,2024-02-19
INV100210,28,2024-01-20,2024-02-19,1380.17,2024-04-08
INV100211,32,2024-01-20,2024-02-19,3459.92,2024-02-16
INV100212,43,2024-01-20,2024-03-20,3319.36,2024-03-21
INV100213,43,2024-01-20,2024-03-20,4108.14,2024-03-22
INV100214,56,2024-01-20,2024-02-19,5882.13,2024-02-19
INV100215,63,2024-01-20,2024-02-19,9550.11,2024-03-02
INV100216,89,2024-01-20,2024-02-19,7972.77,2024-02-23
INV100217,92,2024-01-20,2024-02-19,8181.66,2024-03-12
INV100218,97,2024-01-20,2024-02-19,6327.8,2024-02-11
INV100219,107,2024-01-20,2024-02-19,13115.14,2024-02-21
INV100220,111,2024-01-20,2024-02-19,5334.83,2024-02-23
INV100221,118,2024-01-20,2024-02-19,3308.05,2024-02-27
INV100222,6,2024-01-21,2024-02-20,15738.78,
INV100223,20,2024-01-21,2024-03-21,13450.03,2024-03-19
INV100224,30,2024-01-21,2024-02-20,2502.55,2024-02-24
INV100225,34,2024-01-21,2024-02-20,4354.86,2024-03-12
INV100226,50,2024-01-21,2024-02-20,11069.55,2024-04-12
INV100227,54,2024-01-21,2024-03-21,8630.6,2024-03-18
INV100228,75,2024-01-21,2024-02-20,5760.51,2024-02-14
INV100229,109,2024-01-21,2024-03-21,11019.51,2024-05-10
INV100230,113,2024-01-21,2024-03-21,8552.74,2024-03-26
INV100231,149,2024-01-21,2024-02-20,14757.54,2024-02-21
INV100232,30,2024-01-22,2024-02-21,4667.8,2024-02-22
INV100233,33,2024-01-22,2024-02-21,3719.82,2024-02-18
INV100234,39,2024-01-22,2024-02-21,6774.93,2024-03-22
INV100235,58,2024-01-22,2024-02-21,9840.08,2024-02-14
INV100236,84,2024-01-22,2024-02-21,14621.63,2024-02-15
INV100237,87,2024-01-22,2024-02-21,1343.48,2024-03-07
INV100238,10,2024-01-23,2024-03-23,15212.03,2024-04-26
INV100239,11,2024-01-23,2024-02-22,1527.68,2024-02-26
INV100240,108,2024-01-23,2024-02-22,12593.99,2024-03-03
INV100241,121,2024-01-23,2024-02-22,9836.66,2024-02-24
INV100242,149,2024-01-23,2024-02-22,13046.34,2024-03-16
INV100243,9,2024-01-24,2024-02-23,8155.29,2024-03-26
INV100244,75,2024-01-24,2024-02-23,2246.87,2024-02-29
INV100245,78,2024-01-24,2024-02-23,920.43,2024-03-23
INV100246,88,2024-01-24,2024-02-23,6244.28,2024-02-14
INV100247,109,2024-01-24,2024-03-24,8857.85,2024-05-22
INV100248,140,2024-01-24,2024-02-23,3042.75,2024-03-03
INV100249,148,2024-01-24,2024-03-24,4397.54,2024-03-27
INV100250,12,2024-01-25,2024-02-24,4034.76,2024-02-19
INV100251,32,2024-01-25,2024-02-24,7679.71,2024-03-03
INV100252,48,2024-01-25,2024-03-25,18635.91,2024-03-31
INV100253,49,2024-01-25,2024-02-24,8653.79,2024-02-21
INV100254,55,2024-01-25,2024-02-24,4869.95,2024-04-03
INV100255,69,2024-01-25,2024-02-24,47324.93,2024-02-14
INV100256,77,2024-01-25,2024-02-24,21618.57,2024-02-23
INV100257,93,2024-01-25,2024-02-24,4613.99,2024-03-04
INV100258,109,2024-01-25,2024-03-25,16569.71,2024-03-27
INV100259,116,2024-01-25,2024-02-24,13148.13,2024-02-22
INV100260,133,2024-01-25,2024-02-24,1215.28,2024-03-07
INV100261,2,2024-01-26,2024-02-25,10593.66,2024-02-25
INV100262,3,2024-01-26,2024-02-25,10133.66,2024-03-21
INV100263,8,2024-01-26,2024-03-26,3583.78,2024-03-21
INV100264,26,2024-01-26,2024-03-26,18372.3,2024-03-20
INV100265,29,2024-01-26,2024-02-25,6255.93,2024-03-10
INV100266,76,2024-01-26,2024-02-25,9675.9,2024-03-26
INV100267,77,2024-01-26,2024-02-25,19554.27,2024-03-06
INV100268,78,2024-01-26,2024-02-25,1123.02,2024-03-28
INV100269,93,2024-01-26,2024-02-25,4202.16,2024-03-28
INV100270,104,2024-01-26,2024-02-25,10821.51,2024-03-17
INV100271,111,2024-01-26,2024-02-25,8810.92,2024-02-21
INV100272,112,2024-01-26,2024-03-26,4601.72,2024-04-01
INV100273,140,2024-01-26,2024-02-25,2902.04,2024-03-30
INV100274,145,2024-01-26,2024-02-25,50474.87,2024-03-11
INV100275,4,2024-01-27,2024-03-27,1430.03,2024-04-09
INV100276,9,2024-01-27,2024-02-26,5495.63,2024-03-20
INV100277,14,2024-01-27,2024-02-26,8823.66,2024-02-28
INV100278,63,2024-01-27,2024-02-26,6377.84,2024-03-01
INV100279,81,2024-01-27,2024-02-26,2045.23,2024-02-24
INV100280,92,2024-01-27,2024-02-26,19436.77,2024-03-13
INV100281,108,2024-01-27,2024-02-26,5654.76,2024-03-07
INV100282,109,2024-01-27,2024-03-27,6750.61,
INV100283,29,2024-01-28,2024-02-27,4912.98,2024-03-04
INV100284,31,2024-01-28,2024-02-27,2243.1,2024-02-26
INV100285,36,2024-01-28,2024-02-27,9083.54,2024-02-27
INV100286,50,2024-01-28,2024-02-27,10879.5,2024-04-10
INV100287,70,2024-01-28,2024-02-27,5064.56,2024-03-04
INV100288,75,2024-01-28,2024-02-27,3561.73,2024-03-02
INV100289,89,2024-01-28,2024-02-27,9751.97,2024-02-29
INV100290,97,2024-01-28,2024-02-27,4339.75,2024-03-19
INV100291,103,2024-01-28,2024-02-27,6651.19,
INV100292,122,2024-01-28,2024-02-27,3615.58,2024-03-04
INV100293,129,2024-01-28,2024-02-27,14316.92,2024-02-28
INV100294,59,2024-02-01,2024-03-02,2301.14,2024-03-12
INV100295,66,2024-02-01,2024-03-02,6890.96,2024-03-03
INV100296,93,2024-02-01,2024-03-02,3874.73,2024-04-12
INV100297,103,2024-02-01,2024-03-02,5838.3,2024-03-09
INV100298,108,2024-02-01,2024-03-02,6091.62,2024-03-03
INV100299,130,2024-02-01,2024-03-02,4440.1,2024-03-04
INV100300,132,2024-02-01,2024-03-02,3431.6,2024-02-29
INV100301,133,2024-02-01,2024-03-02,1896.4,2024-03-01
INV100302,10,2024-02-02,2024-04-02,8413.88,2024-04-26
INV100303,64,2024-02-02,2024-03-03,12591.95,2024-02-28
INV100304,75,2024-02-02,2024-03-03,3389.11,2024-02-26
INV100305,80,2024-02-02,2024-04-02,9790.08,2024-04-07
INV100306,121,2024-02-02,2024-03-03,10071.23,2024-03-03
INV100307,142,2024-02-02,2024-03-03,946.22,2024-03-12
INV100308,148,2024-02-02,2024-04-02,5946.2,2024-03-30
INV100309,15,2024-02-03,2024-04-03,5515.79,2024-04-07
INV100310,17,2024-02-03,2024-03-04,27216.58,2024-03-19
INV100311,27,2024-02-03,2024-03-04,7196.32,2024-03-04
INV100312,48,2024-02-03,2024-04-03,26209.91,2024-04-10
INV100313,81,2024-02-03,2024-03-04,1717.74,2024-03-12
INV100314,92,2024-02-03,2024-03-04,11339.48,2024-03-13
INV100315,100,2024-02-03,2024-03-04,3607.32,2024-03-23
INV100316,134,2024-02-03,2024-03-04,8750.85,2024-03-05
INV100317,136,2024-02-03,2024-03-04,1465.9,2024-04-07
INV100318,142,2024-02-03,2024-03-04,520.72,2024-03-04
INV100319,147,2024-02-03,2024-03-04,6279.44,2024-03-27
INV100320,18,2024-02-04,2024-03-05,20431.86,2024-03-02
INV100321,30,2024-02-04,2024-03-05,4167.75,2024-02-24
INV100322,51,2024-02-04,2024-03-05,2154.76,2024-03-12
INV100323,60,2024-02-04,2024-03-05,9255.56,2024-03-11
INV100324,74,2024-02-04,2024-04-04,11321.07,2024-03-28
INV100325,80,2024-02-04,2024-04-04,21254.03,2024-04-03
INV100326,150,2024-02-04,2024-03-05,3857.45,2024-03-10
INV100327,18,2024-02-05,2024-03-06,16771.92,2024-03-07
INV100328,35,2024-02-05,2024-03-06,2508.92,2024-03-04
INV100329,35,2024-02-05,2024-03-06,3454.17,2024-03-02
INV100330,40,2024-02-05,2024-04-05,3768.88,2024-04-04
INV100331,55,2024-02-05,2024-03-06,5011.82,2024-04-08
INV100332,79,2024-02-05,2024-04-05,4114.72,2024-04-03
INV100333,132,2024-02-05,2024-03-06,2950.92,2024-03-07
INV100334,138,2024-02-05,2024-03-06,8266.7,2024-03-01
INV100335,8,2024-02-06,2024-04-06,1815.66,2024-03-31
INV100336,15,2024-02-06,2024-04-06,4801.76,2024-04-12
INV100337,19,2024-02-06,2024-03-07,8459.6,2024-03-26
INV100338,24,2024-02-06,2024-03-07,9324.09,2024-03-10
INV100339,25,2024-02-06,2024-03-07,3044.51,2024-03-11
INV100340,32,2024-02-06,2024-03-07,10874.51,2024-03-05
INV100341,36,2024-02-06,2024-03-07,11630.62,2024-02-28
INV100342,45,2024-02-06,2024-03-07,2697.21,2024-04-14
INV100343,50,2024-02-06,2024-03-07,13744.99,2024-02-26
INV100344,75,2024-02-06,2024-03-07,3128.46,2024-03-15
INV100345,87,2024-02-06,2024-03-07,677.79,2024-03-21
INV100346,97,2024-02-06,2024-03-07,6897.29,2024-03-29
INV100347,104,2024-02-06,2024-03-07,12071.99,2024-02-29
INV100348,17,2024-02-07,2024-03-08,6716.62,2024-03-09
INV100349,26,2024-02-07,2024-04-07,8034.14,2024-04-13
INV100350,29,2024-02-07,2024-03-08,2921.09,2024-03-03
INV100351,34,2024-02-07,2024-03-08,9346.71,2024-03-26
INV100352,40,2024-02-07,2024-04-07,4677.06,2024-04-10
INV100353,41,2024-02-07,2024-03-08,18790.54,2024-03-08
INV100354,44,2024-02-07,2024-04-07,8525.98,2024-04-09
INV100355,52,2024-02-07,2024-03-08,6405.22,2024-04-07
INV100356,124,2024-02-07,2024-04-07,3084.92,2024-04-10
INV100357,130,2024-02-07,2024-03-08,5411.76,2024-03-08
INV100358,133,2024-02-07,2024-03-08,1295.24,2024-03-06
INV100359,19,2024-02-08,2024-03-09,5898.62,2024-03-11
INV100360,21,2024-02-08,2024-03-09,6744.3,2024-05-09
INV100361,34,2024-02-08,2024-03-09,7000.37,2024-04-07
INV100362,38,2024-02-08,2024-03-09,9947.1,2024-03-14
INV100363,54,2024-02-08,2024-04-08,9050.43,2024-04-15
INV100364,61,2024-02-08,2024-03-09,3601.79,2024-03-13
INV100365,71,2024-02-08,2024-03-09,895.73,2024-04-06
INV100366,97,2024-02-08,2024-03-09,7431.63,2024-03-11
INV100367,145,2024-02-08,2024-03-09,53931.25,2024-04-07
INV100368,13,2024-02-09,2024-03-10,2315.39,2024-04-02
INV100369,14,2024-02-09,2024-03-10,2750.37,2024-03-15
INV100370,23,2024-02-09,2024-03-10,6594.68,2024-03-08
INV100371,24,2024-02-09,2024-03-10,6860.85,2024-03-13
INV100372,47,2024-02-09,2024-03-10,24530.2,2024-03-14
INV100373,121,2024-02-09,2024-03-10,21412.18,2024-03-10
INV100374,139,2024-02-09,2024-03-10,10750.19,2024-04-06
INV100375,144,2024-02-09,2024-03-10,1201.03,2024-03-28
INV100376,12,2024-02-10,2024-03-11,5043.62,2024-03-11
INV100377,19,2024-02-10,2024-03-11,11758.87,2024-03-31
INV100378,35,2024-02-10,2024-03-11,5771.62,2024-03-20
INV100379,40,2024-02-10,2024-04-10,3351.92,2024-04-06
INV100380,44,2024-02-10,2024-04-10,7909.04,2024-04-21
INV100381,64,2024-02-10,2024-03-11,3919.12,2024-03-13
INV100382,64,2024-02-10,2024-03-11,5682.18,2024-03-10
INV100383,64,2024-02-10,2024-03-11,7530.13,2024-03-11
INV100384,67,2024-02-10,2024-03-11,5786.43,2024-03-11
INV100385,73,2024-02-10,2024-03-11,8972.58,2024-03-12
INV100386,92,2024-02-10,2024-03-11,9566.4,2024-03-20
INV100387,110,2024-02-10,2024-03-11,4287.32,2024-03-24
INV100388,125,2024-02-10,2024-04-10,2083.72,2024-04-08
INV100389,11,2024-02-11,2024-03-12,741.02,2024-03-12
INV100390,25,2024-02-11,2024-03-12,2730.32,2024-03-08
INV100391,30,2024-02-11,2024-03-12,3795.59,2024-03-06
INV100392,42,2024-02-11,2024-04-11,5710.25,2024-04-14
INV100393,42,2024-02-11,2024-04-11,3044.38,2024-04-13
INV100394,43,2024-02-11,2024-04-11,2559.37,2024-04-20
INV100395,53,2024-02-11,2024-04-11,9902.92,2024-04-11
INV100396,63,2024-02-11,2024-03-12,4688.29,2024-03-15
INV100397,66,2024-02-11,2024-03-12,7226.67,2024-03-19
INV100398,78,2024-02-11,2024-03-12,459.2,2024-03-10
INV100399,80,2024-02-11,2024-04-11,12487.15,2024-04-13
INV100400,84,2024-02-11,2024-03-12,21884.26,2024-03-14
INV100401,89,2024-02-11,2024-03-12,13344.15,2024-03-11
INV100402,101,2024-02-11,2024-03-12,4120.98,2024-03-06
INV100403,108,2024-02-11,2024-03-12,5220.83,2024-03-24
INV100404,109,2024-02-11,2024-04-11,22280.38,2024-06-15
INV100405,118,2024-02-11,2024-03-12,6331.7,2024-03-05
INV100406,121,2024-02-11,2024-03-12,29998.26,2024-03-19
INV100407,131,2024-02-11,2024-03-12,7123.74,2024-04-05
INV100408,135,2024-02-11,2024-03-12,17245.05,2024-05-13
INV100409,9,2024-02-12,2024-03-13,5755.19,2024-05-04
INV100410,14,2024-02-12,2024-03-13,5880.57,2024-03-14
INV100411,29,2024-02-12,2024-03-13,3596.97,2024-04-02
INV100412,37,2024-02-12,2024-03-13,5342.76,2024-04-13
INV100413,40,2024-02-12,2024-04-12,1718.35,2024-04-19
INV100414,58,2024-02-12,2024-03-13,12977.51,2024-03-13
INV100415,83,2024-02-12,2024-03-13,6988.2,2024-04-16
INV100416,92,2024-02-12,2024-03-13,10865.5,2024-04-05
INV100417,53,2024-02-13,2024-04-13,17356.97,2024-04-13
INV100418,136,2024-02-13,2024-03-14,2531.58,2024-04-27
INV100419,14,2024-02-14,2024-03-15,3388.49,2024-03-18
INV100420,22,2024-02-14,2024-03-15,21774.17,2024-03-23
INV100421,41,2024-02-14,2024-03-15,31814.83,2024-03-19
INV100422,49,2024-02-14,2024-03-15,4265.7,2024-03-17
INV100423,56,2024-02-14,2024-03-15,7435.55,2024-03-07
INV100424,57,2024-02-14,2024-04-14,5280.76,2024-04-20
INV100425,62,2024-02-14,2024-04-14,15453.37,2024-05-19
INV100426,75,2024-02-14,2024-03-15,3574.85,2024-03-21
INV100427,87,2024-02-14,2024-03-15,1722.56,2024-03-30
INV100428,118,2024-02-14,2024-03-15,7349.79,2024-03-17
INV100429,118,2024-02-14,2024-03-15,6818.19,2024-03-17
INV100430,131,2024-02-14,2024-03-15,3226.66,2024-05-05
INV100431,148,2024-02-14,2024-04-14,6327.99,2024-04-18
INV100432,18,2024-02-15,2024-03-16,44635.29,2024-03-16
INV100433,37,2024-02-15,2024-03-16,7064.82,2024-03-24
INV100434,41,2024-02-15,2024-03-16,19142.99,2024-03-23
INV100435,58,2024-02-15,2024-03-16,14536.05,2024-03-20
INV100436,62,2024-02-15,2024-04-15,12466.6,2024-04-23
INV100437,62,2024-02-15,2024-04-15,13920.19,2024-04-26
INV100438,85,2024-02-15,2024-03-16,2851.84,2024-03-17
INV100439,86,2024-02-15,2024-03-16,9555.39,2024-03-07
INV100440,129,2024-02-15,2024-03-16,11041.28,2024-03-14
INV100441,131,2024-02-15,2024-03-16,4313.66,2024-04-27
INV100442,136,2024-02-15,2024-03-16,2061.13,2024-05-13
INV100443,20,2024-02-16,2024-04-16,10123.26,2024-04-13
INV100444,37,2024-02-16,2024-03-17,6517.92,2024-04-04
INV100445,39,2024-02-16,2024-03-17,3130.45,2024-04-14
INV100446,42,2024-02-16,2024-04-16,2578.8,2024-04-18
INV100447,51,2024-02-16,2024-03-17,2445.01,2024-03-12
INV100448,54,2024-02-16,2024-04-16,2478.36,2024-04-21
INV100449,69,2024-02-16,2024-03-17,18225.31,2024-03-27
INV100450,79,2024-02-16,2024-04-16,4534.59,2024-04-18
INV100451,132,2024-02-16,2024-03-17,3509.84,2024-03-15
INV100452,133,2024-02-16,2024-03-17,1877.09,2024-03-14
INV100453,28,2024-02-17,2024-03-18,794.31,2024-04-09
INV100454,35,2024-02-17,2024-03-18,2488.82,2024-03-22
INV100455,50,2024-02-17,2024-03-18,11221.88,2024-06-07
INV100456,63,2024-02-17,2024-03-18,9924.38,2024-03-30
INV100457,66,2024-02-17,2024-03-18,4627.4,2024-03-17
INV100458,90,2024-02-17,2024-03-18,17560.62,2024-03-20
INV100459,101,2024-02-17,2024-03-18,3859.21,2024-03-23
INV100460,134,2024-02-17,2024-03-18,4578.07,2024-03-30
INV100461,140,2024-02-17,2024-03-18,5391.14,2024-04-02
INV100462,145,2024-02-17,2024-03-18,43167.47,2024-03-28
INV100463,11,2024-02-18,2024-03-19,1910.24,2024-03-15
INV100464,17,2024-02-18,2024-03-19,6638.91,2024-03-28
INV100465,30,2024-02-18,2024-03-19,6706.82,2024-03-18
INV100466,56,2024-02-18,2024-03-19,5822.81,2024-03-22
INV100467,61,2024-02-18,2024-03-19,2614.56,2024-03-24
INV100468,76,2024-02-18,2024-03-19,11472.53,2024-04-11
INV100469,82,2024-02-18,2024-03-19,13817.2,
INV100470,89,2024-02-18,2024-03-19,9680.22,2024-03-19
INV100471,89,2024-02-18,2024-03-19,8677.66,2024-03-21
INV100472,96,2024-02-18,2024-03-19,36444.07,2024-03-31
INV100473,101,2024-02-18,2024-03-19,6406.06,2024-03-25
INV100474,147,2024-02-18,2024-03-19,8206.1,2024-03-18
INV100475,3,2024-02-19,2024-03-20,3520.62,2024-04-23
INV100476,33,2024-02-19,2024-03-20,4244.85,2024-03-18
INV100477,36,2024-02-19,2024-03-20,9377.91,2024-03-28
INV100478,59,2024-02-19,2024-03-20,3341.83,2024-03-21
INV100479,67,2024-02-19,2024-03-20,4170.27,2024-03-12
INV100480,71,2024-02-19,2024-03-20,462.6,2024-04-04
INV100481,74,2024-02-19,2024-04-19,8518.9,2024-04-20
INV100482,95,2024-02-19,2024-04-19,7515.79,2024-04-28
INV100483,100,2024-02-19,2024-03-20,2271.69,2024-03-31
INV100484,111,2024-02-19,2024-03-20,11203.84,2024-03-18
INV100485,114,2024-02-19,2024-03-20,6145.0,2024-04-05
INV100486,114,2024-02-19,2024-03-20,8075.46,2024-03-27
INV100487,123,2024-02-19,2024-04-19,2099.33,2024-04-12
INV100488,142,2024-02-19,2024-03-20,480.28,2024-03-20
INV100489,7,2024-02-20,2024-03-21,3203.06,2024-03-22
INV100490,9,2024-02-20,2024-03-21,4937.25,2024-05-29
INV100491,12,2024-02-20,2024-03-21,3149.72,2024-03-24
INV100492,13,2024-02-20,2024-03-21,4210.82,2024-03-29
INV100493,34,2024-02-20,2024-03-21,4549.96,2024-04-13
INV100494,34,2024-02-20,2024-03-21,6503.24,2024-04-12
INV100495,39,2024-02-20,2024-03-21,12598.79,2024-04-13
INV100496,41,2024-02-20,2024-03-21,27769.75,2024-03-20
INV100497,58,2024-02-20,2024-03-21,7874.44,2024-03-21
INV100498,63,2024-02-20,2024-03-21,3478.58,2024-03-21
INV100499,67,2024-02-20,2024-03-21,4547.24,2024-03-17
INV100500,84,2024-02-20,2024-03-21,11209.06,2024-03-21
INV100501,112,2024-02-20,2024-04-20,5677.07,2024-04-18
INV100502,121,2024-02-20,2024-03-21,21596.58,2024-03-24
INV100503,122,2024-02-20,2024-03-21,1686.65,2024-03-28
INV100504,125,2024-02-20,2024-04-20,2985.81,2024-04-28
INV100505,127,2024-02-20,2024-03-21,4815.21,2024-03-13
INV100506,136,2024-02-20,2024-03-21,3252.51,
INV100507,6,2024-02-21,2024-03-22,37472.36,2024-04-20
INV100508,15,2024-02-21,2024-04-21,6467.7,2024-04-17
INV100509,30,2024-02-21,2024-03-22,2796.72,2024-03-26
INV100510,43,2024-02-21,2024-04-21,4033.45,2024-04-27
INV100511,45,2024-02-21,2024-03-22,3862.52,2024-04-30
INV100512,53,2024-02-21,2024-04-21,14732.89,2024-04-16
INV100513,84,2024-02-21,2024-03-22,14437.72,2024-03-31
INV100514,89,2024-02-21,2024-03-22,6986.93,2024-03-20
INV100515,117,2024-02-21,2024-03-22,16240.9,2024-03-19
INV100516,148,2024-02-21,2024-04-21,6268.02,2024-04-24
INV100517,6,2024-02-22,2024-03-23,23191.31,2024-05-04
INV100518,13,2024-02-22,2024-03-23,3501.72,2024-03-13
INV100519,30,2024-02-22,2024-03-23,4100.01,2024-03-27
INV100520,34,2024-02-22,2024-03-23,6454.85,2024-04-03
INV100521,35,2024-02-22,2024-03-23,2710.78,2024-03-29
INV100522,41,2024-02-22,2024-03-23,45246.08,2024-03-28
INV100523,81,2024-02-22,2024-03-23,1154.66,2024-03-20
INV100524,88,2024-02-22,2024-03-23,4005.41,2024-03-24
INV100525,97,2024-02-22,2024-03-23,8639.3,2024-04-19
INV100526,106,2024-02-22,2024-03-23,7608.28,2024-03-30
INV100527,122,2024-02-22,2024-03-23,1523.69,2024-03-23
INV100528,129,2024-02-22,2024-03-23,9085.74,2024-03-25
INV100529,1,2024-02-23,2024-03-24,3804.62,2024-03-27
INV100530,7,2024-02-23,2024-03-24,10275.74,2024-03-27
INV100531,39,2024-02-23,2024-03-24,6449.79,2024-05-23
INV100532,39,2024-02-23,2024-03-24,4164.03,2024-05-17
INV100533,49,2024-02-23,2024-03-24,14439.68,2024-03-30
INV100534,84,2024-02-23,2024-03-24,9099.49,2024-03-27
INV100535,84,2024-02-23,2024-03-24,8347.05,2024-03-24
INV100536,88,2024-02-23,2024-03-24,7579.45,2024-03-20
INV100537,91,2024-02-23,2024-03-24,9932.45,2024-03-20
INV100538,105,2024-02-23,2024-03-24,1122.73,2024-04-08
INV100539,109,2024-02-23,2024-04-23,11039.09,2024-05-18
INV100540,111,2024-02-23,2024-03-24,10938.02,2024-03-21
INV100541,138,2024-02-23,2024-03-24,13275.05,2024-03-25
INV100542,17,2024-02-24,2024-03-25,22916.6,2024-04-05
INV100543,33,2024-02-24,2024-03-25,8954.14,2024-03-29
INV100544,57,2024-02-24,2024-04-24,7005.33,2024-04-21
INV100545,69,2024-02-24,2024-03-25,26629.18,2024-04-13
INV100546,86,2024-02-24,2024-03-25,5193.73,2024-03-15
INV100547,96,2024-02-24,2024-03-25,17477.81,2024-04-12
INV100548,101,2024-02-24,2024-03-25,21967.69,2024-03-29
INV100549,108,2024-02-24,2024-03-25,5107.74,2024-04-04
INV100550,115,2024-02-24,2024-03-25,1338.62,2024-04-14
INV100551,2,2024-02-25,2024-03-26,12659.45,2024-04-02
INV100552,33,2024-02-25,2024-03-26,5237.91,2024-03-23
INV100553,39,2024-02-25,2024-03-26,2766.03,2024-04-25
INV100554,60,2024-02-25,2024-03-26,4967.73,2024-03-26
INV100555,74,2024-02-25,2024-04-25,16347.89,2024-05-04
INV100556,88,2024-02-25,2024-03-26,9576.47,2024-03-25
INV100557,105,2024-02-25,2024-03-26,2726.42,2024-04-20
INV100558,114,2024-02-25,2024-03-26,4090.01,2024-04-12
INV100559,119,2024-02-25,2024-04-25,7443.64,2024-05-07
INV100560,127,2024-02-25,2024-03-26,3342.81,2024-04-06
INV100561,135,2024-02-25,2024-03-26,17285.61,2024-05-24
INV100562,11,2024-02-26,2024-03-27,1514.74,2024-03-20
INV100563,20,2024-02-26,2024-04-26,12764.46,2024-04-26
INV100564,32,2024-02-26,2024-03-27,6059.32,2024-03-26
INV100565,42,2024-02-26,2024-04-26,4986.89,2024-04-29
INV100566,61,2024-02-26,2024-03-27,1775.18,2024-04-05
INV100567,69,2024-02-26,2024-03-27,16249.57,2024-04-29
INV100568,71,2024-02-26,2024-03-27,1426.41,2024-04-11
INV100569,84,2024-02-26,2024-03-27,15384.17,2024-03-26
INV100570,97,2024-02-26,2024-03-27,5727.14,2024-05-10
INV100571,106,2024-02-26,2024-03-27,4533.67,2024-03-26
INV100572,133,2024-02-26,2024-03-27,1465.66,2024-03-31
INV100573,6,2024-02-27,2024-03-28,28779.29,2024-04-24
INV100574,11,2024-02-27,2024-03-28,1367.4,2024-03-25
INV100575,17,2024-02-27,2024-03-28,8157.95,2024-03-31
INV100576,26,2024-02-27,2024-04-27,12475.48,2024-04-28
INV100577,49,2024-02-27,2024-03-28,6422.49,2024-03-31
INV100578,63,2024-02-27,2024-03-28,2650.92,2024-03-19
INV100579,73,2024-02-27,2024-03-28,14650.8,2024-03-27
INV100580,82,2024-02-27,2024-03-28,17617.93,2024-05-09
INV100581,99,2024-02-27,2024-03-28,3518.86,2024-03-28
INV100582,116,2024-02-27,2024-03-28,5961.42,2024-03-26
INV100583,127,2024-02-27,2024-03-28,4176.33,2024-04-04
INV100584,3,2024-02-28,2024-03-29,10087.81,2024-04-16
INV100585,18,2024-02-28,2024-03-29,89704.56,2024-04-08
INV100586,20,2024-02-28,2024-04-28,22062.56,2024-05-04
INV100587,21,2024-02-28,2024-03-29,10342.81,2024-05-30
INV100588,25,2024-02-28,2024-03-29,2703.3,2024-04-01
INV100589,66,2024-02-28,2024-03-29,4406.92,2024-03-29
INV100590,76,2024-02-28,2024-03-29,13563.11,2024-04-04
INV100591,77,2024-02-28,2024-03-29,7790.84,2024-03-26
INV100592,80,2024-02-28,2024-04-28,17705.34,2024-04-30
INV100593,94,2024-02-28,2024-03-29,2840.87,2024-03-29
INV100594,98,2024-02-28,2024-03-29,1039.79,2024-06-04
INV100595,98,2024-02-28,2024-03-29,1616.68,2024-04-30
INV100596,17,2024-03-01,2024-03-31,20500.12,2024-04-23
INV100597,18,2024-03-01,2024-03-31,67780.77,2024-04-01
INV100598,38,2024-03-01,2024-03-31,15806.93,2024-04-17
INV100599,38,2024-03-01,2024-03-31,14412.58,2024-03-30
INV100600,54,2024-03-01,2024-04-30,13067.73,2024-05-17
INV100601,63,2024-03-01,2024-03-31,3369.9,2024-04-03
INV100602,117,2024-03-01,2024-03-31,8244.73,2024-03-26
INV100603,123,2024-03-01,2024-04-30,3402.88,2024-04-28
INV100604,134,2024-03-01,2024-03-31,5371.7,2024-03-30
INV100605,36,2024-03-02,2024-04-01,11956.16,2024-04-06
INV100606,40,2024-03-02,2024-05-01,1572.63,2024-04-30
INV100607,43,2024-03-02,2024-05-01,1911.41,2024-04-28
INV100608,55,2024-03-02,2024-04-01,8037.25,2024-05-11
INV100609,73,2024-03-02,2024-04-01,9876.15,2024-03-23
INV100610,73,2024-03-02,2024-04-01,9827.55,2024-04-02
INV100611,92,2024-03-02,2024-04-01,11497.76,2024-04-05
INV100612,104,2024-03-02,2024-04-01,28345.99,2024-04-29
INV100613,112,2024-03-02,2024-05-01,2367.74,2024-05-03
INV100614,132,2024-03-02,2024-04-01,4709.92,2024-04-03
INV100615,136,2024-03-02,2024-04-01,4056.13,2024-06-01
INV100616,144,2024-03-02,2024-04-01,2651.32,2024-04-27
INV100617,148,2024-03-02,2024-05-01,9047.18,2024-05-04
INV100618,19,2024-03-03,2024-04-02,13108.29,2024-05-02
INV100619,23,2024-03-03,2024-04-02,9543.33,2024-04-02
INV100620,24,2024-03-03,2024-04-02,6045.75,2024-03-27
INV100621,53,2024-03-03,2024-05-02,15134.17,2024-04-28
INV100622,64,2024-03-03,2024-04-02,4163.48,2024-03-31
INV100623,84,2024-03-03,2024-04-02,15420.66,2024-04-04
INV100624,96,2024-03-03,2024-04-02,18896.23,2024-04-18
INV100625,107,2024-03-03,2024-04-02,19618.44,2024-04-03
INV100626,123,2024-03-03,2024-05-02,4293.78,2024-05-03
INV100627,34,2024-03-04,2024-04-03,10246.29,2024-04-28
INV100628,45,2024-03-04,2024-04-03,3990.05,2024-05-18
INV100629,47,2024-03-04,2024-04-03,22219.71,2024-04-03
INV100630,74,2024-03-04,2024-05-03,14670.62,2024-05-05
INV100631,83,2024-03-04,2024-04-03,4146.82,2024-04-16
INV100632,86,2024-03-04,2024-04-03,9191.62,2024-04-03
INV100633,94,2024-03-04,2024-04-03,3497.06,2024-04-09
INV100634,102,2024-03-04,2024-04-03,27498.11,2024-03-30
INV100635,117,2024-03-04,2024-04-03,6568.23,2024-04-18
INV100636,124,2024-03-04,2024-05-03,3249.88,2024-05-20
INV100637,127,2024-03-04,2024-04-03,3852.12,2024-03-30
INV100638,130,2024-03-04,2024-04-03,4018.11,2024-04-12
INV100639,148,2024-03-04,2024-05-03,12116.59,2024-04-28
INV100640,8,2024-03-05,2024-05-04,2255.96,2024-04-26
INV100641,23,2024-03-05,2024-04-04,9403.62,2024-04-01
INV100642,43,2024-03-05,2024-05-04,3474.88,2024-04-28
INV100643,45,2024-03-05,2024-04-04,4369.61,2024-06-03
INV100644,76,2024-03-05,2024-04-04,10683.43,2024-04-27
INV100645,89,2024-03-05,2024-04-04,9330.88,2024-04-04
INV100646,108,2024-03-05,2024-04-04,6652.79,2024-04-08
INV100647,114,2024-03-05,2024-04-04,3322.86,2024-04-27
INV100648,118,2024-03-05,2024-04-04,3094.22,2024-04-03
INV100649,122,2024-03-05,2024-04-04,2306.98,2024-03-30
INV100650,140,2024-03-05,2024-04-04,8766.63,2024-05-05
INV100651,19,2024-03-06,2024-04-05,21698.61,2024-05-13
INV100652,20,2024-03-06,2024-05-05,12086.91,2024-05-09
INV100653,47,2024-03-06,2024-04-05,27118.43,2024-04-06
INV100654,47,2024-03-06,2024-04-05,26688.93,2024-04-11
INV100655,64,2024-03-06,2024-04-05,8203.47,2024-04-10
INV100656,65,2024-03-06,2024-04-05,1965.06,2024-04-20
INV100657,66,2024-03-06,2024-04-05,1691.05,2024-04-01
INV100658,76,2024-03-06,2024-04-05,8171.25,2024-04-16
INV100659,89,2024-03-06,2024-04-05,4739.21,2024-04-04
INV100660,103,2024-03-06,2024-04-05,6564.58,2024-05-08
INV100661,108,2024-03-06,2024-04-05,6294.93,2024-04-09
INV100662,120,2024-03-06,2024-05-05,4180.79,2024-04-30
INV100663,121,2024-03-06,2024-04-05,15013.29,2024-04-04
INV100664,134,2024-03-06,2024-04-05,6948.65,2024-04-05
INV100665,135,2024-03-06,2024-04-05,14250.66,2024-04-23
INV100666,138,2024-03-06,2024-04-05,8079.64,2024-04-03
INV100667,143,2024-03-06,2024-04-05,79132.59,2024-04-11
INV100668,143,2024-03-06,2024-04-05,64020.86,2024-03-30
INV100669,4,2024-03-07,2024-05-06,4654.13,2024-05-11
INV100670,49,2024-03-07,2024-04-06,15331.7,2024-03-28
INV100671,63,2024-03-07,2024-04-06,3430.72,2024-04-11
INV100672,63,2024-03-07,2024-04-06,7330.57,2024-04-17
INV100673,97,2024-03-07,2024-04-06,4112.78,2024-04-04
INV100674,99,2024-03-07,2024-04-06,1934.49,2024-04-10
INV100675,99,2024-03-07,2024-04-06,3626.63,2024-04-04
INV100676,111,2024-03-07,2024-04-06,8447.23,2024-04-12
INV100677,116,2024-03-07,2024-04-06,7766.72,2024-04-01
INV100678,120,2024-03-07,2024-05-06,6591.59,2024-05-05
INV100679,12,2024-03-08,2024-04-07,2240.61,2024-04-19
INV100680,15,2024-03-08,2024-05-07,1744.85,2024-05-12
INV100681,16,2024-03-08,2024-04-07,15404.83,2024-04-30
INV100682,24,2024-03-08,2024-04-07,11158.28,2024-04-04
INV100683,31,2024-03-08,2024-04-07,2295.16,2024-04-06
INV100684,32,2024-03-08,2024-04-07,13074.09,2024-04-11
INV100685,36,2024-03-08,2024-04-07,5193.81,2024-04-11
INV100686,59,2024-03-08,2024-04-07,1899.66,2024-04-12
INV100687,65,2024-03-08,2024-04-07,2027.3,2024-04-26
INV100688,68,2024-03-08,2024-05-07,15163.98,2024-05-12
INV100689,92,2024-03-08,2024-04-07,14566.56,2024-04-21
INV100690,115,2024-03-08,2024-04-07,3840.83,2024-05-05
INV100691,120,2024-03-08,2024-05-07,2102.06,2024-05-06
INV100692,121,2024-03-08,2024-04-07,27845.42,2024-04-08
INV100693,126,2024-03-08,2024-04-07,7605.7,2024-04-22
INV100694,144,2024-03-08,2024-04-07,1328.05,2024-05-06
INV100695,144,2024-03-08,2024-04-07,943.18,2024-04-05
INV100696,144,2024-03-08,2024-04-07,2695.87,2024-05-20
INV100697,17,2024-03-09,2024-04-08,26816.56,2024-05-07
INV100698,41,2024-03-09,2024-04-08,15849.21,2024-04-07
INV100699,42,2024-03-09,2024-05-08,5919.88,2024-05-08
INV100700,79,2024-03-09,2024-05-08,5963.66,2024-05-04
INV100701,21,2024-03-10,2024-04-09,10005.81,2024-06-14
INV100702,22,2024-03-10,2024-04-09,20040.55,2024-04-07
INV100703,34,2024-03-10,2024-04-09,7307.26,2024-05-15
INV100704,41,2024-03-10,2024-04-09,24189.11,2024-04-12
INV100705,49,2024-03-10,2024-04-09,10059.6,2024-04-02
INV100706,67,2024-03-10,2024-04-09,4968.55,2024-04-15
INV100707,69,2024-03-10,2024-04-09,39741.68,2024-05-13
INV100708,77,2024-03-10,2024-04-09,19164.19,2024-04-15
INV100709,90,2024-03-10,2024-04-09,18480.22,2024-04-12
INV100710,138,2024-03-10,2024-04-09,4173.76,2024-04-09
INV100711,143,2024-03-10,2024-04-09,80301.53,2024-04-11
INV100712,4,2024-03-11,2024-05-10,7166.42,2024-05-10
INV100713,12,2024-03-11,2024-04-10,3529.32,2024-04-16
INV100714,43,2024-03-11,2024-05-10,4030.2,2024-05-04
INV100715,44,2024-03-11,2024-05-10,9987.67,2024-05-20
INV100716,53,2024-03-11,2024-05-10,12268.42,2024-05-16
INV100717,58,2024-03-11,2024-04-10,11704.49,2024-04-04
INV100718,60,2024-03-11,2024-04-10,6798.8,2024-04-10
INV100719,98,2024-03-11,2024-04-10,1285.79,2024-06-06
INV100720,100,2024-03-11,2024-04-10,3072.19,2024-05-12
INV100721,114,2024-03-11,2024-04-10,4270.68,2024-04-29
INV100722,8,2024-03-12,2024-05-11,3011.5,2024-05-05
INV100723,81,2024-03-12,2024-04-11,1999.23,2024-04-16
INV100724,91,2024-03-12,2024-04-11,5024.38,2024-04-16
INV100725,102,2024-03-12,2024-04-11,37135.83,2024-04-19
INV100726,104,2024-03-12,2024-04-11,9291.16,2024-04-23
INV100727,106,2024-03-12,2024-04-11,3693.8,2024-04-15
INV100728,125,2024-03-12,2024-05-11,1735.77,2024-05-14
INV100729,128,2024-03-12,2024-04-11,4205.98,2024-04-09
INV100730,132,2024-03-12,2024-04-11,2393.6,2024-04-17
INV100731,140,2024-03-12,2024-04-11,5700.07,2024-05-14
INV100732,44,2024-03-13,2024-05-12,11211.31,2024-05-13
INV100733,50,2024-03-13,2024-04-12,7208.45,2024-06-05
INV100734,58,2024-03-13,2024-04-12,9561.4,2024-04-07
INV100735,83,2024-03-13,2024-04-12,3482.43,2024-05-23
INV100736,84,2024-03-13,2024-04-12,18572.66,2024-04-15
INV100737,130,2024-03-13,2024-04-12,5656.96,2024-04-18
INV100738,8,2024-03-14,2024-05-13,1716.75,2024-05-15
INV100739,20,2024-03-14,2024-05-13,4326.11,2024-05-14
INV100740,48,2024-03-14,2024-05-13,41004.08,2024-05-21
INV100741,54,2024-03-14,2024-05-13,5474.98,2024-05-20
INV100742,60,2024-03-14,2024-04-13,10901.59,2024-04-10
INV100743,68,2024-03-14,2024-05-13,5384.7,2024-05-11
INV100744,88,2024-03-14,2024-04-13,5745.21,2024-04-16
INV100745,103,2024-03-14,2024-04-13,5008.43,2024-05-14
INV100746,116,2024-03-14,2024-04-13,18202.27,2024-04-22
INV100747,117,2024-03-14,2024-04-13,13139.02,2024-04-14
INV100748,117,2024-03-14,2024-04-13,5312.62,2024-04-12
INV100749,119,2024-03-14,2024-05-13,4968.32,2024-06-04
INV100750,128,2024-03-14,2024-04-13,4679.2,2024-04-10
INV100751,135,2024-03-14,2024-04-13,41716.63,2024-04-15
INV100752,3,2024-03-15,2024-04-14,7226.89,2024-05-21
INV100753,62,2024-03-15,2024-05-14,10649.52,2024-06-18
INV100754,63,2024-03-15,2024-04-14,5663.53,2024-04-14
INV100755,82,2024-03-15,2024-04-14,13266.55,2024-06-05
INV100756,100,2024-03-15,2024-04-14,2889.95,2024-05-09
INV100757,103,2024-03-15,2024-04-14,4277.03,2024-05-27
INV100758,140,2024-03-15,2024-04-14,3140.54,2024-05-01
INV100759,23,2024-03-16,2024-04-15,3004.7,2024-04-18
INV100760,32,2024-03-16,2024-04-15,10904.34,2024-04-21
INV100761,40,2024-03-16,2024-05-15,5331.33,2024-05-10
INV100762,74,2024-03-16,2024-05-15,13393.12,2024-05-17
INV100763,97,2024-03-16,2024-04-15,9939.02,2024-05-14
INV100764,119,2024-03-16,2024-05-15,7939.87,2024-05-18
INV100765,31,2024-03-17,2024-04-16,4717.81,2024-04-13
INV100766,47,2024-03-17,2024-04-16,17427.94,2024-04-20
INV100767,48,2024-03-17,2024-05-16,19153.69,2024-05-15
INV100768,50,2024-03-17,2024-04-16,8316.95,2024-06-02
INV100769,93,2024-03-17,2024-04-16,4225.77,2024-05-14
INV100770,131,2024-03-17,2024-04-16,3851.56,2024-05-20
INV100771,133,2024-03-17,2024-04-16,1189.43,2024-04-19
INV100772,135,2024-03-17,2024-04-16,24699.52,2024-04-19
INV100773,137,2024-03-17,2024-05-16,3953.6,2024-06-10
INV100774,140,2024-03-17,2024-04-16,2525.78,2024-05-06
INV100775,2,2024-03-18,2024-04-17,4838.51,2024-04-19
INV100776,21,2024-03-18,2024-04-17,8317.92,
INV100777,41,2024-03-18,2024-04-17,27359.38,2024-04-09
INV100778,43,2024-03-18,2024-05-17,4565.08,2024-05-26
INV100779,63,2024-03-18,2024-04-17,8357.89,2024-04-19
INV100780,69,2024-03-18,2024-04-17,18225.02,2024-05-01
INV100781,70,2024-03-18,2024-04-17,4769.21,2024-04-18
INV100782,73,2024-03-18,2024-04-17,9207.77,2024-04-15
INV100783,108,2024-03-18,2024-04-17,3808.69,2024-04-15
INV100784,112,2024-03-18,2024-05-17,4582.65,2024-05-22
INV100785,113,2024-03-18,2024-05-17,7235.93,2024-05-14
INV100786,119,2024-03-18,2024-05-17,7694.03,2024-06-13
INV100787,130,2024-03-18,2024-04-17,11050.81,2024-04-13
INV100788,130,2024-03-18,2024-04-17,4017.34,2024-04-25
INV100789,145,2024-03-18,2024-04-17,50988.19,2024-04-29
INV100790,147,2024-03-18,2024-04-17,4490.92,2024-05-08
INV100791,2,2024-03-19,2024-04-18,8915.67,2024-04-12
INV100792,10,2024-03-19,2024-05-18,7703.93,2024-05-30
INV100793,12,2024-03-19,2024-04-18,5911.11,2024-04-21
INV100794,17,2024-03-19,2024-04-18,16254.92,2024-05-30
INV100795,25,2024-03-19,2024-04-18,5001.01,2024-04-20
INV100796,28,2024-03-19,2024-04-18,1240.0,2024-05-24
INV100797,55,2024-03-19,2024-04-18,6591.81,2024-05-07
INV100798,81,2024-03-19,2024-04-18,1038.98,2024-04-13
INV100799,85,2024-03-19,2024-04-18,4360.46,2024-04-27
INV100800,96,2024-03-19,2024-04-18,12888.41,2024-04-24
INV100801,102,2024-03-19,2024-04-18,18432.91,2024-04-22
INV100802,121,2024-03-19,2024-04-18,6323.22,2024-04-18
INV100803,133,2024-03-19,2024-04-18,1293.6,2024-04-14
INV100804,137,2024-03-19,2024-05-18,2831.02,2024-05-30
INV100805,1,2024-03-20,2024-04-19,4796.32,2024-04-16
INV100806,11,2024-03-20,2024-04-19,1387.92,2024-04-16
INV100807,16,2024-03-20,2024-04-19,32948.18,2024-05-15
INV100808,22,2024-03-20,2024-04-19,19197.31,2024-04-24
INV100809,25,2024-03-20,2024-04-19,1165.71,2024-04-25
INV100810,30,2024-03-20,2024-04-19,1955.0,2024-04-16
INV100811,35,2024-03-20,2024-04-19,1939.88,2024-04-13
INV100812,44,2024-03-20,2024-05-19,5696.89,2024-05-19
INV100813,52,2024-03-20,2024-04-19,10750.66,2024-05-25
INV100814,72,2024-03-20,2024-04-19,3920.71,2024-04-25
INV100815,109,2024-03-20,2024-05-19,10779.11,2024-07-03
INV100816,24,2024-03-21,2024-04-20,9055.36,2024-04-17
INV100817,33,2024-03-21,2024-04-20,8713.31,2024-04-22
INV100818,35,2024-03-21,2024-04-20,2054.42,2024-04-24
INV100819,35,2024-03-21,2024-04-20,3050.77,2024-04-24
INV100820,38,2024-03-21,2024-04-20,9874.34,2024-04-21
INV100821,50,2024-03-21,2024-04-20,8264.51,2024-05-18
INV100822,55,2024-03-21,2024-04-20,12205.72,2024-05-26
INV100823,64,2024-03-21,2024-04-20,3798.25,2024-04-19
INV100824,75,2024-03-21,2024-04-20,2540.77,2024-04-18
INV100825,80,2024-03-21,2024-05-20,15406.94,2024-05-25
INV100826,80,2024-03-21,2024-05-20,23975.41,2024-05-21
INV100827,81,2024-03-21,2024-04-20,3082.89,2024-04-20
INV100828,111,2024-03-21,2024-04-20,10424.56,2024-04-19
INV100829,123,2024-03-21,2024-05-20,5430.21,2024-05-15
INV100830,131,2024-03-21,2024-04-20,7696.28,2024-04-19
INV100831,1,2024-03-22,2024-04-21,3927.23,2024-04-22
INV100832,5,2024-03-22,2024-04-21,6171.52,2024-04-22
INV100833,36,2024-03-22,2024-04-21,4416.48,2024-04-19
INV100834,64,2024-03-22,2024-04-21,4966.08,2024-04-16
INV100835,90,2024-03-22,2024-04-21,14760.7,2024-04-17
INV100836,91,2024-03-22,2024-04-21,9590.31,2024-04-28
INV100837,92,2024-03-22,2024-04-21,24819.81,2024-05-10
INV100838,98,2024-03-22,2024-04-21,1597.62,2024-06-07
INV100839,99,2024-03-22,2024-04-21,2739.94,2024-04-23
INV100840,101,2024-03-22,2024-04-21,5344.49,2024-04-20
INV100841,111,2024-03-22,2024-04-21,9303.01,2024-04-23
INV100842,140,2024-03-22,2024-04-21,7878.84,2024-05-03
INV100843,150,2024-03-22,2024-04-21,2766.85,2024-04-27
INV100844,20,2024-03-23,2024-05-22,14719.07,2024-05-28
INV100845,24,2024-03-23,2024-04-22,10037.85,2024-04-30
INV100846,37,2024-03-23,2024-04-22,2582.85,2024-05-16
INV100847,45,2024-03-23,2024-04-22,3112.66,2024-07-15
INV100848,61,2024-03-23,2024-04-22,1101.48,2024-04-24
INV100849,63,2024-03-23,2024-04-22,5189.93,2024-05-04
INV100850,66,2024-03-23,2024-04-22,5652.63,2024-04-19
INV100851,88,2024-03-23,2024-04-22,4709.49,2024-04-13
INV100852,90,2024-03-23,2024-04-22,11576.25,2024-05-01
INV100853,97,2024-03-23,2024-04-22,15844.84,2024-05-15
INV100854,102,2024-03-23,2024-04-22,22480.0,2024-04-15
INV100855,112,2024-03-23,2024-05-22,5351.52,2024-06-03
INV100856,126,2024-03-23,2024-04-22,8434.8,2024-05-06
INV100857,131,2024-03-23,2024-04-22,5576.89,2024-05-06
INV100858,25,2024-03-24,2024-04-23,3041.53,2024-04-22
INV100859,41,2024-03-24,2024-04-23,29836.08,2024-04-23
INV100860,55,2024-03-24,2024-04-23,8440.29,2024-05-12
INV100861,63,2024-03-24,2024-04-23,6032.52,2024-04-28
INV100862,74,2024-03-24,2024-05-23,19655.99,2024-05-31
INV100863,82,2024-03-24,2024-04-23,7565.85,2024-06-17
INV100864,87,2024-03-24,2024-04-23,1266.11,2024-04-29
INV100865,122,2024-03-24,2024-04-23,4046.72,2024-04-25
INV100866,126,2024-03-24,2024-04-23,7320.28,2024-05-25
INV100867,129,2024-03-24,2024-04-23,7209.76,2024-04-18
INV100868,141,2024-03-24,2024-04-23,904.61,2024-04-23
INV100869,15,2024-03-25,2024-05-24,5082.46,2024-05-17
INV100870,16,2024-03-25,2024-04-24,24666.57,2024-05-15
INV100871,42,2024-03-25,2024-05-24,4585.16,2024-05-21
INV100872,43,2024-03-25,2024-05-24,5168.86,2024-05-15
INV100873,98,2024-03-25,2024-04-24,1687.28,2024-04-14
INV100874,123,2024-03-25,2024-05-24,2277.75,2024-05-25
INV100875,3,2024-03-26,2024-04-25,5350.51,2024-05-23
INV100876,5,2024-03-26,2024-04-25,2142.22,2024-04-25
INV100877,8,2024-03-26,2024-05-25,1755.5,2024-05-17
INV100878,18,2024-03-26,2024-04-25,44214.5,2024-05-01
INV100879,67,2024-03-26,2024-04-25,1900.58,2024-05-05
INV100880,71,2024-03-26,2024-04-25,991.57,2024-05-20
INV100881,136,2024-03-26,2024-04-25,3505.7,2024-07-07
INV100882,138,2024-03-26,2024-04-25,7906.66,2024-05-02
INV100883,22,2024-03-27,2024-04-26,19757.71,2024-04-29
INV100884,37,2024-03-27,2024-04-26,7896.11,2024-05-09
INV100885,71,2024-03-27,2024-04-26,671.83,2024-05-13
INV100886,72,2024-03-27,2024-04-26,3031.32,2024-04-27
INV100887,77,2024-03-27,2024-04-26,15468.95,2024-04-24
INV100888,111,2024-03-27,2024-04-26,6089.33,2024-04-26
INV100889,113,2024-03-27,2024-05-26,9128.53,2024-06-03
INV100890,135,2024-03-27,2024-04-26,26809.26,2024-06-06
INV100891,15,2024-03-28,2024-05-27,5240.69,2024-05-25
INV100892,37,2024-03-28,2024-04-27,5438.41,2024-05-22
INV100893,64,2024-03-28,2024-04-27,7790.21,2024-04-25
INV100894,69,2024-03-28,2024-04-27,29257.48,2024-05-01
INV100895,71,2024-03-28,2024-04-27,777.18,2024-05-08
INV100896,112,2024-03-28,2024-05-27,4992.15,2024-05-27
INV100897,128,2024-03-28,2024-04-27,2762.14,2024-04-23
INV100898,9,2024-04-01,2024-05-01,2587.59,2024-05-30
INV100899,19,2024-04-01,2024-05-01,10837.3,2024-05-16
INV100900,30,2024-04-01,2024-05-01,5596.29,2024-04-21
INV100901,33,2024-04-01,2024-05-01,4354.18,2024-05-10
INV100902,87,2024-04-01,2024-05-01,1758.76,2024-04-29
INV100903,89,2024-04-01,2024-05-01,7418.26,2024-05-01
INV100904,89,2024-04-01,2024-05-01,7440.04,2024-04-29
INV100905,100,2024-04-01,2024-05-01,3539.78,2024-05-13
INV100906,117,2024-04-01,2024-05-01,3142.41,2024-05-09
INV100907,122,2024-04-01,2024-05-01,2826.67,2024-05-08
INV100908,125,2024-04-01,2024-05-31,2551.55,2024-05-21
INV100909,127,2024-04-01,2024-05-01,6684.04,2024-04-30
INV100910,128,2024-04-01,2024-05-01,3437.27,2024-05-03
INV100911,132,2024-04-01,2024-05-01,2790.68,2024-05-07
INV100912,49,2024-04-02,2024-05-02,9929.62,2024-04-25
INV100913,54,2024-04-02,2024-06-01,4283.5,2024-05-28
INV100914,57,2024-04-02,2024-06-01,3340.36,2024-05-31
INV100915,117,2024-04-02,2024-05-02,8942.67,2024-05-04
INV100916,120,2024-04-02,2024-06-01,1602.46,2024-06-02
INV100917,136,2024-04-02,2024-05-02,2767.62,2024-06-06
INV100918,150,2024-04-02,2024-05-02,3726.96,2024-05-09
INV100919,15,2024-04-03,2024-06-02,11327.1,2024-05-31
INV100920,42,2024-04-03,2024-06-02,7253.84,2024-05-27
INV100921,43,2024-04-03,2024-06-02,6601.39,2024-06-06
INV100922,51,2024-04-03,2024-05-03,2090.72,2024-05-09
INV100923,62,2024-04-03,2024-06-02,9022.18,2024-06-15
INV100924,68,2024-04-03,2024-06-02,15658.15,2024-06-13
INV100925,83,2024-04-03,2024-05-03,1929.19,2024-05-01
INV100926,98,2024-04-03,2024-05-03,1370.53,2024-06-24
INV100927,102,2024-04-03,2024-05-03,14836.16,2024-05-04
INV100928,117,2024-04-03,2024-05-03,5605.82,2024-05-03
INV100929,118,2024-04-03,2024-05-03,8329.97,2024-04-30
INV100930,137,2024-04-03,2024-06-02,5113.17,2024-06-29
INV100931,139,2024-04-03,2024-05-03,16074.35,2024-06-01
INV100932,144,2024-04-03,2024-05-03,2529.29,2024-05-22
INV100933,147,2024-04-03,2024-05-03,5138.57,2024-05-02
INV100934,17,2024-04-04,2024-05-04,14959.12,2024-06-03
INV100935,33,2024-04-04,2024-05-04,4314.7,2024-05-03
INV100936,36,2024-04-04,2024-05-04,8987.95,2024-05-04
INV100937,36,2024-04-04,2024-05-04,12912.86,2024-05-11
INV100938,39,2024-04-04,2024-05-04,10837.5,2024-07-03
INV100939,39,2024-04-04,2024-05-04,5799.2,2024-06-22
INV100940,46,2024-04-04,2024-06-03,1486.81,2024-06-20
INV100941,54,2024-04-04,2024-06-03,3534.82,2024-06-02
INV100942,95,2024-04-04,2024-06-03,13725.83,2024-06-10
INV100943,113,2024-04-04,2024-06-03,9026.61,2024-06-05
INV100944,126,2024-04-04,2024-05-04,3153.66,2024-05-27
INV100945,135,2024-04-04,2024-05-04,22334.73,2024-05-30
INV100946,142,2024-04-04,2024-05-04,639.5,2024-04-28
INV100947,142,2024-04-04,2024-05-04,419.69,2024-05-12
INV100948,147,2024-04-04,2024-05-04,5269.0,2024-04-26
INV100949,149,2024-04-04,2024-05-04,19629.77,2024-06-03
INV100950,9,2024-04-05,2024-05-05,5900.58,2024-05-21
INV100951,9,2024-04-05,2024-05-05,6574.78,2024-06-24
INV100952,23,2024-04-05,2024-05-05,22126.62,2024-05-05
INV100953,37,2024-04-05,2024-05-05,6503.43,2024-06-07
INV100954,57,2024-04-05,2024-06-04,5066.11,2024-06-07
INV100955,58,2024-04-05,2024-05-05,6217.64,2024-04-28
INV100956,95,2024-04-05,2024-06-04,10159.91,2024-06-30
INV100957,116,2024-04-05,2024-05-05,11298.54,2024-05-12
INV100958,118,2024-04-05,2024-05-05,6376.56,2024-05-08
INV100959,4,2024-04-06,2024-06-05,3298.21,2024-06-13
INV100960,17,2024-04-06,2024-05-06,17525.26,2024-05-09
INV100961,23,2024-04-06,2024-05-06,5271.65,2024-05-06
INV100962,33,2024-04-06,2024-05-06,4133.31,2024-05-03
INV100963,54,2024-04-06,2024-06-05,5367.95,2024-05-29
INV100964,56,2024-04-06,2024-05-06,11777.24,2024-05-13
INV100965,60,2024-04-06,2024-05-06,10879.47,2024-05-11
INV100966,67,2024-04-06,2024-05-06,2546.44,2024-05-04
INV100967,96,2024-04-06,2024-05-06,18991.67,2024-05-25
INV100968,116,2024-04-06,2024-05-06,8600.32,2024-05-03
INV100969,116,2024-04-06,2024-05-06,6624.08,2024-05-05
INV100970,121,2024-04-06,2024-05-06,20997.79,2024-05-06
INV100971,136,2024-04-06,2024-05-06,4072.51,
INV100972,12,2024-04-07,2024-05-07,2543.23,2024-05-07
INV100973,21,2024-04-07,2024-05-07,13078.66,2024-06-25
INV100974,42,2024-04-07,2024-06-06,3055.23,2024-06-05
INV100975,44,2024-04-07,2024-06-06,11870.72,2024-06-15
INV100976,59,2024-04-07,2024-05-07,7557.99,2024-05-18
INV100977,61,2024-04-07,2024-05-07,800.48,2024-05-18
INV100978,70,2024-04-07,2024-05-07,2200.29,2024-05-08
INV100979,117,2024-04-07,2024-05-07,8169.47,2024-05-15
INV100980,134,2024-04-07,2024-05-07,13111.11,2024-05-05
INV100981,134,2024-04-07,2024-05-07,25195.93,2024-05-18
INV100982,134,2024-04-07,2024-05-07,12851.88,2024-05-11
INV100983,16,2024-04-08,2024-05-08,25229.57,2024-06-06
INV100984,32,2024-04-08,2024-05-08,14787.22,2024-05-09
INV100985,81,2024-04-08,2024-05-08,5845.02,2024-05-12
INV100986,113,2024-04-08,2024-06-07,26044.46,2024-06-14
INV100987,124,2024-04-08,2024-06-07,1344.87,2024-06-19
INV100988,145,2024-04-08,2024-05-08,92174.05,2024-06-24
INV100989,9,2024-04-09,2024-05-09,4693.21,2024-06-24
INV100990,67,2024-04-09,2024-05-09,4653.91,2024-05-11
INV100991,80,2024-04-09,2024-06-08,21061.71,2024-06-13
INV100992,85,2024-04-09,2024-05-09,4502.26,2024-05-13
INV100993,94,2024-04-09,2024-05-09,5320.9,2024-05-09
INV100994,109,2024-04-09,2024-06-08,13344.04,2024-06-20
INV100995,112,2024-04-09,2024-06-08,3436.23,2024-06-19
INV100996,116,2024-04-09,2024-05-09,6096.77,2024-05-10
INV100997,129,2024-04-09,2024-05-09,9548.64,2024-05-15
INV100998,139,2024-04-09,2024-05-09,6942.21,2024-05-26
INV100999,9,2024-04-10,2024-05-10,9093.72,2024-07-21
INV101000,55,2024-04-10,2024-05-10,4595.2,2024-06-11
INV101001,63,2024-04-10,2024-05-10,5474.93,2024-05-13
INV101002,75,2024-04-10,2024-05-10,4274.75,2024-05-08
INV101003,107,2024-04-10,2024-05-10,7950.89,2024-05-18
INV101004,17,2024-04-11,2024-05-11,8559.52,2024-05-30
INV101005,64,2024-04-11,2024-05-11,5090.31,2024-05-14
INV101006,88,2024-04-11,2024-05-11,5981.23,2024-05-07
INV101007,89,2024-04-11,2024-05-11,13926.71,2024-05-04
INV101008,89,2024-04-11,2024-05-11,3336.72,2024-05-08
INV101009,95,2024-04-11,2024-06-10,11890.92,2024-06-13
INV101010,99,2024-04-11,2024-05-11,2331.03,2024-05-20
INV101011,102,2024-04-11,2024-05-11,55632.52,2024-05-15
INV101012,114,2024-04-11,2024-05-11,4140.45,2024-05-24
INV101013,4,2024-04-12,2024-06-11,5181.69,2024-06-17
INV101014,9,2024-04-12,2024-05-12,2778.27,2024-07-01
INV101015,50,2024-04-12,2024-05-12,11700.22,2024-08-04
INV101016,52,2024-04-12,2024-05-12,5496.22,2024-06-04
INV101017,79,2024-04-12,2024-06-11,4030.22,2024-06-10
INV101018,102,2024-04-12,2024-05-12,32011.8,2024-05-11
INV101019,110,2024-04-12,2024-05-12,11855.32,2024-05-10
INV101020,127,2024-04-12,2024-05-12,3790.51,2024-05-12
INV101021,131,2024-04-12,2024-05-12,5550.68,
INV101022,139,2024-04-12,2024-05-12,8821.67,2024-06-07
INV101023,5,2024-04-13,2024-05-13,5563.66,2024-05-11
INV101024,69,2024-04-13,2024-05-13,17929.1,2024-05-27
INV101025,81,2024-04-13,2024-05-13,1797.14,2024-05-19
INV101026,99,2024-04-13,2024-05-13,2640.4,2024-05-08
INV101027,105,2024-04-13,2024-05-13,1385.43,2024-05-15
INV101028,115,2024-04-13,2024-05-13,2033.88,2024-05-29
INV101029,118,2024-04-13,2024-05-13,6485.03,2024-05-17
INV101030,123,2024-04-13,2024-06-12,5738.82,2024-06-15
INV101031,125,2024-04-13,2024-06-12,3740.72,2024-06-09
INV101032,129,2024-04-13,2024-05-13,22244.11,2024-05-23
INV101033,129,2024-04-13,2024-05-13,5988.37,2024-05-15
INV101034,143,2024-04-13,2024-05-13,82470.78,2024-05-17
INV101035,32,2024-04-14,2024-05-14,6006.6,2024-05-10
INV101036,55,2024-04-14,2024-05-14,3027.62,2024-06-05
INV101037,57,2024-04-14,2024-06-13,6528.44,2024-06-16
INV101038,62,2024-04-14,2024-06-13,20063.02,2024-07-15
INV101039,65,2024-04-14,2024-05-14,1661.73,2024-06-15
INV101040,84,2024-04-14,2024-05-14,24383.89,2024-05-22
INV101041,90,2024-04-14,2024-05-14,8041.21,2024-05-25
INV101042,109,2024-04-14,2024-06-13,13333.53,2024-08-29
INV101043,126,2024-04-14,2024-05-14,4625.77,2024-05-24
INV101044,140,2024-04-14,2024-05-14,9446.92,2024-05-30
INV101045,141,2024-04-14,2024-05-14,1050.47,2024-05-18
INV101046,14,2024-04-15,2024-05-15,7016.35,2024-05-18
INV101047,18,2024-04-15,2024-05-15,116533.32,2024-05-16
INV101048,20,2024-04-15,2024-06-14,15630.52,2024-06-06
INV101049,21,2024-04-15,2024-05-15,7949.01,
INV101050,31,2024-04-15,2024-05-15,5183.69,2024-05-16
INV101051,46,2024-04-15,2024-06-14,5065.63,2024-07-04
INV101052,48,2024-04-15,2024-06-14,8434.99,2024-06-12
INV101053,55,2024-04-15,2024-05-15,9708.11,2024-05-31
INV101054,75,2024-04-15,2024-05-15,1791.59,2024-05-17
INV101055,86,2024-04-15,2024-05-15,2645.13,2024-05-08
INV101056,99,2024-04-15,2024-05-15,3889.2,2024-05-17
INV101057,114,2024-04-15,2024-05-15,3873.68,2024-06-11
INV101058,122,2024-04-15,2024-05-15,2763.52,2024-05-15
INV101059,131,2024-04-15,2024-05-15,2713.86,2024-07-16
INV101060,138,2024-04-15,2024-05-15,6868.71,2024-05-19
INV101061,6,2024-04-16,2024-05-16,12898.27,2024-07-13
INV101062,9,2024-04-16,2024-05-16,2763.42,2024-07-13
INV101063,11,2024-04-16,2024-05-16,1738.59,2024-05-17
INV101064,17,2024-04-16,2024-05-16,16491.24,2024-06-08
INV101065,18,2024-04-16,2024-05-16,37913.21,2024-05-24
INV101066,31,2024-04-16,2024-05-16,5187.27,2024-05-11
INV101067,73,2024-04-16,2024-05-16,12064.39,2024-05-17
INV101068,75,2024-04-16,2024-05-16,4643.35,2024-05-16
INV101069,80,2024-04-16,2024-06-15,26536.76,2024-06-18
INV101070,86,2024-04-16,2024-05-16,8338.49,2024-05-10
INV101071,114,2024-04-16,2024-05-16,2606.48,2024-06-29
INV101072,119,2024-04-16,2024-06-15,7030.8,2024-06-19
INV101073,126,2024-04-16,2024-05-16,6686.95,2024-06-25
INV101074,149,2024-04-16,2024-05-16,14437.37,2024-06-05
INV101075,37,2024-04-17,2024-05-17,4761.43,2024-06-10
INV101076,63,2024-04-17,2024-05-17,5362.67,2024-05-18
INV101077,81,2024-04-17,2024-05-17,3923.83,2024-05-16
INV101078,136,2024-04-17,2024-05-17,3189.61,2024-06-04
INV101079,41,2024-04-18,2024-05-18,15509.9,2024-05-18
INV101080,105,2024-04-18,2024-05-18,1720.57,2024-06-18
INV101081,9,2024-04-19,2024-05-19,5724.2,2024-08-20
INV101082,14,2024-04-19,2024-05-19,3807.11,2024-05-17
INV101083,16,2024-04-19,2024-05-19,37996.41,2024-05-29
INV101084,16,2024-04-19,2024-05-19,24270.26,2024-06-05
INV101085,20,2024-04-19,2024-06-18,18003.94,2024-06-22
INV101086,24,2024-04-19,2024-05-19,7702.05,2024-05-23
INV101087,41,2024-04-19,2024-05-19,29292.21,2024-05-14
INV101088,46,2024-04-19,2024-06-18,2295.14,2024-07-11
INV101089,47,2024-04-19,2024-05-19,21167.52,2024-05-21
INV101090,52,2024-04-19,2024-05-19,4734.83,2024-06-08
INV101091,56,2024-04-19,2024-05-19,12085.45,2024-05-21
INV101092,57,2024-04-19,2024-06-18,4993.37,2024-07-01
INV101093,64,2024-04-19,2024-05-19,6567.14,2024-05-20
INV101094,77,2024-04-19,2024-05-19,9336.07,2024-05-22
INV101095,92,2024-04-19,2024-05-19,20772.46,2024-06-07
INV101096,105,2024-04-19,2024-05-19,1464.56,2024-06-05
INV101097,127,2024-04-19,2024-05-19,4291.73,2024-06-01
INV101098,127,2024-04-19,2024-05-19,8142.7,2024-05-16
INV101099,9,2024-04-20,2024-05-20,6016.14,2024-07-24
INV101100,26,2024-04-20,2024-06-19,10935.91,2024-06-27
INV101101,39,2024-04-20,2024-05-20,6909.74,2024-06-20
INV101102,78,2024-04-20,2024-05-20,1070.1,2024-05-22
INV101103,81,2024-04-20,2024-05-20,2123.14,2024-05-23
INV101104,90,2024-04-20,2024-05-20,7089.17,2024-05-20
INV101105,98,2024-04-20,2024-05-20,2104.75,2024-06-17
INV101106,113,2024-04-20,2024-06-19,12630.15,2024-06-20
INV101107,126,2024-04-20,2024-05-20,8832.66,2024-06-03
INV101108,134,2024-04-20,2024-05-20,13483.46,2024-05-18
INV101109,1,2024-04-21,2024-05-21,3777.98,2024-05-19
INV101110,60,2024-04-21,2024-05-21,6337.51,2024-05-23
INV101111,68,2024-04-21,2024-06-20,16644.17,2024-06-27
INV101112,117,2024-04-21,2024-05-21,9714.75,2024-05-23
INV101113,133,2024-04-21,2024-05-21,804.57,2024-05-16
INV101114,23,2024-04-22,2024-05-22,6297.92,2024-05-16
INV101115,41,2024-04-22,2024-05-22,21937.93,2024-05-16
INV101116,71,2024-04-22,2024-05-22,1953.88,2024-06-16
INV101117,147,2024-04-22,2024-05-22,7124.25,2024-05-26
INV101118,36,2024-04-23,2024-05-23,7010.95,2024-05-28
INV101119,43,2024-04-23,2024-06-22,5491.24,2024-06-18
INV101120,46,2024-04-23,2024-06-22,3231.2,2024-07-14
INV101121,58,2024-04-23,2024-05-23,10457.37,2024-05-28
INV101122,62,2024-04-23,2024-06-22,9470.12,2024-06-12
INV101123,76,2024-04-23,2024-05-23,19326.23,2024-06-26
INV101124,100,2024-04-23,2024-05-23,1718.88,2024-05-17
INV101125,102,2024-04-23,2024-05-23,22474.6,2024-05-18
INV101126,103,2024-04-23,2024-05-23,3931.59,2024-06-02
INV101127,106,2024-04-23,2024-05-23,4990.75,2024-05-26
INV101128,141,2024-04-23,2024-05-23,1664.49,2024-05-18
INV101129,149,2024-04-23,2024-05-23,26286.08,2024-06-18
INV101130,11,2024-04-24,2024-05-24,1387.57,2024-05-27
INV101131,41,2024-04-24,2024-05-24,16045.49,2024-05-17
INV101132,48,2024-04-24,2024-06-23,11747.75,2024-06-26
INV101133,69,2024-04-24,2024-05-24,20849.96,2024-06-19
INV101134,71,2024-04-24,2024-05-24,685.9,2024-07-03
INV101135,107,2024-04-24,2024-05-24,8494.1,2024-05-22
INV101136,110,2024-04-24,2024-05-24,4700.34,2024-05-25
INV101137,114,2024-04-24,2024-05-24,6143.8,2024-07-02
INV101138,115,2024-04-24,2024-05-24,2833.36,2024-07-20
INV101139,144,2024-04-24,2024-05-24,2306.19,2024-06-08
INV101140,150,2024-04-24,2024-05-24,4013.93,2024-05-26
INV101141,6,2024-04-25,2024-05-25,25697.85,2024-06-13
INV101142,18,2024-04-25,2024-05-25,53296.41,2024-05-24
INV101143,49,2024-04-25,2024-05-25,10103.25,2024-05-22
INV101144,51,2024-04-25,2024-05-25,4013.11,2024-05-24
INV101145,88,2024-04-25,2024-05-25,4901.21,2024-05-26
INV101146,99,2024-04-25,2024-05-25,1891.48,2024-05-25
INV101147,110,2024-04-25,2024-05-25,8696.14,2024-06-04
INV101148,8,2024-04-26,2024-06-25,3320.5,2024-07-02
INV101149,26,2024-04-26,2024-06-25,19365.23,2024-06-19
INV101150,36,2024-04-26,2024-05-26,7359.39,2024-05-21
INV101151,37,2024-04-26,2024-05-26,2772.93,2024-06-17
INV101152,41,2024-04-26,2024-05-26,20068.27,2024-05-29
INV101153,54,2024-04-26,2024-06-25,4710.94,2024-06-23
INV101154,61,2024-04-26,2024-05-26,1970.36,2024-05-26
INV101155,67,2024-04-26,2024-05-26,5779.17,2024-05-30
INV101156,69,2024-04-26,2024-05-26,38181.56,2024-06-16
INV101157,94,2024-04-26,2024-05-26,6266.51,2024-05-25
INV101158,131,2024-04-26,2024-05-26,6731.05,2024-06-28
INV101159,136,2024-04-26,2024-05-26,1918.39,2024-08-01
INV101160,2,2024-04-27,2024-05-27,4385.68,2024-06-01
INV101161,12,2024-04-27,2024-05-27,2117.98,2024-05-24
INV101162,14,2024-04-27,2024-05-27,2860.36,2024-05-27
INV101163,16,2024-04-27,2024-05-27,24971.29,2024-06-29
INV101164,35,2024-04-27,2024-05-27,1541.95,2024-05-22
INV101165,93,2024-04-27,2024-05-27,3264.22,2024-06-29
INV101166,104,2024-04-27,2024-05-27,22307.23,2024-05-27
INV101167,107,2024-04-27,2024-05-27,5461.66,2024-05-19
INV101168,120,2024-04-27,2024-06-26,4210.36,2024-07-03
INV101169,14,2024-04-28,2024-05-28,2948.91,2024-05-18
INV101170,24,2024-04-28,2024-05-28,5743.81,2024-05-25
INV101171,27,2024-04-28,2024-05-28,1156.46,2024-06-01
INV101172,32,2024-04-28,2024-05-28,6430.86,2024-05-26
INV101173,37,2024-04-28,2024-05-28,4219.87,2024-06-11
INV101174,47,2024-04-28,2024-05-28,18768.5,2024-05-30
INV101175,52,2024-04-28,2024-05-28,5558.82,2024-06-18
INV101176,56,2024-04-28,2024-05-28,10100.02,2024-06-01
INV101177,61,2024-04-28,2024-05-28,7356.16,2024-06-04
INV101178,97,2024-04-28,2024-05-28,6282.09,2024-06-19
INV101179,100,2024-04-28,2024-05-28,4003.64,2024-06-26
INV101180,105,2024-04-28,2024-05-28,2571.67,2024-06-01
INV101181,141,2024-04-28,2024-05-28,1555.67,2024-05-30
INV101182,145,2024-04-28,2024-05-28,38843.22,2024-06-15
INV101183,146,2024-04-28,2024-05-28,15219.97,2024-06-19
INV101184,9,2024-05-01,2024-05-31,5890.3,2024-05-21
INV101185,11,2024-05-01,2024-05-31,1608.11,2024-05-31
INV101186,57,2024-05-01,2024-06-30,9491.95,2024-07-04
INV101187,60,2024-05-01,2024-05-31,8433.28,2024-05-29
INV101188,78,2024-05-01,2024-05-31,953.38,2024-06-29
INV101189,80,2024-05-01,2024-06-30,15369.27,2024-07-02
INV101190,81,2024-05-01,2024-05-31,1143.84,2024-05-28
INV101191,102,2024-05-01,2024-05-31,25615.17,2024-06-07
INV101192,105,2024-05-01,2024-05-31,1885.94,2024-06-16
INV101193,119,2024-05-01,2024-06-30,7529.97,2024-07-27
INV101194,120,2024-05-01,2024-06-30,3351.56,2024-06-29
INV101195,138,2024-05-01,2024-05-31,6637.2,2024-06-02
INV101196,143,2024-05-01,2024-05-31,50020.58,2024-06-07
INV101197,147,2024-05-01,2024-05-31,6634.35,2024-06-25
INV101198,7,2024-05-02,2024-06-01,9412.04,2024-06-04
INV101199,37,2024-05-02,2024-06-01,2748.2,2024-06-23
INV101200,63,2024-05-02,2024-06-01,2904.74,2024-05-30
INV101201,109,2024-05-02,2024-07-01,15737.42,2024-07-23
INV101202,109,2024-05-02,2024-07-01,7856.16,2024-07-11
INV101203,20,2024-05-03,2024-07-02,13452.09,2024-07-08
INV101204,27,2024-05-03,2024-06-02,8361.5,2024-06-05
INV101205,51,2024-05-03,2024-06-02,1282.21,2024-05-31
INV101206,90,2024-05-03,2024-06-02,18411.96,2024-06-10
INV101207,100,2024-05-03,2024-06-02,5519.87,2024-06-09
INV101208,127,2024-05-03,2024-06-02,2821.64,2024-05-31
INV101209,5,2024-05-04,2024-06-03,2794.92,2024-06-10
INV101210,9,2024-05-04,2024-06-03,5900.65,2024-07-12
INV101211,30,2024-05-04,2024-06-03,5202.01,2024-06-10
INV101212,31,2024-05-04,2024-06-03,4740.91,2024-06-06
INV101213,38,2024-05-04,2024-06-03,10855.56,2024-06-03
INV101214,40,2024-05-04,2024-07-03,3741.12,2024-07-02
INV101215,45,2024-05-04,2024-06-03,2263.34,2024-08-01
INV101216,49,2024-05-04,2024-06-03,7103.96,2024-05-31
INV101217,61,2024-05-04,2024-06-03,2060.43,2024-06-06
INV101218,62,2024-05-04,2024-07-03,14274.09,2024-08-01
INV101219,78,2024-05-04,2024-06-03,793.83,2024-06-23
INV101220,86,2024-05-04,2024-06-03,4087.71,2024-06-01
INV101221,90,2024-05-04,2024-06-03,16754.1,2024-06-09
INV101222,101,2024-05-04,2024-06-03,9493.8,2024-06-02
INV101223,112,2024-05-04,2024-07-03,7640.34,2024-07-05
INV101224,143,2024-05-04,2024-06-03,56713.1,2024-06-09
INV101225,67,2024-05-05,2024-06-04,1766.12,2024-06-08
INV101226,71,2024-05-05,2024-06-04,868.89,2024-06-28
INV101227,77,2024-05-05,2024-06-04,7965.05,2024-06-09
INV101228,93,2024-05-05,2024-06-04,6253.91,2024-06-11
INV101229,102,2024-05-05,2024-06-04,26899.31,2024-06-12
INV101230,106,2024-05-05,2024-06-04,6448.8,2024-05-31
INV101231,128,2024-05-05,2024-06-04,5614.44,2024-06-08
INV101232,146,2024-05-05,2024-06-04,28309.7,2024-07-02
INV101233,33,2024-05-06,2024-06-05,3477.44,2024-06-06
INV101234,36,2024-05-06,2024-06-05,11550.78,2024-06-08
INV101235,50,2024-05-06,2024-06-05,4507.6,2024-08-15
INV101236,55,2024-05-06,2024-06-05,9470.14,2024-06-26
INV101237,63,2024-05-06,2024-06-05,3287.6,2024-06-04
INV101238,81,2024-05-06,2024-06-05,2558.2,2024-06-03
INV101239,82,2024-05-06,2024-06-05,9833.55,2024-07-25
INV101240,94,2024-05-06,2024-06-05,1688.22,2024-05-30
INV101241,114,2024-05-06,2024-06-05,5047.01,2024-07-06
INV101242,116,2024-05-06,2024-06-05,9451.71,2024-06-07
INV101243,141,2024-05-06,2024-06-05,1312.86,2024-06-08
INV101244,19,2024-05-07,2024-06-06,33708.13,2024-07-06
INV101245,34,2024-05-07,2024-06-06,5851.19,2024-06-15
INV101246,42,2024-05-07,2024-07-06,2580.96,2024-07-21
INV101247,51,2024-05-07,2024-06-06,2433.41,2024-06-08
INV101248,53,2024-05-07,2024-07-06,11180.78,2024-06-28
INV101249,62,2024-05-07,2024-07-06,5851.14,2024-08-07
INV101250,87,2024-05-07,2024-06-06,1386.46,2024-06-22
INV101251,89,2024-05-07,2024-06-06,8145.76,2024-06-09
INV101252,134,2024-05-07,2024-06-06,10042.27,2024-06-05
INV101253,135,2024-05-07,2024-06-06,28246.04,
INV101254,142,2024-05-07,2024-06-06,473.49,2024-06-04
INV101255,2,2024-05-08,2024-06-07,6996.52,2024-06-07
INV101256,6,2024-05-08,2024-06-07,13748.47,2024-07-10
INV101257,20,2024-05-08,2024-07-07,7378.16,2024-07-13
INV101258,34,2024-05-08,2024-06-07,8577.2,2024-07-09
INV101259,44,2024-05-08,2024-07-07,6773.13,2024-07-04
INV101260,52,2024-05-08,2024-06-07,4554.09,2024-07-04
INV101261,62,2024-05-08,2024-07-07,15094.13,2024-07-24
INV101262,67,2024-05-08,2024-06-07,3025.05,2024-06-13
INV101263,73,2024-05-08,2024-06-07,5332.68,2024-06-09
INV101264,76,2024-05-08,2024-06-07,11356.65,2024-06-27
INV101265,80,2024-05-08,2024-07-07,15996.76,2024-07-03
INV101266,109,2024-05-08,2024-07-07,7372.94,2024-09-02
INV101267,114,2024-05-08,2024-06-07,4368.97,2024-06-16
INV101268,121,2024-05-08,2024-06-07,10060.56,2024-06-04
INV101269,129,2024-05-08,2024-06-07,9113.87,2024-06-15
INV101270,145,2024-05-08,2024-06-07,31633.66,2024-06-17
INV101271,25,2024-05-09,2024-06-08,2518.88,2024-06-07
INV101272,35,2024-05-09,2024-06-08,2143.75,2024-06-08
INV101273,64,2024-05-09,2024-06-08,10108.44,2024-06-07
INV101274,74,2024-05-09,2024-07-08,12773.43,2024-07-20
INV101275,104,2024-05-09,2024-06-08,13851.24,2024-06-28
INV101276,117,2024-05-09,2024-06-08,7961.08,2024-06-01
INV101277,128,2024-05-09,2024-06-08,3478.37,2024-06-07
INV101278,129,2024-05-09,2024-06-08,14174.69,2024-06-16
INV101279,140,2024-05-09,2024-06-08,5541.7,2024-06-25
INV101280,147,2024-05-09,2024-06-08,6646.79,2024-06-10
INV101281,4,2024-05-10,2024-07-09,6688.99,2024-07-13
INV101282,25,2024-05-10,2024-06-09,1019.3,2024-06-25
INV101283,34,2024-05-10,2024-06-09,6157.87,2024-07-08
INV101284,48,2024-05-10,2024-07-09,21215.92,2024-07-06
INV101285,56,2024-05-10,2024-06-09,5836.51,2024-06-18
INV101286,57,2024-05-10,2024-07-09,7344.0,2024-07-06
INV101287,61,2024-05-10,2024-06-09,2856.83,2024-06-15
INV101288,61,2024-05-10,2024-06-09,4186.16,2024-06-07
INV101289,64,2024-05-10,2024-06-09,8197.9,2024-06-10
INV101290,64,2024-05-10,2024-06-09,8735.88,2024-06-06
INV101291,82,2024-05-10,2024-06-09,29122.27,2024-07-26
INV101292,82,2024-05-10,2024-06-09,10579.23,2024-08-12
INV101293,91,2024-05-10,2024-06-09,6933.34,2024-06-11
INV101294,100,2024-05-10,2024-06-09,3800.64,2024-06-25
INV101295,117,2024-05-10,2024-06-09,7435.37,2024-06-06
INV101296,127,2024-05-10,2024-06-09,6331.17,2024-06-18
INV101297,135,2024-05-10,2024-06-09,48258.93,2024-08-03
INV101298,138,2024-05-10,2024-06-09,16921.02,2024-06-04
INV101299,141,2024-05-10,2024-06-09,1395.05,2024-06-04
INV101300,26,2024-05-11,2024-07-10,8722.63,2024-07-20
INV101301,31,2024-05-11,2024-06-10,4216.18,2024-06-13
INV101302,58,2024-05-11,2024-06-10,10435.75,2024-06-03
INV101303,89,2024-05-11,2024-06-10,13463.0,2024-06-17
INV101304,102,2024-05-11,2024-06-10,11770.55,2024-06-08
INV101305,110,2024-05-11,2024-06-10,9052.17,2024-06-15
INV101306,130,2024-05-11,2024-06-10,5388.35,2024-06-10
INV101307,140,2024-05-11,2024-06-10,5642.57,2024-06-07
INV101308,15,2024-05-12,2024-07-11,3908.7,2024-07-11
INV101309,27,2024-05-12,2024-06-11,3370.97,2024-06-15
INV101310,69,2024-05-12,2024-06-11,30309.36,2024-07-05
INV101311,80,2024-05-12,2024-07-11,13419.7,2024-07-13
INV101312,84,2024-05-12,2024-06-11,24944.97,2024-06-10
INV101313,85,2024-05-12,2024-06-11,3977.13,2024-06-12
INV101314,108,2024-05-12,2024-06-11,10712.85,2024-06-09
INV101315,130,2024-05-12,2024-06-11,7730.08,2024-06-11
INV101316,138,2024-05-12,2024-06-11,11063.12,2024-06-08
INV101317,21,2024-05-13,2024-06-12,12059.95,2024-07-31
INV101318,34,2024-05-13,2024-06-12,9401.01,2024-06-02
INV101319,45,2024-05-13,2024-06-12,2215.17,2024-08-15
INV101320,48,2024-05-13,2024-07-12,19233.51,2024-07-08
INV101321,53,2024-05-13,2024-07-12,12904.02,2024-07-24
INV101322,57,2024-05-13,2024-07-12,5743.02,2024-07-16
INV101323,99,2024-05-13,2024-06-12,2000.04,2024-06-23
INV101324,112,2024-05-13,2024-07-12,3027.29,2024-07-07
INV101325,127,2024-05-13,2024-06-12,2412.82,2024-06-14
INV101326,10,2024-05-14,2024-07-13,5155.98,2024-08-01
INV101327,21,2024-05-14,2024-06-13,6013.68,2024-07-04
INV101328,40,2024-05-14,2024-07-13,2097.03,2024-07-08
INV101329,50,2024-05-14,2024-06-13,17746.01,2024-06-13
INV101330,72,2024-05-14,2024-06-13,3486.01,2024-06-19
INV101331,87,2024-05-14,2024-06-13,1899.45,2024-06-15
INV101332,120,2024-05-14,2024-07-13,2626.24,2024-07-18
INV101333,132,2024-05-14,2024-06-13,2092.4,2024-06-20
INV101334,146,2024-05-14,2024-06-13,20595.89,2024-06-29
INV101335,1,2024-05-15,2024-06-14,1804.64,2024-06-24
INV101336,9,2024-05-15,2024-06-14,5400.71,2024-08-18
INV101337,11,2024-05-15,2024-06-14,1101.4,2024-06-14
INV101338,13,2024-05-15,2024-06-14,5159.22,
INV101339,15,2024-05-15,2024-07-14,3687.01,2024-07-09
INV101340,28,2024-05-15,2024-06-14,1712.02,2024-06-26
INV101341,33,2024-05-15,2024-06-14,3344.08,2024-06-05
INV101342,38,2024-05-15,2024-06-14,14679.75,2024-06-06
INV101343,62,2024-05-15,2024-07-14,15894.95,2024-08-04
INV101344,70,2024-05-15,2024-06-14,8224.54,2024-06-19
INV101345,73,2024-05-15,2024-06-14,8476.81,2024-06-25
INV101346,91,2024-05-15,2024-06-14,9088.83,2024-06-16
INV101347,97,2024-05-15,2024-06-14,7138.87,2024-06-18
INV101348,98,2024-05-15,2024-06-14,1862.07,2024-08-04
INV101349,120,2024-05-15,2024-07-14,3540.24,2024-07-12
INV101350,122,2024-05-15,2024-06-14,2879.98,2024-06-04
INV101351,126,2024-05-15,2024-06-14,4760.55,2024-07-03
INV101352,27,2024-05-16,2024-06-15,3200.75,2024-06-12
INV101353,52,2024-05-16,2024-06-15,3270.82,2024-06-11
INV101354,69,2024-05-16,2024-06-15,26071.42,2024-07-22
INV101355,75,2024-05-16,2024-06-15,3854.67,2024-06-12
INV101356,90,2024-05-16,2024-06-15,13801.78,2024-06-11
INV101357,99,2024-05-16,2024-06-15,1175.12,2024-06-17
INV101358,143,2024-05-16,2024-06-15,28402.06,2024-06-19
INV101359,10,2024-05-17,2024-07-16,10144.14,2024-08-16
INV101360,14,2024-05-17,2024-06-16,3024.8,2024-06-15
INV101361,33,2024-05-17,2024-06-16,5266.48,2024-06-23
INV101362,58,2024-05-17,2024-06-16,9733.66,2024-06-20
INV101363,59,2024-05-17,2024-06-16,2102.09,2024-06-11
INV101364,69,2024-05-17,2024-06-16,26636.39,2024-06-23
INV101365,98,2024-05-17,2024-06-16,3076.23,2024-08-24
INV101366,101,2024-05-17,2024-06-16,7024.45,2024-06-16
INV101367,129,2024-05-17,2024-06-16,4717.06,2024-06-22
INV101368,3,2024-05-18,2024-06-17,3929.59,2024-07-30
INV101369,4,2024-05-18,2024-07-17,4887.69,2024-07-21
INV101370,13,2024-05-18,2024-06-17,3795.08,2024-07-09
INV101371,20,2024-05-18,2024-07-17,9803.49,2024-07-12
INV101372,23,2024-05-18,2024-06-17,6650.7,2024-06-15
INV101373,36,2024-05-18,2024-06-17,10013.33,2024-06-09
INV101374,41,2024-05-18,2024-06-17,17097.82,2024-06-12
INV101375,45,2024-05-18,2024-06-17,5274.88,2024-08-07
INV101376,60,2024-05-18,2024-06-17,16480.37,2024-06-19
INV101377,66,2024-05-18,2024-06-17,15015.67,2024-06-28
INV101378,69,2024-05-18,2024-06-17,66717.66,2024-06-28
INV101379,70,2024-05-18,2024-06-17,8550.87,2024-06-24
INV101380,72,2024-05-18,2024-06-17,1781.14,2024-06-21
INV101381,101,2024-05-18,2024-06-17,7405.74,2024-06-24
INV101382,104,2024-05-18,2024-06-17,15785.76,2024-06-17
INV101383,147,2024-05-18,2024-06-17,5952.47,2024-07-21
INV101384,7,2024-05-19,2024-06-18,7190.31,2024-06-20
INV101385,24,2024-05-19,2024-06-18,8196.03,2024-06-26
INV101386,30,2024-05-19,2024-06-18,4859.67,2024-06-23
INV101387,37,2024-05-19,2024-06-18,8024.57,2024-07-17
INV101388,40,2024-05-19,2024-07-18,2495.73,2024-07-09
INV101389,46,2024-05-19,2024-07-18,5623.27,2024-07-15
INV101390,100,2024-05-19,2024-06-18,2262.8,2024-07-17
INV101391,116,2024-05-19,2024-06-18,7020.14,2024-06-21
INV101392,149,2024-05-19,2024-06-18,13190.46,2024-07-16
INV101393,72,2024-05-20,2024-06-19,3636.26,2024-06-26
INV101394,77,2024-05-20,2024-06-19,7788.47,2024-06-22
INV101395,95,2024-05-20,2024-07-19,13391.56,2024-08-10
INV101396,97,2024-05-20,2024-06-19,8191.76,2024-07-16
INV101397,103,2024-05-20,2024-06-19,5786.53,2024-07-28
INV101398,13,2024-05-21,2024-06-20,6572.81,2024-07-14
INV101399,13,2024-05-21,2024-06-20,4985.65,2024-06-28
INV101400,16,2024-05-21,2024-06-20,12499.09,2024-06-20
INV101401,45,2024-05-21,2024-06-20,8143.27,2024-07-30
INV101402,51,2024-05-21,2024-06-20,1644.19,2024-06-16
INV101403,57,2024-05-21,2024-07-20,5456.45,2024-07-18
INV101404,64,2024-05-21,2024-06-20,9264.29,2024-06-19
INV101405,94,2024-05-21,2024-06-20,3955.23,2024-06-20
INV101406,95,2024-05-21,2024-07-20,15058.56,2024-08-18
INV101407,122,2024-05-21,2024-06-20,2057.84,2024-06-21
INV101408,144,2024-05-21,2024-06-20,2019.09,2024-07-18
INV101409,145,2024-05-21,2024-06-20,46901.13,2024-07-27
INV101410,147,2024-05-21,2024-06-20,5721.02,2024-07-08
INV101411,148,2024-05-21,2024-07-20,7879.47,2024-07-26
INV101412,4,2024-05-22,2024-07-21,5729.09,2024-07-22
INV101413,30,2024-05-22,2024-06-21,7139.63,2024-06-21
INV101414,40,2024-05-22,2024-07-21,3146.61,2024-07-18
INV101415,52,2024-05-22,2024-06-21,6101.94,2024-07-08
INV101416,86,2024-05-22,2024-06-21,9872.79,2024-06-16
INV101417,95,2024-05-22,2024-07-21,5242.03,2024-07-22
INV101418,119,2024-05-22,2024-07-21,4741.19,2024-08-04
INV101419,121,2024-05-22,2024-06-21,14478.0,2024-06-22
INV101420,2,2024-05-23,2024-06-22,10382.55,2024-06-19
INV101421,13,2024-05-23,2024-06-22,3683.04,2024-07-02
INV101422,32,2024-05-23,2024-06-22,8747.26,2024-06-29
INV101423,51,2024-05-23,2024-06-22,4418.88,2024-06-25
INV101424,60,2024-05-23,2024-06-22,12446.9,2024-06-14
INV101425,66,2024-05-23,2024-06-22,8343.26,2024-06-24
INV101426,91,2024-05-23,2024-06-22,7232.14,2024-06-24
INV101427,93,2024-05-23,2024-06-22,3763.77,2024-07-12
INV101428,110,2024-05-23,2024-06-22,13673.42,2024-06-23
INV101429,131,2024-05-23,2024-06-22,2298.13,2024-09-19
INV101430,147,2024-05-23,2024-06-22,5226.32,2024-06-19
INV101431,1,2024-05-24,2024-06-23,5010.86,2024-06-26
INV101432,38,2024-05-24,2024-06-23,12494.29,2024-06-22
INV101433,40,2024-05-24,2024-07-23,7831.88,2024-07-29
INV101434,84,2024-05-24,2024-06-23,16432.13,2024-06-29
INV101435,91,2024-05-24,2024-06-23,6817.11,2024-06-25
INV101436,113,2024-05-24,2024-07-23,13733.15,2024-07-20
INV101437,120,2024-05-24,2024-07-23,2124.68,2024-07-28
INV101438,138,2024-05-24,2024-06-23,4190.43,2024-06-23
INV101439,146,2024-05-24,2024-06-23,13228.21,2024-07-27
INV101440,1,2024-05-25,2024-06-24,4072.43,2024-06-28
INV101441,90,2024-05-25,2024-06-24,4173.77,2024-06-18
INV101442,105,2024-05-25,2024-06-24,2336.86,2024-07-22
INV101443,106,2024-05-25,2024-06-24,5231.32,2024-06-20
INV101444,140,2024-05-25,2024-06-24,5559.43,2024-07-04
INV101445,33,2024-05-26,2024-06-25,12389.58,2024-06-27
INV101446,63,2024-05-26,2024-06-25,4979.87,2024-06-21
INV101447,88,2024-05-26,2024-06-25,5415.04,2024-06-27
INV101448,112,2024-05-26,2024-07-25,3268.07,2024-07-23
INV101449,124,2024-05-26,2024-07-25,3014.28,2024-08-05
INV101450,142,2024-05-26,2024-06-25,858.64,2024-06-30
INV101451,13,2024-05-27,2024-06-26,2090.16,2024-07-22
INV101452,16,2024-05-27,2024-06-26,32953.78,2024-07-17
INV101453,40,2024-05-27,2024-07-26,7244.84,2024-07-27
INV101454,54,2024-05-27,2024-07-26,4633.5,2024-08-03
INV101455,61,2024-05-27,2024-06-26,1771.39,2024-06-28
INV101456,64,2024-05-27,2024-06-26,3665.16,2024-07-04
INV101457,65,2024-05-27,2024-06-26,1855.9,2024-06-17
INV101458,130,2024-05-27,2024-06-26,8730.56,2024-07-05
INV101459,131,2024-05-27,2024-06-26,4988.98,2024-10-05
INV101460,150,2024-05-27,2024-06-26,5267.05,2024-06-24
INV101461,19,2024-05-28,2024-06-27,13206.98,2024-07-03
INV101462,22,2024-05-28,2024-06-27,18242.83,2024-07-06
INV101463,35,2024-05-28,2024-06-27,3233.03,2024-06-29
INV101464,89,2024-05-28,2024-06-27,9727.4,2024-06-21
INV101465,114,2024-05-28,2024-06-27,2277.74,2024-07-27
INV101466,118,2024-05-28,2024-06-27,8284.64,2024-06-22
INV101467,128,2024-05-28,2024-06-27,5487.27,2024-06-23
INV101468,150,2024-05-28,2024-06-27,6100.01,2024-06-30
INV101469,4,2024-06-01,2024-07-31,6207.76,2024-07-31
INV101470,14,2024-06-01,2024-07-01,8971.66,2024-06-30
INV101471,33,2024-06-01,2024-07-01,3803.55,2024-06-25
INV101472,45,2024-06-01,2024-07-01,3546.89,2024-09-22
INV101473,51,2024-06-01,2024-07-01,3674.82,2024-07-02
INV101474,65,2024-06-01,2024-07-01,1523.41,2024-07-19
INV101475,71,2024-06-01,2024-07-01,562.16,2024-08-02
INV101476,99,2024-06-01,2024-07-01,3701.03,2024-06-30
INV101477,117,2024-06-01,2024-07-01,6515.48,2024-07-04
INV101478,131,2024-06-01,2024-07-01,4927.58,2024-08-10
INV101479,134,2024-06-01,2024-07-01,7554.5,2024-06-26
INV101480,18,2024-06-02,2024-07-02,22673.78,2024-07-04
INV101481,18,2024-06-02,2024-07-02,91359.02,2024-07-12
INV101482,23,2024-06-02,2024-07-02,9333.22,2024-07-05
INV101483,25,2024-06-02,2024-07-02,3349.74,2024-06-23
INV101484,29,2024-06-02,2024-07-02,10398.79,2024-07-27
INV101485,30,2024-06-02,2024-07-02,4441.2,2024-07-05
INV101486,78,2024-06-02,2024-07-02,1154.41,2024-07-31
INV101487,96,2024-06-02,2024-07-02,28730.18,2024-07-29
INV101488,101,2024-06-02,2024-07-02,9126.89,2024-06-30
INV101489,107,2024-06-02,2024-07-02,5874.03,2024-07-15
INV101490,114,2024-06-02,2024-07-02,4185.76,2024-08-12
INV101491,142,2024-06-02,2024-07-02,614.16,2024-07-07
INV101492,143,2024-06-02,2024-07-02,96026.96,2024-07-04
INV101493,10,2024-06-03,2024-08-02,8222.21,2024-08-30
INV101494,15,2024-06-03,2024-08-02,6648.31,2024-08-08
INV101495,45,2024-06-03,2024-07-03,3905.31,2024-08-15
INV101496,46,2024-06-03,2024-08-02,3508.33,2024-08-11
INV101497,59,2024-06-03,2024-07-03,1716.81,2024-07-05
INV101498,64,2024-06-03,2024-07-03,4119.56,2024-07-09
INV101499,71,2024-06-03,2024-07-03,588.71,2024-08-16
INV101500,88,2024-06-03,2024-07-03,4892.42,2024-07-09
INV101501,90,2024-06-03,2024-07-03,8840.62,2024-07-07
INV101502,115,2024-06-03,2024-07-03,3550.12,2024-07-26
INV101503,117,2024-06-03,2024-07-03,15983.22,2024-07-07
INV101504,131,2024-06-03,2024-07-03,3886.87,2024-09-06
INV101505,1,2024-06-04,2024-07-04,3586.22,2024-07-07
INV101506,34,2024-06-04,2024-07-04,10077.5,2024-07-17
INV101507,54,2024-06-04,2024-08-03,5336.54,2024-08-05
INV101508,73,2024-06-04,2024-07-04,5609.14,2024-07-02
INV101509,82,2024-06-04,2024-07-04,10813.7,2024-07-09
INV101510,86,2024-06-04,2024-07-04,2844.01,2024-06-30
INV101511,99,2024-06-04,2024-07-04,1256.09,2024-07-10
INV101512,106,2024-06-04,2024-07-04,7246.1,2024-07-01
INV101513,112,2024-06-04,2024-08-03,2387.88,2024-08-03
INV101514,118,2024-06-04,2024-07-04,11593.41,2024-07-12
INV101515,124,2024-06-04,2024-08-03,3315.61,2024-09-06
INV101516,125,2024-06-04,2024-08-03,2189.53,2024-08-05
INV101517,138,2024-06-04,2024-07-04,10389.58,2024-07-08
INV101518,143,2024-06-04,2024-07-04,90401.64,2024-07-04
INV101519,144,2024-06-04,2024-07-04,1820.37,2024-07-23
INV101520,26,2024-06-05,2024-08-04,8876.71,2024-08-04
INV101521,68,2024-06-05,2024-08-04,13819.78,2024-08-04
INV101522,72,2024-06-05,2024-07-05,4193.72,2024-07-13
INV101523,79,2024-06-05,2024-08-04,9717.84,2024-08-01
INV101524,81,2024-06-05,2024-07-05,3275.07,2024-07-07
INV101525,131,2024-06-05,2024-07-05,2334.52,2024-07-18
INV101526,14,2024-06-06,2024-07-06,4252.43,2024-07-08
INV101527,52,2024-06-06,2024-07-06,2629.83,2024-07-27
INV101528,69,2024-06-06,2024-07-06,34842.89,2024-08-05
INV101529,70,2024-06-06,2024-07-06,8900.2,2024-06-29
INV101530,72,2024-06-06,2024-07-06,2708.94,2024-07-05
INV101531,80,2024-06-06,2024-08-05,10363.89,2024-08-04
INV101532,112,2024-06-06,2024-08-05,5110.05,2024-07-31
INV101533,16,2024-06-07,2024-07-07,32250.8,2024-08-11
INV101534,25,2024-06-07,2024-07-07,1824.44,2024-07-14
INV101535,42,2024-06-07,2024-08-06,3849.67,2024-07-30
INV101536,48,2024-06-07,2024-08-06,13234.21,2024-08-07
INV101537,104,2024-06-07,2024-07-07,19266.22,2024-07-25
INV101538,134,2024-06-07,2024-07-07,12149.34,2024-07-04
INV101539,135,2024-06-07,2024-07-07,19296.58,2024-09-05
INV101540,25,2024-06-08,2024-07-08,2308.78,2024-07-13
INV101541,31,2024-06-08,2024-07-08,3166.79,2024-07-09
INV101542,40,2024-06-08,2024-08-07,2118.03,2024-08-01
INV101543,57,2024-06-08,2024-08-07,4525.41,2024-08-05
INV101544,71,2024-06-08,2024-07-08,1089.54,2024-07-25
INV101545,106,2024-06-08,2024-07-08,6210.11,2024-06-30
INV101546,107,2024-06-08,2024-07-08,7905.56,2024-07-09
INV101547,127,2024-06-08,2024-07-08,7710.62,2024-07-12
INV101548,127,2024-06-08,2024-07-08,2316.09,2024-07-01
INV101549,9,2024-06-09,2024-07-09,5475.4,2024-08-22
INV101550,57,2024-06-09,2024-08-08,4020.43,2024-07-29
INV101551,121,2024-06-09,2024-07-09,7137.41,2024-07-18
INV101552,31,2024-06-10,2024-07-10,2954.19,2024-07-07
INV101553,51,2024-06-10,2024-07-10,3127.74,2024-06-30
INV101554,59,2024-06-10,2024-07-10,2200.73,2024-07-07
INV101555,78,2024-06-10,2024-07-10,1569.26,2024-07-24
INV101556,122,2024-06-10,2024-07-10,2546.49,2024-07-09
INV101557,127,2024-06-10,2024-07-10,2863.74,2024-07-12
INV101558,149,2024-06-10,2024-07-10,15888.35,2024-08-18
INV101559,11,2024-06-11,2024-07-11,1611.24,2024-07-14
INV101560,18,2024-06-11,2024-07-11,28453.51,2024-07-14
INV101561,59,2024-06-11,2024-07-11,2645.08,2024-07-12
INV101562,64,2024-06-11,2024-07-11,8025.97,2024-07-22
INV101563,110,2024-06-11,2024-07-11,3118.26,2024-07-11
INV101564,127,2024-06-11,2024-07-11,2179.95,2024-07-06
INV101565,33,2024-06-12,2024-07-12,8575.76,2024-07-13
INV101566,34,2024-06-12,2024-07-12,7432.97,2024-08-01
INV101567,44,2024-06-12,2024-08-11,5305.98,2024-08-12
INV101568,57,2024-06-12,2024-08-11,3200.29,2024-08-19
INV101569,59,2024-06-12,2024-07-12,1873.61,2024-07-10
INV101570,63,2024-06-12,2024-07-12,7082.59,2024-07-14
INV101571,64,2024-06-12,2024-07-12,9112.34,2024-07-19
INV101572,70,2024-06-12,2024-07-12,7084.07,2024-07-17
INV101573,70,2024-06-12,2024-07-12,3843.28,2024-07-02
INV101574,104,2024-06-12,2024-07-12,21815.62,2024-08-02
INV101575,113,2024-06-12,2024-08-11,13557.9,2024-08-15
INV101576,143,2024-06-12,2024-07-12,69209.0,2024-07-06
INV101577,5,2024-06-13,2024-07-13,3419.72,2024-07-05
INV101578,5,2024-06-13,2024-07-13,2764.32,2024-07-15
INV101579,10,2024-06-13,2024-08-12,11392.17,2024-09-23
INV101580,18,2024-06-13,2024-07-13,29339.74,2024-07-10
INV101581,40,2024-06-13,2024-08-12,2426.71,2024-08-11
INV101582,43,2024-06-13,2024-08-12,4101.21,2024-08-20
INV101583,53,2024-06-13,2024-08-12,6538.69,2024-08-04
INV101584,54,2024-06-13,2024-08-12,7285.83,2024-08-09
INV101585,93,2024-06-13,2024-07-13,2667.83,2024-08-10
INV101586,106,2024-06-13,2024-07-13,4625.13,2024-07-17
INV101587,121,2024-06-13,2024-07-13,10771.93,2024-07-15
INV101588,131,2024-06-13,2024-07-13,7209.86,2024-10-07
INV101589,14,2024-06-14,2024-07-14,2786.0,2024-07-06
INV101590,40,2024-06-14,2024-08-13,5476.86,2024-08-17
INV101591,65,2024-06-14,2024-07-14,1242.4,2024-08-06
INV101592,69,2024-06-14,2024-07-14,53223.17,2024-07-23
INV101593,72,2024-06-14,2024-07-14,1511.76,2024-07-15
INV101594,115,2024-06-14,2024-07-14,4792.65,2024-08-06
INV101595,138,2024-06-14,2024-07-14,14736.15,2024-07-18
INV101596,146,2024-06-14,2024-07-14,20700.67,2024-07-31
INV101597,8,2024-06-15,2024-08-14,1961.22,2024-08-18
INV101598,35,2024-06-15,2024-07-15,3338.8,2024-07-20
INV101599,37,2024-06-15,2024-07-15,5178.55,2024-08-09
INV101600,46,2024-06-15,2024-08-14,4161.72,2024-08-22
INV101601,59,2024-06-15,2024-07-15,2862.07,2024-07-14
INV101602,66,2024-06-15,2024-07-15,12436.9,2024-07-20
INV101603,67,2024-06-15,2024-07-15,3526.25,2024-07-14
INV101604,75,2024-06-15,2024-07-15,3132.68,2024-07-15
INV101605,82,2024-06-15,2024-07-15,10606.74,2024-09-19
INV101606,92,2024-06-15,2024-07-15,19906.53,2024-07-28
INV101607,109,2024-06-15,2024-08-14,8238.4,2024-10-04
INV101608,116,2024-06-15,2024-07-15,4981.94,2024-07-16
INV101609,118,2024-06-15,2024-07-15,7023.9,2024-07-13
INV101610,138,2024-06-15,2024-07-15,6112.04,2024-07-13
INV101611,13,2024-06-16,2024-07-16,2238.22,2024-07-25
INV101612,15,2024-06-16,2024-08-15,2586.68,2024-08-16
INV101613,44,2024-06-16,2024-08-15,12015.41,2024-08-15
INV101614,55,2024-06-16,2024-07-16,6776.61,2024-08-14
INV101615,78,2024-06-16,2024-07-16,1292.39,2024-08-07
INV101616,87,2024-06-16,2024-07-16,2860.14,2024-07-24
INV101617,92,2024-06-16,2024-07-16,14576.21,2024-08-09
INV101618,99,2024-06-16,2024-07-16,4346.19,2024-07-16
INV101619,108,2024-06-16,2024-07-16,7051.41,2024-07-24
INV101620,110,2024-06-16,2024-07-16,4179.44,2024-07-18
INV101621,8,2024-06-17,2024-08-16,1441.03,2024-08-14
INV101622,10,2024-06-17,2024-08-16,9930.78,2024-09-10
INV101623,71,2024-06-17,2024-07-17,391.51,2024-08-13
INV101624,95,2024-06-17,2024-08-16,11953.72,2024-09-13
INV101625,96,2024-06-17,2024-07-17,11118.77,2024-08-14
INV101626,102,2024-06-17,2024-07-17,50773.01,2024-07-18
INV101627,113,2024-06-17,2024-08-16,7818.26,2024-08-19
INV101628,138,2024-06-17,2024-07-17,8919.68,2024-07-20
INV101629,9,2024-06-18,2024-07-18,4815.77,2024-08-18
INV101630,15,2024-06-18,2024-08-17,6416.5,2024-08-19
INV101631,53,2024-06-18,2024-08-17,9852.09,2024-08-13
INV101632,54,2024-06-18,2024-08-17,4955.42,2024-08-19
INV101633,58,2024-06-18,2024-07-18,8266.14,2024-07-14
INV101634,66,2024-06-18,2024-07-18,4677.9,2024-07-24
INV101635,84,2024-06-18,2024-07-18,4518.78,2024-07-18
INV101636,99,2024-06-18,2024-07-18,2651.47,2024-07-24
INV101637,110,2024-06-18,2024-07-18,5273.72,2024-07-11
INV101638,110,2024-06-18,2024-07-18,4435.69,2024-07-26
INV101639,114,2024-06-18,2024-07-18,3928.51,2024-08-12
INV101640,131,2024-06-18,2024-07-18,1833.46,2024-07-31
INV101641,5,2024-06-19,2024-07-19,3139.21,2024-07-25
INV101642,8,2024-06-19,2024-08-18,1206.47,2024-08-14
INV101643,10,2024-06-19,2024-08-18,3496.72,2024-09-29
INV101644,25,2024-06-19,2024-07-19,1746.44,2024-07-25
INV101645,31,2024-06-19,2024-07-19,5471.85,2024-07-19
INV101646,64,2024-06-19,2024-07-19,5276.7,2024-07-14
INV101647,76,2024-06-19,2024-07-19,9065.11,2024-08-03
INV101648,77,2024-06-19,2024-07-19,10854.98,2024-07-22
INV101649,96,2024-06-19,2024-07-19,15588.54,2024-08-27
INV101650,117,2024-06-19,2024-07-19,4688.32,2024-07-21
INV101651,135,2024-06-19,2024-07-19,20719.43,2024-09-29
INV101652,139,2024-06-19,2024-07-19,20245.55,2024-08-06
INV101653,2,2024-06-20,2024-07-20,12397.99,2024-07-12
INV101654,37,2024-06-20,2024-07-20,2054.58,2024-07-16
INV101655,43,2024-06-20,2024-08-19,1733.28,2024-08-22
INV101656,50,2024-06-20,2024-07-20,6858.97,2024-08-18
INV101657,76,2024-06-20,2024-07-20,17167.58,2024-08-05
INV101658,92,2024-06-20,2024-07-20,21056.2,2024-08-04
INV101659,101,2024-06-20,2024-07-20,10017.86,2024-07-20
INV101660,112,2024-06-20,2024-08-19,4396.83,2024-08-22
INV101661,133,2024-06-20,2024-07-20,3202.32,2024-07-20
INV101662,138,2024-06-20,2024-07-20,7376.48,2024-07-18
INV101663,145,2024-06-20,2024-07-20,54783.92,2024-07-28
INV101664,7,2024-06-21,2024-07-21,15573.59,2024-07-30
INV101665,26,2024-06-21,2024-08-20,12685.64,2024-08-24
INV101666,26,2024-06-21,2024-08-20,5600.93,2024-08-10
INV101667,30,2024-06-21,2024-07-21,4910.51,2024-07-31
INV101668,34,2024-06-21,2024-07-21,6847.96,2024-08-23
INV101669,43,2024-06-21,2024-08-20,3473.41,2024-08-30
INV101670,68,2024-06-21,2024-08-20,12752.86,2024-08-20
INV101671,74,2024-06-21,2024-08-20,15189.66,2024-08-21
INV101672,74,2024-06-21,2024-08-20,18256.75,2024-08-29
INV101673,76,2024-06-21,2024-07-21,14277.38,2024-08-15
INV101674,76,2024-06-21,2024-07-21,6546.23,2024-07-12
INV101675,88,2024-06-21,2024-07-21,7878.33,2024-07-19
INV101676,105,2024-06-21,2024-07-21,2193.8,2024-08-18
INV101677,106,2024-06-21,2024-07-21,5286.86,2024-07-16
INV101678,111,2024-06-21,2024-07-21,13379.12,2024-08-04
INV101679,115,2024-06-21,2024-07-21,3713.45,2024-09-02
INV101680,125,2024-06-21,2024-08-20,3225.24,2024-08-24
INV101681,137,2024-06-21,2024-08-20,7199.92,2024-09-29
INV101682,5,2024-06-22,2024-07-22,2745.08,2024-07-19
INV101683,27,2024-06-22,2024-07-22,4287.02,2024-07-22
INV101684,28,2024-06-22,2024-07-22,866.79,2024-07-13
INV101685,37,2024-06-22,2024-07-22,5088.25,2024-07-31
INV101686,38,2024-06-22,2024-07-22,14622.89,2024-07-25
INV101687,64,2024-06-22,2024-07-22,7458.29,2024-07-25
INV101688,76,2024-06-22,2024-07-22,8071.07,2024-08-04
INV101689,83,2024-06-22,2024-07-22,6410.78,2024-09-23
INV101690,97,2024-06-22,2024-07-22,3957.48,2024-08-28
INV101691,97,2024-06-22,2024-07-22,5975.32,2024-08-10
INV101692,99,2024-06-22,2024-07-22,3514.56,2024-07-20
INV101693,103,2024-06-22,2024-07-22,2377.88,2024-08-07
INV101694,8,2024-06-23,2024-08-22,2342.18,2024-08-12
INV101695,16,2024-06-23,2024-07-23,20922.64,2024-07-27
INV101696,38,2024-06-23,2024-07-23,22264.32,2024-07-21
INV101697,50,2024-06-23,2024-07-23,13344.49,2024-10-26
INV101698,78,2024-06-23,2024-07-23,1240.71,2024-07-20
INV101699,108,2024-06-23,2024-07-23,4688.53,2024-07-13
INV101700,109,2024-06-23,2024-08-22,25286.45,2024-10-18
INV101701,115,2024-06-23,2024-07-23,2170.14,2024-08-15
INV101702,116,2024-06-23,2024-07-23,8845.11,2024-07-26
INV101703,127,2024-06-23,2024-07-23,3550.72,2024-07-22
INV101704,8,2024-06-24,2024-08-23,2271.72,2024-08-21
INV101705,13,2024-06-24,2024-07-24,2597.29,2024-08-05
INV101706,43,2024-06-24,2024-08-23,3323.43,2024-08-19
INV101707,58,2024-06-24,2024-07-24,6315.0,2024-07-27
INV101708,61,2024-06-24,2024-07-24,3816.6,2024-07-24
INV101709,68,2024-06-24,2024-08-23,11405.09,2024-08-21
INV101710,84,2024-06-24,2024-07-24,34109.86,2024-07-29
INV101711,112,2024-06-24,2024-08-23,3524.07,2024-08-30
INV101712,115,2024-06-24,2024-07-24,2621.76,2024-08-03
INV101713,140,2024-06-24,2024-07-24,2719.13,2024-08-21
INV101714,31,2024-06-25,2024-07-25,7156.15,2024-07-27
INV101715,33,2024-06-25,2024-07-25,9134.45,2024-08-02
INV101716,61,2024-06-25,2024-07-25,3651.61,2024-07-31
INV101717,64,2024-06-25,2024-07-25,5813.89,2024-07-25
INV101718,89,2024-06-25,2024-07-25,5052.59,2024-07-26
INV101719,90,2024-06-25,2024-07-25,12480.81,2024-07-20
INV101720,96,2024-06-25,2024-07-25,11723.83,2024-08-28
INV101721,98,2024-06-25,2024-07-25,952.78,2024-10-25
INV101722,113,2024-06-25,2024-08-24,15435.87,2024-08-18
INV101723,124,2024-06-25,2024-08-24,2195.97,2024-08-30
INV101724,148,2024-06-25,2024-08-24,6861.55,2024-08-20
INV101725,24,2024-06-26,2024-07-26,4865.59,2024-07-30
INV101726,28,2024-06-26,2024-07-26,836.32,2024-08-06
INV101727,67,2024-06-26,2024-07-26,2579.87,2024-07-22
INV101728,74,2024-06-26,2024-08-25,19169.73,2024-08-25
INV101729,78,2024-06-26,2024-07-26,863.26,2024-08-19
INV101730,81,2024-06-26,2024-07-26,4173.58,2024-07-21
INV101731,84,2024-06-26,2024-07-26,7375.07,2024-07-28
INV101732,106,2024-06-26,2024-07-26,2434.27,2024-07-29
INV101733,137,2024-06-26,2024-08-25,6526.19,2024-09-28
INV101734,51,2024-06-27,2024-07-27,2540.34,2024-07-17
INV101735,56,2024-06-27,2024-07-27,9015.55,2024-07-25
INV101736,60,2024-06-27,2024-07-27,11902.67,2024-07-28
INV101737,68,2024-06-27,2024-08-26,10502.7,2024-08-23
INV101738,70,2024-06-27,2024-07-27,4242.78,2024-07-30
INV101739,121,2024-06-27,2024-07-27,16323.69,2024-08-01
INV101740,32,2024-06-28,2024-07-28,10982.48,2024-07-21
INV101741,146,2024-06-28,2024-07-28,18797.02,2024-07-28
INV101742,7,2024-07-01,2024-07-31,5692.74,2024-08-10
INV101743,16,2024-07-01,2024-07-31,22105.94,2024-08-16
INV101744,23,2024-07-01,2024-07-31,7135.06,2024-07-31
INV101745,76,2024-07-01,2024-07-31,9871.09,2024-08-31
INV101746,78,2024-07-01,2024-07-31,592.55,2024-08-18
INV101747,106,2024-07-01,2024-07-31,3224.0,2024-08-05
INV101748,110,2024-07-01,2024-07-31,10512.25,2024-08-08
INV101749,110,2024-07-01,2024-07-31,3545.06,2024-07-30
INV101750,134,2024-07-01,2024-07-31,12211.93,2024-08-03
INV101751,146,2024-07-01,2024-07-31,33877.78,2024-08-31
INV101752,150,2024-07-01,2024-07-31,8047.9,2024-08-03
INV101753,28,2024-07-02,2024-08-01,666.8,2024-08-25
INV101754,64,2024-07-02,2024-08-01,5523.84,2024-07-27
INV101755,64,2024-07-02,2024-08-01,7584.02,2024-08-03
INV101756,67,2024-07-02,2024-08-01,2140.15,2024-08-01
INV101757,77,2024-07-02,2024-08-01,21427.28,2024-08-03
INV101758,116,2024-07-02,2024-08-01,6641.8,2024-07-30
INV101759,122,2024-07-02,2024-08-01,2158.39,2024-08-02
INV101760,129,2024-07-02,2024-08-01,14361.29,2024-08-05
INV101761,143,2024-07-02,2024-08-01,59613.38,2024-08-07
INV101762,149,2024-07-02,2024-08-01,12083.84,2024-08-22
INV101763,6,2024-07-03,2024-08-02,14734.79,2024-10-04
INV101764,17,2024-07-03,2024-08-02,17556.45,2024-08-22
INV101765,17,2024-07-03,2024-08-02,7665.54,2024-08-12
INV101766,29,2024-07-03,2024-08-02,9962.53,2024-09-02
INV101767,56,2024-07-03,2024-08-02,7199.46,2024-08-09
INV101768,85,2024-07-03,2024-08-02,4287.74,2024-08-03
INV101769,135,2024-07-03,2024-08-02,57574.49,2024-10-02
INV101770,8,2024-07-04,2024-09-02,1397.65,2024-08-31
INV101771,22,2024-07-04,2024-08-03,43289.96,2024-08-07
INV101772,22,2024-07-04,2024-08-03,17436.17,2024-08-10
INV101773,27,2024-07-04,2024-08-03,2354.42,2024-08-05
INV101774,68,2024-07-04,2024-09-02,25939.95,2024-08-31
INV101775,90,2024-07-04,2024-08-03,16722.34,2024-08-01
INV101776,123,2024-07-04,2024-09-02,4267.81,2024-09-05
INV101777,135,2024-07-04,2024-08-03,16786.29,2024-09-12
INV101778,2,2024-07-05,2024-08-04,9482.01,2024-08-04
INV101779,12,2024-07-05,2024-08-04,3204.56,2024-08-14
INV101780,18,2024-07-05,2024-08-04,36208.11,2024-08-13
INV101781,50,2024-07-05,2024-08-04,17575.17,2024-09-02
INV101782,61,2024-07-05,2024-08-04,5376.76,2024-08-13
INV101783,95,2024-07-05,2024-09-03,6655.86,2024-09-19
INV101784,97,2024-07-05,2024-08-04,6990.95,2024-08-29
INV101785,99,2024-07-05,2024-08-04,2000.88,2024-07-29
INV101786,110,2024-07-05,2024-08-04,4788.96,2024-08-08
INV101787,121,2024-07-05,2024-08-04,12146.23,2024-08-14
INV101788,124,2024-07-05,2024-09-03,2983.99,2024-09-17
INV101789,132,2024-07-05,2024-08-04,2792.78,2024-08-08
INV101790,18,2024-07-06,2024-08-05,55270.6,2024-08-08
INV101791,22,2024-07-06,2024-08-05,33199.62,2024-07-27
INV101792,34,2024-07-06,2024-08-05,3753.97,2024-08-10
INV101793,40,2024-07-06,2024-09-04,2688.2,2024-08-29
INV101794,65,2024-07-06,2024-08-05,1262.85,2024-08-14
INV101795,72,2024-07-06,2024-08-05,6416.15,2024-08-11
INV101796,105,2024-07-06,2024-08-05,3883.27,2024-09-24
INV101797,127,2024-07-06,2024-08-05,6513.35,2024-07-30
INV101798,131,2024-07-06,2024-08-05,8234.86,2024-10-25
INV101799,32,2024-07-07,2024-08-06,9952.55,2024-08-08
INV101800,37,2024-07-07,2024-08-06,5175.73,2024-09-07
INV101801,61,2024-07-07,2024-08-06,3175.74,2024-08-13
INV101802,65,2024-07-07,2024-08-06,1578.84,2024-08-20
INV101803,72,2024-07-07,2024-08-06,1692.73,2024-08-07
INV101804,88,2024-07-07,2024-08-06,7651.95,2024-08-04
INV101805,88,2024-07-07,2024-08-06,5396.16,2024-08-07
INV101806,129,2024-07-07,2024-08-06,6069.12,2024-08-12
INV101807,132,2024-07-07,2024-08-06,6290.42,2024-08-06
INV101808,150,2024-07-07,2024-08-06,5887.46,2024-08-09
INV101809,34,2024-07-08,2024-08-07,4091.04,2024-09-06
INV101810,40,2024-07-08,2024-09-06,2555.94,2024-09-07
INV101811,43,2024-07-08,2024-09-06,4776.13,2024-08-29
INV101812,55,2024-07-08,2024-08-07,6736.71,2024-09-06
INV101813,76,2024-07-08,2024-08-07,16602.44,2024-08-30
INV101814,78,2024-07-08,2024-08-07,625.98,2024-08-19
INV101815,91,2024-07-08,2024-08-07,3881.31,2024-08-11
INV101816,97,2024-07-08,2024-08-07,6201.49,2024-08-22
INV101817,130,2024-07-08,2024-08-07,7737.33,2024-08-07
INV101818,140,2024-07-08,2024-08-07,4125.59,2024-08-21
INV101819,14,2024-07-09,2024-08-08,3988.93,2024-08-06
INV101820,30,2024-07-09,2024-08-08,3280.82,2024-08-06
INV101821,61,2024-07-09,2024-08-08,1945.65,2024-08-06
INV101822,74,2024-07-09,2024-09-07,16694.08,2024-09-07
INV101823,86,2024-07-09,2024-08-08,2904.28,2024-08-10
INV101824,103,2024-07-09,2024-08-08,6643.32,2024-08-27
INV101825,118,2024-07-09,2024-08-08,4533.07,2024-08-07
INV101826,150,2024-07-09,2024-08-08,2175.8,2024-07-30
INV101827,7,2024-07-10,2024-08-09,12792.4,2024-08-13
INV101828,26,2024-07-10,2024-09-08,7916.41,2024-09-15
INV101829,32,2024-07-10,2024-08-09,16644.71,2024-08-16
INV101830,64,2024-07-10,2024-08-09,12601.26,2024-08-12
INV101831,67,2024-07-10,2024-08-09,2723.1,2024-08-11
INV101832,74,2024-07-10,2024-09-08,13674.55,2024-09-05
INV101833,74,2024-07-10,2024-09-08,4335.1,2024-09-07
INV101834,79,2024-07-10,2024-09-08,4435.65,2024-09-12
INV101835,88,2024-07-10,2024-08-09,8471.3,2024-08-24
INV101836,90,2024-07-10,2024-08-09,10558.89,2024-08-16
INV101837,101,2024-07-10,2024-08-09,6500.73,2024-08-10
INV101838,2,2024-07-11,2024-08-10,8463.38,2024-08-06
INV101839,2,2024-07-11,2024-08-10,11371.71,2024-08-12
INV101840,9,2024-07-11,2024-08-10,5972.22,2024-11-10
INV101841,33,2024-07-11,2024-08-10,2889.74,2024-08-04
INV101842,35,2024-07-11,2024-08-10,4809.27,2024-08-10
INV101843,43,2024-07-11,2024-09-09,3039.61,2024-09-16
INV101844,61,2024-07-11,2024-08-10,2102.82,2024-08-15
INV101845,96,2024-07-11,2024-08-10,11726.72,2024-08-16
INV101846,130,2024-07-11,2024-08-10,3622.83,2024-08-01
INV101847,133,2024-07-11,2024-08-10,1587.71,2024-08-10
INV101848,139,2024-07-11,2024-08-10,16941.81,2024-09-13
INV101849,146,2024-07-11,2024-08-10,32606.29,2024-08-31
INV101850,60,2024-07-12,2024-08-11,12150.7,2024-08-04
INV101851,63,2024-07-12,2024-08-11,4935.51,2024-08-14
INV101852,64,2024-07-12,2024-08-11,4712.93,2024-08-02
INV101853,65,2024-07-12,2024-08-11,1217.91,2024-09-03
INV101854,85,2024-07-12,2024-08-11,2505.76,2024-08-14
INV101855,121,2024-07-12,2024-08-11,27155.84,2024-08-14
INV101856,139,2024-07-12,2024-08-11,9675.53,2024-09-05
INV101857,23,2024-07-13,2024-08-12,27699.25,2024-08-13
INV101858,58,2024-07-13,2024-08-12,4896.03,2024-08-07
INV101859,59,2024-07-13,2024-08-12,1609.24,2024-08-08
INV101860,60,2024-07-13,2024-08-12,11151.96,2024-08-08
INV101861,62,2024-07-13,2024-09-11,10516.74,2024-10-06
INV101862,77,2024-07-13,2024-08-12,13636.57,2024-08-15
INV101863,90,2024-07-13,2024-08-12,5102.35,2024-08-16
INV101864,115,2024-07-13,2024-08-12,2017.09,2024-08-17
INV101865,137,2024-07-13,2024-09-11,9056.54,2024-09-20
INV101866,2,2024-07-14,2024-08-13,11338.12,2024-08-22
INV101867,24,2024-07-14,2024-08-13,5557.57,2024-08-15
INV101868,30,2024-07-14,2024-08-13,2800.77,2024-08-12
INV101869,32,2024-07-14,2024-08-13,4875.56,2024-08-09
INV101870,42,2024-07-14,2024-09-12,3744.25,2024-09-02
INV101871,72,2024-07-14,2024-08-13,2266.04,2024-08-10
INV101872,91,2024-07-14,2024-08-13,8316.73,2024-08-16
INV101873,104,2024-07-14,2024-08-13,9263.79,2024-09-11
INV101874,112,2024-07-14,2024-09-12,5462.89,2024-09-12
INV101875,137,2024-07-14,2024-09-12,9960.39,2024-10-03
INV101876,139,2024-07-14,2024-08-13,11593.42,2024-08-21
INV101877,143,2024-07-14,2024-08-13,65741.21,2024-08-17
INV101878,145,2024-07-14,2024-08-13,54757.73,2024-09-24
INV101879,6,2024-07-15,2024-08-14,30947.91,
INV101880,25,2024-07-15,2024-08-14,3316.54,2024-08-16
INV101881,28,2024-07-15,2024-08-14,1390.68,2024-09-13
INV101882,58,2024-07-15,2024-08-14,12315.3,2024-08-19
INV101883,78,2024-07-15,2024-08-14,557.86,2024-09-30
INV101884,93,2024-07-15,2024-08-14,3519.01,2024-09-07
INV101885,128,2024-07-15,2024-08-14,5218.08,2024-08-16
INV101886,139,2024-07-15,2024-08-14,16074.61,2024-09-04
INV101887,142,2024-07-15,2024-08-14,304.86,2024-08-24
INV101888,146,2024-07-15,2024-08-14,16029.75,2024-08-31
INV101889,2,2024-07-16,2024-08-15,7531.1,2024-08-21
INV101890,65,2024-07-16,2024-08-15,1157.84,2024-09-07
INV101891,75,2024-07-16,2024-08-15,3502.05,2024-08-23
INV101892,81,2024-07-16,2024-08-15,1979.52,2024-08-11
INV101893,99,2024-07-16,2024-08-15,2011.85,2024-08-15
INV101894,102,2024-07-16,2024-08-15,24749.94,2024-08-18
INV101895,103,2024-07-16,2024-08-15,4507.92,2024-08-29
INV101896,104,2024-07-16,2024-08-15,13033.29,2024-09-03
INV101897,110,2024-07-16,2024-08-15,8281.49,2024-08-18
INV101898,116,2024-07-16,2024-08-15,12811.5,2024-08-14
INV101899,133,2024-07-16,2024-08-15,2120.31,2024-08-08
INV101900,144,2024-07-16,2024-08-15,1329.94,2024-08-31
INV101901,148,2024-07-16,2024-09-14,8185.77,2024-09-05
INV101902,23,2024-07-17,2024-08-16,8754.82,2024-08-22
INV101903,30,2024-07-17,2024-08-16,5600.92,2024-08-21
INV101904,58,2024-07-17,2024-08-16,6074.73,2024-08-14
INV101905,63,2024-07-17,2024-08-16,2180.08,2024-08-17
INV101906,69,2024-07-17,2024-08-16,27715.17,2024-09-09
INV101907,79,2024-07-17,2024-09-15,9355.65,2024-09-15
INV101908,97,2024-07-17,2024-08-16,9979.47,2024-08-10
INV101909,148,2024-07-17,2024-09-15,10867.47,2024-09-14
INV101910,13,2024-07-18,2024-08-17,3065.32,2024-09-07
INV101911,70,2024-07-18,2024-08-17,8856.58,2024-08-18
INV101912,74,2024-07-18,2024-09-16,8822.03,2024-09-17
INV101913,88,2024-07-18,2024-08-17,7018.65,2024-08-18
INV101914,91,2024-07-18,2024-08-17,10411.17,2024-08-18
INV101915,114,2024-07-18,2024-08-17,8854.54,2024-08-13
INV101916,24,2024-07-19,2024-08-18,6809.3,2024-08-15
INV101917,29,2024-07-19,2024-08-18,16475.71,2024-09-22
INV101918,33,2024-07-19,2024-08-18,6232.96,2024-08-23
INV101919,75,2024-07-19,2024-08-18,2811.65,2024-08-17
INV101920,81,2024-07-19,2024-08-18,1599.66,2024-08-18
INV101921,86,2024-07-19,2024-08-18,5450.38,2024-08-18
INV101922,137,2024-07-19,2024-09-17,5823.19,2024-10-08
INV101923,140,2024-07-19,2024-08-18,3530.92,2024-09-10
INV101924,142,2024-07-19,2024-08-18,1010.03,2024-08-20
INV101925,148,2024-07-19,2024-09-17,9694.83,2024-09-27
INV101926,29,2024-07-20,2024-08-19,14070.15,2024-08-31
INV101927,53,2024-07-20,2024-09-18,6713.7,2024-09-19
INV101928,64,2024-07-20,2024-08-19,6865.08,2024-08-18
INV101929,86,2024-07-20,2024-08-19,5844.91,2024-08-23
INV101930,125,2024-07-20,2024-09-18,3134.24,2024-09-23
INV101931,148,2024-07-20,2024-09-18,9828.68,2024-09-23
INV101932,3,2024-07-21,2024-08-20,3849.6,2024-09-02
INV101933,14,2024-07-21,2024-08-20,3011.89,2024-08-19
INV101934,28,2024-07-21,2024-08-20,1094.36,2024-08-10
INV101935,36,2024-07-21,2024-08-20,14009.15,2024-08-24
INV101936,55,2024-07-21,2024-08-20,9324.96,2024-10-02
INV101937,78,2024-07-21,2024-08-20,455.71,2024-09-17
INV101938,90,2024-07-21,2024-08-20,8533.14,2024-08-27
INV101939,26,2024-07-22,2024-09-20,10120.7,2024-09-17
INV101940,31,2024-07-22,2024-08-21,3415.49,2024-08-23
INV101941,49,2024-07-22,2024-08-21,8206.7,2024-08-26
INV101942,50,2024-07-22,2024-08-21,12307.55,2024-11-07
INV101943,88,2024-07-22,2024-08-21,7622.26,2024-08-22
INV101944,105,2024-07-22,2024-08-21,1974.5,2024-09-15
INV101945,123,2024-07-22,2024-09-20,2610.69,2024-09-21
INV101946,18,2024-07-23,2024-08-22,85648.65,2024-08-14
INV101947,46,2024-07-23,2024-09-21,5003.36,2024-10-22
INV101948,68,2024-07-23,2024-09-21,12819.57,2024-09-30
INV101949,138,2024-07-23,2024-08-22,9740.52,2024-08-20
INV101950,140,2024-07-23,2024-08-22,4218.64,2024-09-13
INV101951,46,2024-07-24,2024-09-22,1643.71,2024-10-05
INV101952,52,2024-07-24,2024-08-23,6936.85,2024-09-10
INV101953,54,2024-07-24,2024-09-22,7125.59,2024-09-20
INV101954,104,2024-07-24,2024-08-23,10034.84,2024-08-27
INV101955,105,2024-07-24,2024-08-23,2976.74,2024-08-29
INV101956,110,2024-07-24,2024-08-23,4714.81,2024-08-25
INV101957,138,2024-07-24,2024-08-23,12225.52,2024-08-17
INV101958,138,2024-07-24,2024-08-23,7367.82,2024-08-26
INV101959,142,2024-07-24,2024-08-23,807.52,2024-08-25
INV101960,149,2024-07-24,2024-08-23,9244.55,2024-09-10
INV101961,3,2024-07-25,2024-08-24,2492.95,2024-09-23
INV101962,12,2024-07-25,2024-08-24,3388.85,2024-09-01
INV101963,15,2024-07-25,2024-09-23,2933.01,2024-09-30
INV101964,114,2024-07-25,2024-08-24,6369.92,2024-09-09
INV101965,128,2024-07-25,2024-08-24,4484.75,2024-08-27
INV101966,131,2024-07-25,2024-08-24,3572.22,
INV101967,146,2024-07-25,2024-08-24,32514.79,2024-09-15
INV101968,31,2024-07-26,2024-08-25,5301.77,2024-08-26
INV101969,39,2024-07-26,2024-08-25,17658.48,2024-10-16
INV101970,45,2024-07-26,2024-08-25,5912.88,2024-10-14
INV101971,51,2024-07-26,2024-08-25,2407.91,2024-08-22
INV101972,73,2024-07-26,2024-08-25,7538.05,2024-08-23
INV101973,75,2024-07-26,2024-08-25,8863.31,2024-08-29
INV101974,129,2024-07-26,2024-08-25,7133.54,2024-08-31
INV101975,142,2024-07-26,2024-08-25,813.08,2024-08-22
INV101976,144,2024-07-26,2024-08-25,2066.58,2024-09-12
INV101977,39,2024-07-27,2024-08-26,5028.09,2024-09-05
INV101978,40,2024-07-27,2024-09-25,2428.28,2024-09-25
INV101979,82,2024-07-27,2024-08-26,18910.67,2024-10-08
INV101980,83,2024-07-27,2024-08-26,5742.23,2024-11-09
INV101981,96,2024-07-27,2024-08-26,19341.1,2024-09-15
INV101982,98,2024-07-27,2024-08-26,1251.35,2024-10-16
INV101983,102,2024-07-27,2024-08-26,42975.1,2024-08-28
INV101984,112,2024-07-27,2024-09-25,5164.13,2024-09-29
INV101985,115,2024-07-27,2024-08-26,3818.65,2024-08-29
INV101986,131,2024-07-27,2024-08-26,7304.32,2024-09-21
INV101987,137,2024-07-27,2024-09-25,7409.13,2024-10-18
INV101988,150,2024-07-27,2024-08-26,5362.67,2024-08-29
INV101989,10,2024-07-28,2024-09-26,6365.04,2024-11-01
INV101990,14,2024-07-28,2024-08-27,3886.77,2024-08-23
INV101991,17,2024-07-28,2024-08-27,17148.62,2024-09-22
INV101992,49,2024-07-28,2024-08-27,7255.86,2024-08-19
INV101993,57,2024-07-28,2024-09-26,10994.52,2024-10-01
INV101994,61,2024-07-28,2024-08-27,2794.97,2024-09-06
INV101995,65,2024-07-28,2024-08-27,2125.26,2024-10-12
INV101996,68,2024-07-28,2024-09-26,17182.07,2024-09-18
INV101997,83,2024-07-28,2024-08-27,5813.05,
INV101998,97,2024-07-28,2024-08-27,6046.39,2024-09-16
INV101999,98,2024-07-28,2024-08-27,1434.15,2024-10-22
INV102000,100,2024-07-28,2024-08-27,4048.88,2024-09-25
INV102001,104,2024-07-28,2024-08-27,21804.17,2024-09-18
INV102002,105,2024-07-28,2024-08-27,1318.75,2024-09-24
INV102003,110,2024-07-28,2024-08-27,5231.37,2024-09-03
INV102004,130,2024-07-28,2024-08-27,5725.36,2024-08-29
INV102005,133,2024-07-28,2024-08-27,724.46,2024-08-27
INV102006,139,2024-07-28,2024-08-27,10188.47,2024-10-09
INV102007,143,2024-07-28,2024-08-27,63273.43,2024-08-22
INV102008,16,2024-08-01,2024-08-31,26277.32,2024-09-08
INV102009,22,2024-08-01,2024-08-31,23145.29,2024-09-09
INV102010,78,2024-08-01,2024-08-31,1251.35,2024-09-21
INV102011,79,2024-08-01,2024-09-30,3305.64,2024-10-03
INV102012,103,2024-08-01,2024-08-31,13323.43,2024-09-29
INV102013,104,2024-08-01,2024-08-31,14443.67,2024-09-24
INV102014,104,2024-08-01,2024-08-31,10315.15,2024-09-16
INV102015,116,2024-08-01,2024-08-31,5498.79,2024-09-04
INV102016,134,2024-08-01,2024-08-31,13015.02,2024-09-09
INV102017,135,2024-08-01,2024-08-31,36731.54,2024-11-01
INV102018,140,2024-08-01,2024-08-31,2467.17,2024-09-25
INV102019,143,2024-08-01,2024-08-31,87028.58,2024-09-03
INV102020,13,2024-08-02,2024-09-01,3174.5,2024-10-26
INV102021,35,2024-08-02,2024-09-01,3982.22,2024-08-25
INV102022,44,2024-08-02,2024-10-01,7830.69,2024-10-01
INV102023,50,2024-08-02,2024-09-01,8015.77,2024-09-11
INV102024,68,2024-08-02,2024-10-01,13672.05,2024-10-08
INV102025,75,2024-08-02,2024-09-01,3502.7,2024-08-24
INV102026,103,2024-08-02,2024-09-01,3545.89,2024-10-08
INV102027,124,2024-08-02,2024-10-01,2763.82,2024-10-14
INV102028,146,2024-08-02,2024-09-01,19600.96,2024-10-09
INV102029,149,2024-08-02,2024-09-01,8275.04,2024-09-20
INV102030,2,2024-08-03,2024-09-02,12395.64,2024-09-10
INV102031,6,2024-08-03,2024-09-02,18839.46,2024-10-01
INV102032,7,2024-08-03,2024-09-02,15252.03,2024-09-02
INV102033,20,2024-08-03,2024-10-02,8077.13,2024-10-01
INV102034,22,2024-08-03,2024-09-02,21453.32,2024-08-30
INV102035,31,2024-08-03,2024-09-02,3110.9,2024-08-30
INV102036,40,2024-08-03,2024-10-02,4094.95,2024-10-10
INV102037,78,2024-08-03,2024-09-02,789.45,
INV102038,87,2024-08-03,2024-09-02,1520.85,2024-09-10
INV102039,112,2024-08-03,2024-10-02,5184.06,2024-09-27
INV102040,112,2024-08-03,2024-10-02,4342.36,2024-09-30
INV102041,115,2024-08-03,2024-09-02,1187.37,2024-10-13
INV102042,134,2024-08-03,2024-09-02,5867.53,2024-09-06
INV102043,14,2024-08-04,2024-09-03,4994.49,2024-09-18
INV102044,30,2024-08-04,2024-09-03,4370.85,2024-09-02
INV102045,45,2024-08-04,2024-09-03,6242.47,2024-10-21
INV102046,50,2024-08-04,2024-09-03,7454.94,2024-10-16
INV102047,67,2024-08-04,2024-09-03,3913.95,2024-09-06
INV102048,86,2024-08-04,2024-09-03,8499.7,2024-08-27
INV102049,104,2024-08-04,2024-09-03,28021.4,2024-09-08
INV102050,104,2024-08-04,2024-09-03,11120.8,2024-09-29
INV102051,120,2024-08-04,2024-10-03,1853.57,2024-10-13
INV102052,130,2024-08-04,2024-09-03,7122.97,2024-09-02
INV102053,37,2024-08-05,2024-09-04,3545.87,2024-09-28
INV102054,49,2024-08-05,2024-09-04,5620.37,2024-09-01
INV102055,61,2024-08-05,2024-09-04,3400.87,2024-08-29
INV102056,63,2024-08-05,2024-09-04,3645.99,2024-09-03
INV102057,66,2024-08-05,2024-09-04,10010.27,2024-09-11
INV102058,78,2024-08-05,2024-09-04,1533.62,2024-09-24
INV102059,112,2024-08-05,2024-10-04,3893.65,2024-09-24
INV102060,119,2024-08-05,2024-10-04,8665.41,2024-10-05
INV102061,125,2024-08-05,2024-10-04,2922.22,2024-10-08
INV102062,150,2024-08-05,2024-09-04,5192.2,2024-09-06
INV102063,25,2024-08-06,2024-09-05,2970.9,2024-09-07
INV102064,53,2024-08-06,2024-10-05,8405.33,2024-10-10
INV102065,76,2024-08-06,2024-09-05,14073.94,2024-09-13
INV102066,81,2024-08-06,2024-09-05,2150.79,2024-08-28
INV102067,84,2024-08-06,2024-09-05,18571.57,2024-09-09
INV102068,102,2024-08-06,2024-09-05,30453.21,2024-09-07
INV102069,130,2024-08-06,2024-09-05,2759.59,2024-09-07
INV102070,137,2024-08-06,2024-10-05,9856.96,2024-10-23
INV102071,24,2024-08-07,2024-09-06,8591.62,2024-09-06
INV102072,31,2024-08-07,2024-09-06,9967.86,2024-09-03
INV102073,48,2024-08-07,2024-10-06,28041.33,2024-10-06
INV102074,56,2024-08-07,2024-09-06,6745.62,2024-09-02
INV102075,67,2024-08-07,2024-09-06,4913.55,2024-09-03
INV102076,71,2024-08-07,2024-09-06,572.11,2024-09-19
INV102077,113,2024-08-07,2024-10-06,13123.03,2024-10-04
INV102078,4,2024-08-08,2024-10-07,2586.25,2024-10-17
INV102079,17,2024-08-08,2024-09-07,16896.14,2024-10-07
INV102080,46,2024-08-08,2024-10-07,1669.34,2024-10-13
INV102081,46,2024-08-08,2024-10-07,1992.04,2024-10-22
INV102082,60,2024-08-08,2024-09-07,8146.47,2024-09-05
INV102083,68,2024-08-08,2024-10-07,19120.14,2024-10-16
INV102084,79,2024-08-08,2024-10-07,5028.69,2024-10-02
INV102085,94,2024-08-08,2024-09-07,2451.22,2024-09-08
INV102086,102,2024-08-08,2024-09-07,33724.54,2024-09-06
INV102087,104,2024-08-08,2024-09-07,14932.6,2024-09-12
INV102088,114,2024-08-08,2024-09-07,4695.05,2024-09-30
INV102089,142,2024-08-08,2024-09-07,582.75,2024-09-16
INV102090,17,2024-08-09,2024-09-08,10274.08,2024-09-26
INV102091,32,2024-08-09,2024-09-08,9464.75,2024-09-14
INV102092,40,2024-08-09,2024-10-08,2168.96,2024-10-04
INV102093,61,2024-08-09,2024-09-08,1355.21,2024-09-24
INV102094,65,2024-08-09,2024-09-08,1174.32,2024-10-04
INV102095,77,2024-08-09,2024-09-08,12347.07,2024-09-15
INV102096,98,2024-08-09,2024-09-08,1371.58,2024-09-21
INV102097,103,2024-08-09,2024-09-08,6456.49,2024-10-10
INV102098,112,2024-08-09,2024-10-08,5207.33,2024-10-08
INV102099,118,2024-08-09,2024-09-08,7370.19,2024-09-06
INV102100,138,2024-08-09,2024-09-08,10253.57,2024-09-16
INV102101,7,2024-08-10,2024-09-09,10580.19,2024-09-06
INV102102,22,2024-08-10,2024-09-09,20482.72,2024-09-09
INV102103,30,2024-08-10,2024-09-09,4250.05,2024-09-12
INV102104,44,2024-08-10,2024-10-09,3522.03,2024-10-11
INV102105,44,2024-08-10,2024-10-09,5192.93,2024-10-11
INV102106,46,2024-08-10,2024-10-09,1551.57,2024-11-05
INV102107,51,2024-08-10,2024-09-09,3662.05,2024-09-03
INV102108,63,2024-08-10,2024-09-09,4260.26,2024-08-30
INV102109,63,2024-08-10,2024-09-09,4959.49,2024-09-05
INV102110,70,2024-08-10,2024-09-09,4410.66,2024-09-10
INV102111,74,2024-08-10,2024-10-09,6150.27,2024-10-22
INV102112,95,2024-08-10,2024-10-09,10664.01,2024-11-01
INV102113,98,2024-08-10,2024-09-09,932.91,2024-11-03
INV102114,99,2024-08-10,2024-09-09,1712.2,2024-09-09
INV102115,113,2024-08-10,2024-10-09,5582.51,2024-10-14
INV102116,124,2024-08-10,2024-10-09,4149.17,2024-10-18
INV102117,126,2024-08-10,2024-09-09,3585.09,2024-09-23
INV102118,129,2024-08-10,2024-09-09,7645.57,2024-09-06
INV102119,136,2024-08-10,2024-09-09,3968.13,2024-11-01
INV102120,6,2024-08-11,2024-09-10,10805.6,2024-09-21
INV102121,10,2024-08-11,2024-10-10,8877.13,2024-11-09
INV102122,17,2024-08-11,2024-09-10,11533.79,2024-09-21
INV102123,23,2024-08-11,2024-09-10,8675.63,2024-09-13
INV102124,24,2024-08-11,2024-09-10,16558.24,2024-09-10
INV102125,52,2024-08-11,2024-09-10,5478.67,2024-10-07
INV102126,61,2024-08-11,2024-09-10,2828.49,2024-09-19
INV102127,69,2024-08-11,2024-09-10,14259.01,2024-09-21
INV102128,82,2024-08-11,2024-09-10,11326.84,2024-10-24
INV102129,86,2024-08-11,2024-09-10,9209.69,2024-09-08
INV102130,90,2024-08-11,2024-09-10,12832.21,2024-09-18
INV102131,107,2024-08-11,2024-09-10,10754.05,2024-09-09
INV102132,115,2024-08-11,2024-09-10,2201.36,2024-09-24
INV102133,121,2024-08-11,2024-09-10,12022.47,2024-09-07
INV102134,10,2024-08-12,2024-10-11,4369.97,2024-10-23
INV102135,12,2024-08-12,2024-09-11,4781.95,2024-09-13
INV102136,12,2024-08-12,2024-09-11,1589.32,2024-09-13
INV102137,31,2024-08-12,2024-09-11,4492.15,2024-09-20
INV102138,33,2024-08-12,2024-09-11,3533.87,2024-09-07
INV102139,37,2024-08-12,2024-09-11,5640.1,2024-09-21
INV102140,37,2024-08-12,2024-09-11,4240.43,2024-09-24
INV102141,43,2024-08-12,2024-10-11,3512.22,2024-10-18
INV102142,50,2024-08-12,2024-09-11,11421.89,2024-11-23
INV102143,51,2024-08-12,2024-09-11,3508.63,2024-09-13
INV102144,110,2024-08-12,2024-09-11,4479.48,2024-09-10
INV102145,120,2024-08-12,2024-10-11,2080.99,2024-10-19
INV102146,124,2024-08-12,2024-10-11,1624.36,2024-10-22
INV102147,125,2024-08-12,2024-10-11,2411.27,2024-10-14
INV102148,141,2024-08-12,2024-09-11,1606.59,2024-09-15
INV102149,144,2024-08-12,2024-09-11,1911.41,2024-10-10
INV102150,145,2024-08-12,2024-09-11,36712.35,2024-10-04
INV102151,26,2024-08-13,2024-10-12,6034.45,2024-10-15
INV102152,34,2024-08-13,2024-09-12,9107.48,2024-10-18
INV102153,40,2024-08-13,2024-10-12,6757.6,2024-10-19
INV102154,45,2024-08-13,2024-09-12,2385.36,2024-11-01
INV102155,50,2024-08-13,2024-09-12,9552.11,2024-11-07
INV102156,66,2024-08-13,2024-09-12,6844.5,2024-09-08
INV102157,84,2024-08-13,2024-09-12,15166.16,2024-09-13
INV102158,88,2024-08-13,2024-09-12,2985.1,2024-09-03
INV102159,88,2024-08-13,2024-09-12,8539.8,2024-09-11
INV102160,102,2024-08-13,2024-09-12,22787.29,2024-09-18
INV102161,105,2024-08-13,2024-09-12,2012.49,2024-09-18
INV102162,109,2024-08-13,2024-10-12,10307.5,2024-12-18
INV102163,2,2024-08-14,2024-09-13,11684.16,2024-09-06
INV102164,25,2024-08-14,2024-09-13,2090.09,2024-09-16
INV102165,25,2024-08-14,2024-09-13,4026.12,2024-09-11
INV102166,47,2024-08-14,2024-09-13,24408.5,2024-09-13
INV102167,47,2024-08-14,2024-09-13,8671.02,2024-09-14
INV102168,62,2024-08-14,2024-10-13,19940.99,2024-11-02
INV102169,84,2024-08-14,2024-09-13,9122.07,2024-09-15
INV102170,102,2024-08-14,2024-09-13,54190.7,2024-09-11
INV102171,29,2024-08-15,2024-09-14,6117.79,2024-09-24
INV102172,30,2024-08-15,2024-09-14,2997.81,2024-09-19
INV102173,32,2024-08-15,2024-09-14,11520.37,2024-09-11
INV102174,54,2024-08-15,2024-10-14,12526.78,2024-10-27
INV102175,55,2024-08-15,2024-09-14,6330.79,2024-09-13
INV102176,64,2024-08-15,2024-09-14,4864.41,2024-09-12
INV102177,77,2024-08-15,2024-09-14,22519.02,2024-09-15
INV102178,98,2024-08-15,2024-09-14,2041.67,2024-12-02
INV102179,99,2024-08-15,2024-09-14,2163.5,2024-09-16
INV102180,119,2024-08-15,2024-10-14,5275.55,2024-11-22
INV102181,136,2024-08-15,2024-09-14,1671.18,2024-11-02
INV102182,137,2024-08-15,2024-10-14,9180.02,2024-11-05
INV102183,143,2024-08-15,2024-09-14,80680.7,2024-09-20
INV102184,148,2024-08-15,2024-10-14,5011.99,2024-10-12
INV102185,6,2024-08-16,2024-09-15,22903.04,2024-12-11
INV102186,11,2024-08-16,2024-09-15,1286.03,2024-09-09
INV102187,38,2024-08-16,2024-09-15,11361.81,2024-09-10
INV102188,54,2024-08-16,2024-10-15,4361.39,2024-10-16
INV102189,69,2024-08-16,2024-09-15,21738.66,2024-09-12
INV102190,76,2024-08-16,2024-09-15,11402.22,2024-09-24
INV102191,78,2024-08-16,2024-09-15,1438.48,2024-10-17
INV102192,79,2024-08-16,2024-10-15,9391.96,2024-10-14
INV102193,81,2024-08-16,2024-09-15,1812.67,2024-09-12
INV102194,87,2024-08-16,2024-09-15,1190.51,2024-09-28
INV102195,89,2024-08-16,2024-09-15,7979.65,2024-09-20
INV102196,93,2024-08-16,2024-09-15,3112.33,2024-10-20
INV102197,113,2024-08-16,2024-10-15,18363.96,2024-10-07
INV102198,136,2024-08-16,2024-09-15,1511.14,2024-10-01
INV102199,14,2024-08-17,2024-09-16,6116.39,2024-09-10
INV102200,20,2024-08-17,2024-10-16,23053.38,2024-10-11
INV102201,31,2024-08-17,2024-09-16,4269.49,2024-09-23
INV102202,34,2024-08-17,2024-09-16,20830.95,2024-09-29
INV102203,41,2024-08-17,2024-09-16,20024.17,2024-09-08
INV102204,50,2024-08-17,2024-09-16,12433.24,2024-09-26
INV102205,85,2024-08-17,2024-09-16,5315.55,2024-09-09
INV102206,120,2024-08-17,2024-10-16,4070.83,2024-10-11
INV102207,142,2024-08-17,2024-09-16,396.23,2024-09-20
INV102208,144,2024-08-17,2024-09-16,2035.94,2024-10-17
INV102209,145,2024-08-17,2024-09-16,71562.6,2024-10-30
INV102210,3,2024-08-18,2024-09-17,3058.92,2024-10-01
INV102211,7,2024-08-18,2024-09-17,16661.82,2024-09-20
INV102212,18,2024-08-18,2024-09-17,50100.8,2024-09-22
INV102213,35,2024-08-18,2024-09-17,3678.6,2024-09-24
INV102214,48,2024-08-18,2024-10-17,11129.87,2024-10-20
INV102215,71,2024-08-18,2024-09-17,745.91,2024-10-25
INV102216,90,2024-08-18,2024-09-17,7227.76,2024-09-19
INV102217,90,2024-08-18,2024-09-17,11113.24,2024-09-19
INV102218,97,2024-08-18,2024-09-17,9925.07,2024-10-20
INV102219,98,2024-08-18,2024-09-17,2753.81,2024-11-19
INV102220,113,2024-08-18,2024-10-17,12523.51,2024-10-22
INV102221,115,2024-08-18,2024-09-17,655.68,2024-10-17
INV102222,126,2024-08-18,2024-09-17,2685.9,2024-10-17
INV102223,132,2024-08-18,2024-09-17,2341.69,2024-09-19
INV102224,144,2024-08-18,2024-09-17,806.55,2024-09-28
INV102225,6,2024-08-19,2024-09-18,17727.1,2024-10-22
INV102226,38,2024-08-19,2024-09-18,13522.24,2024-09-22
INV102227,58,2024-08-19,2024-09-18,15405.23,2024-09-21
INV102228,69,2024-08-19,2024-09-18,40773.35,2024-10-02
INV102229,76,2024-08-19,2024-09-18,7268.19,2024-09-23
INV102230,82,2024-08-19,2024-09-18,9378.72,2024-11-02
INV102231,94,2024-08-19,2024-09-18,1844.64,2024-09-19
INV102232,123,2024-08-19,2024-10-18,5288.01,2024-10-14
INV102233,138,2024-08-19,2024-09-18,13733.73,2024-09-08
INV102234,142,2024-08-19,2024-09-18,376.4,2024-09-17
INV102235,142,2024-08-19,2024-09-18,498.76,2024-09-25
INV102236,6,2024-08-20,2024-09-19,20902.54,2024-10-27
INV102237,20,2024-08-20,2024-10-19,13265.99,2024-10-16
INV102238,28,2024-08-20,2024-09-19,726.25,2024-09-13
INV102239,36,2024-08-20,2024-09-19,10632.06,2024-09-13
INV102240,73,2024-08-20,2024-09-19,7502.78,2024-09-21
INV102241,76,2024-08-20,2024-09-19,15219.7,2024-10-21
INV102242,98,2024-08-20,2024-09-19,916.18,2024-09-28
INV102243,128,2024-08-20,2024-09-19,3796.47,2024-09-21
INV102244,1,2024-08-21,2024-09-20,3891.67,2024-09-29
INV102245,7,2024-08-21,2024-09-20,7954.82,2024-09-25
INV102246,13,2024-08-21,2024-09-20,3466.74,2024-10-14
INV102247,37,2024-08-21,2024-09-20,2881.9,2024-10-26
INV102248,40,2024-08-21,2024-10-20,4422.43,2024-10-17
INV102249,42,2024-08-21,2024-10-20,2402.03,2024-10-27
INV102250,51,2024-08-21,2024-09-20,2703.91,2024-09-25
INV102251,63,2024-08-21,2024-09-20,4670.94,2024-09-22
INV102252,68,2024-08-21,2024-10-20,18604.02,2024-11-01
INV102253,72,2024-08-21,2024-09-20,2816.78,2024-09-27
INV102254,75,2024-08-21,2024-09-20,3771.3,2024-09-24
INV102255,76,2024-08-21,2024-09-20,9706.51,2024-10-22
INV102256,86,2024-08-21,2024-09-20,3634.21,2024-09-23
INV102257,91,2024-08-21,2024-09-20,7388.35,2024-09-21
INV102258,100,2024-08-21,2024-09-20,2185.87,2024-09-10
INV102259,108,2024-08-21,2024-09-20,4399.36,2024-09-21
INV102260,133,2024-08-21,2024-09-20,3665.67,2024-09-24
INV102261,140,2024-08-21,2024-09-20,3658.67,2024-10-06
INV102262,9,2024-08-22,2024-09-21,8512.94,2024-12-06
INV102263,10,2024-08-22,2024-10-21,15086.97,2024-11-06
INV102264,39,2024-08-22,2024-09-21,6585.49,2024-10-28
INV102265,80,2024-08-22,2024-10-21,28284.28,2024-10-23
INV102266,124,2024-08-22,2024-10-21,2971.01,2024-11-07
INV102267,126,2024-08-22,2024-09-21,4718.83,2024-09-24
INV102268,128,2024-08-22,2024-09-21,3148.23,2024-09-24
INV102269,150,2024-08-22,2024-09-21,3785.34,2024-09-22
INV102270,34,2024-08-23,2024-09-22,8483.77,2024-10-11
INV102271,40,2024-08-23,2024-10-22,4247.55,2024-10-24
INV102272,84,2024-08-23,2024-09-22,12456.58,2024-09-27
INV102273,128,2024-08-23,2024-09-22,6082.32,2024-09-25
INV102274,128,2024-08-23,2024-09-22,3975.79,2024-09-21
INV102275,144,2024-08-23,2024-09-22,2420.44,2024-10-10
INV102276,8,2024-08-24,2024-10-23,2344.44,2024-10-29
INV102277,27,2024-08-24,2024-09-23,4436.11,2024-09-23
INV102278,44,2024-08-24,2024-10-23,9356.01,2024-10-24
INV102279,53,2024-08-24,2024-10-23,13567.11,2024-10-23
INV102280,59,2024-08-24,2024-09-23,2446.44,2024-09-23
INV102281,79,2024-08-24,2024-10-23,6008.28,2024-11-04
INV102282,99,2024-08-24,2024-09-23,2100.83,2024-09-30
INV102283,10,2024-08-25,2024-10-24,7964.98,2024-11-20
INV102284,12,2024-08-25,2024-09-24,1281.97,2024-09-18
INV102285,14,2024-08-25,2024-09-24,6439.28,2024-09-27
INV102286,36,2024-08-25,2024-09-24,5978.92,2024-10-01
INV102287,68,2024-08-25,2024-10-24,30981.74,2024-11-01
INV102288,69,2024-08-25,2024-09-24,35104.04,2024-10-27
INV102289,82,2024-08-25,2024-09-24,6877.14,
INV102290,97,2024-08-25,2024-09-24,13549.49,2024-10-14
INV102291,102,2024-08-25,2024-09-24,23147.0,2024-09-28
INV102292,131,2024-08-25,2024-09-24,2353.55,2024-10-22
INV102293,26,2024-08-26,2024-10-25,8173.28,2024-10-24
INV102294,27,2024-08-26,2024-09-25,2126.62,2024-10-03
INV102295,28,2024-08-26,2024-09-25,1295.56,2024-10-22
INV102296,38,2024-08-26,2024-09-25,28011.83,2024-10-03
INV102297,51,2024-08-26,2024-09-25,792.21,2024-09-25
INV102298,61,2024-08-26,2024-09-25,2725.84,2024-10-06
INV102299,61,2024-08-26,2024-09-25,2084.71,2024-09-25
INV102300,82,2024-08-26,2024-09-25,20736.42,2024-12-14
INV102301,116,2024-08-26,2024-09-25,10969.85,2024-10-03
INV102302,135,2024-08-26,2024-09-25,24252.4,2024-11-24
INV102303,138,2024-08-26,2024-09-25,8385.54,2024-09-25
INV102304,15,2024-08-27,2024-10-26,8735.53,2024-10-27
INV102305,58,2024-08-27,2024-09-26,9789.78,2024-09-27
INV102306,59,2024-08-27,2024-09-26,2000.07,2024-09-25
INV102307,81,2024-08-27,2024-09-26,1999.31,2024-09-16
INV102308,127,2024-08-27,2024-09-26,6006.04,2024-10-04
INV102309,1,2024-08-28,2024-09-27,2735.95,2024-10-01
INV102310,4,2024-08-28,2024-10-27,5767.07,2024-10-28
INV102311,5,2024-08-28,2024-09-27,1438.75,2024-10-02
INV102312,33,2024-08-28,2024-09-27,4326.84,2024-09-23
INV102313,38,2024-08-28,2024-09-27,8956.79,2024-09-25
INV102314,43,2024-08-28,2024-10-27,4260.89,2024-10-20
INV102315,51,2024-08-28,2024-09-27,2050.38,2024-09-29
INV102316,58,2024-08-28,2024-09-27,8755.43,2024-09-22
INV102317,69,2024-08-28,2024-09-27,22306.03,2024-10-18
INV102318,92,2024-08-28,2024-09-27,26179.97,2024-10-07
INV102319,94,2024-08-28,2024-09-27,4041.62,2024-09-26
INV102320,99,2024-08-28,2024-09-27,3045.66,2024-09-25
INV102321,101,2024-08-28,2024-09-27,14658.75,2024-10-02
INV102322,2,2024-09-01,2024-10-01,8172.29,2024-09-27
INV102323,5,2024-09-01,2024-10-01,3335.04,2024-10-09
INV102324,32,2024-09-01,2024-10-01,8087.79,2024-10-05
INV102325,35,2024-09-01,2024-10-01,5284.58,2024-10-07
INV102326,51,2024-09-01,2024-10-01,2929.46,2024-09-26
INV102327,75,2024-09-01,2024-10-01,4056.67,2024-10-05
INV102328,80,2024-09-01,2024-10-31,11577.25,2024-10-25
INV102329,93,2024-09-01,2024-10-01,4484.01,2024-10-22
INV102330,108,2024-09-01,2024-10-01,4813.04,2024-09-29
INV102331,116,2024-09-01,2024-10-01,4690.29,2024-10-10
INV102332,123,2024-09-01,2024-10-31,2977.07,2024-10-29
INV102333,142,2024-09-01,2024-10-01,385.89,2024-10-03
INV102334,145,2024-09-01,2024-10-01,77776.76,2024-10-20
INV102335,145,2024-09-01,2024-10-01,28021.78,2024-09-21
INV102336,150,2024-09-01,2024-10-01,6851.96,2024-10-04
INV102337,31,2024-09-02,2024-10-02,4696.75,2024-10-01
INV102338,33,2024-09-02,2024-10-02,4629.85,2024-09-28
INV102339,44,2024-09-02,2024-11-01,13690.78,2024-11-10
INV102340,53,2024-09-02,2024-11-01,10197.2,2024-11-07
INV102341,60,2024-09-02,2024-10-02,11456.4,2024-09-25
INV102342,77,2024-09-02,2024-10-02,19796.68,2024-09-29
INV102343,83,2024-09-02,2024-10-02,6303.3,2024-11-24
INV102344,108,2024-09-02,2024-10-02,4101.29,2024-10-02
INV102345,139,2024-09-02,2024-10-02,14212.97,2024-09-25
INV102346,1,2024-09-03,2024-10-03,3630.55,2024-09-29
INV102347,32,2024-09-03,2024-10-03,6589.51,2024-10-04
INV102348,34,2024-09-03,2024-10-03,4621.22,2024-10-03
INV102349,38,2024-09-03,2024-10-03,5145.13,2024-10-04
INV102350,59,2024-09-03,2024-10-03,6960.15,2024-10-16
INV102351,60,2024-09-03,2024-10-03,12301.64,2024-10-10
INV102352,61,2024-09-03,2024-10-03,2003.89,2024-09-26
INV102353,91,2024-09-03,2024-10-03,7962.53,2024-10-09
INV102354,101,2024-09-03,2024-10-03,4230.95,2024-10-03
INV102355,108,2024-09-03,2024-10-03,4261.76,2024-09-28
INV102356,113,2024-09-03,2024-11-02,13773.57,2024-11-09
INV102357,144,2024-09-03,2024-10-03,2182.39,2024-10-28
INV102358,27,2024-09-04,2024-10-04,1135.7,2024-10-04
INV102359,39,2024-09-04,2024-10-04,9323.34,2024-11-21
INV102360,59,2024-09-04,2024-10-04,6044.86,2024-10-18
INV102361,72,2024-09-04,2024-10-04,6460.8,2024-10-12
INV102362,113,2024-09-04,2024-11-03,15475.2,2024-11-01
INV102363,114,2024-09-04,2024-10-04,3444.32,2024-10-02
INV102364,122,2024-09-04,2024-10-04,1359.04,2024-10-02
INV102365,2,2024-09-05,2024-10-05,12976.75,2024-10-02
INV102366,20,2024-09-05,2024-11-04,9238.47,2024-11-05
INV102367,35,2024-09-05,2024-10-05,1672.26,2024-10-09
INV102368,51,2024-09-05,2024-10-05,3329.77,2024-10-06
INV102369,58,2024-09-05,2024-10-05,7630.07,2024-10-05
INV102370,65,2024-09-05,2024-10-05,1560.49,2024-10-25
INV102371,93,2024-09-05,2024-10-05,8329.28,2024-10-07
INV102372,111,2024-09-05,2024-10-05,10492.41,2024-10-07
INV102373,111,2024-09-05,2024-10-05,17673.55,2024-10-15
INV102374,115,2024-09-05,2024-10-05,2200.47,2024-10-20
INV102375,117,2024-09-05,2024-10-05,13172.33,2024-10-07
INV102376,6,2024-09-06,2024-10-06,27557.07,2024-12-18
INV102377,19,2024-09-06,2024-10-06,19420.64,2024-10-25
INV102378,23,2024-09-06,2024-10-06,9668.93,2024-09-30
INV102379,42,2024-09-06,2024-11-05,3507.72,2024-11-09
INV102380,76,2024-09-06,2024-10-06,13849.85,2024-10-23
INV102381,89,2024-09-06,2024-10-06,7780.66,2024-10-15
INV102382,101,2024-09-06,2024-10-06,4171.64,2024-10-13
INV102383,129,2024-09-06,2024-10-06,12089.52,2024-10-07
INV102384,143,2024-09-06,2024-10-06,50678.67,2024-10-11
INV102385,143,2024-09-06,2024-10-06,59080.1,2024-10-11
INV102386,149,2024-09-06,2024-10-06,17585.13,2024-10-15
INV102387,2,2024-09-07,2024-10-07,6722.48,2024-10-06
INV102388,5,2024-09-07,2024-10-07,2358.89,2024-10-07
INV102389,10,2024-09-07,2024-11-06,5899.09,2024-11-21
INV102390,24,2024-09-07,2024-10-07,10591.45,2024-10-17
INV102391,29,2024-09-07,2024-10-07,9815.44,2024-10-17
INV102392,73,2024-09-07,2024-10-07,9740.35,2024-10-12
INV102393,77,2024-09-07,2024-10-07,11367.89,2024-10-04
INV102394,81,2024-09-07,2024-10-07,2661.54,2024-10-12
INV102395,89,2024-09-07,2024-10-07,14380.46,2024-10-09
INV102396,101,2024-09-07,2024-10-07,12600.0,2024-10-05
INV102397,129,2024-09-07,2024-10-07,10328.18,2024-10-15
INV102398,131,2024-09-07,2024-10-07,4416.69,2024-12-27
INV102399,139,2024-09-07,2024-10-07,20799.11,2024-11-05
INV102400,7,2024-09-08,2024-10-08,19714.54,2024-09-28
INV102401,32,2024-09-08,2024-10-08,14767.74,2024-10-12
INV102402,33,2024-09-08,2024-10-08,19271.0,2024-10-19
INV102403,43,2024-09-08,2024-11-07,2756.48,2024-11-09
INV102404,59,2024-09-08,2024-10-08,3700.76,2024-10-04
INV102405,62,2024-09-08,2024-11-07,5458.55,2024-12-04
INV102406,62,2024-09-08,2024-11-07,22654.28,2024-11-28
INV102407,63,2024-09-08,2024-10-08,4437.13,2024-10-06
INV102408,79,2024-09-08,2024-11-07,4171.6,2024-11-14
INV102409,80,2024-09-08,2024-11-07,28302.5,2024-11-24
INV102410,81,2024-09-08,2024-10-08,2108.24,2024-10-04
INV102411,99,2024-09-08,2024-10-08,4637.89,2024-10-15
INV102412,103,2024-09-08,2024-10-08,8545.28,2024-10-30
INV102413,119,2024-09-08,2024-11-07,4471.54,2024-12-08
INV102414,122,2024-09-08,2024-10-08,2339.44,2024-10-02
INV102415,135,2024-09-08,2024-10-08,24891.96,2024-11-01
INV102416,6,2024-09-09,2024-10-09,31024.07,2024-10-24
INV102417,12,2024-09-09,2024-10-09,3312.97,2024-10-11
INV102418,36,2024-09-09,2024-10-09,11899.77,2024-10-01
INV102419,81,2024-09-09,2024-10-09,4460.68,2024-10-14
INV102420,96,2024-09-09,2024-10-09,9748.79,2024-11-13
INV102421,106,2024-09-09,2024-10-09,2956.52,2024-10-10
INV102422,107,2024-09-09,2024-10-09,10327.71,2024-09-30
INV102423,118,2024-09-09,2024-10-09,5041.09,2024-10-03
INV102424,135,2024-09-09,2024-10-09,26454.91,2024-11-22
INV102425,136,2024-09-09,2024-10-09,3628.77,2024-10-26
INV102426,149,2024-09-09,2024-10-09,8025.44,2024-10-27
INV102427,6,2024-09-10,2024-10-10,36337.84,2024-11-14
INV102428,33,2024-09-10,2024-10-10,4582.12,2024-10-15
INV102429,50,2024-09-10,2024-10-10,13881.79,2024-11-26
INV102430,63,2024-09-10,2024-10-10,4474.06,2024-10-12
INV102431,64,2024-09-10,2024-10-10,3385.17,2024-10-04
INV102432,95,2024-09-10,2024-11-09,15927.27,2024-12-06
INV102433,115,2024-09-10,2024-10-10,584.47,2024-10-24
INV102434,126,2024-09-10,2024-10-10,3258.16,2024-11-14
INV102435,137,2024-09-10,2024-11-09,4595.38,2024-12-12
INV102436,143,2024-09-10,2024-10-10,67507.54,2024-10-12
INV102437,7,2024-09-11,2024-10-11,3391.83,2024-10-12
INV102438,18,2024-09-11,2024-10-11,42640.76,2024-10-11
INV102439,50,2024-09-11,2024-10-11,12250.08,2024-11-01
INV102440,86,2024-09-11,2024-10-11,4513.44,2024-10-04
INV102441,88,2024-09-11,2024-10-11,9113.81,2024-10-07
INV102442,94,2024-09-11,2024-10-11,3143.83,2024-10-06
INV102443,125,2024-09-11,2024-11-10,3509.81,2024-11-14
INV102444,4,2024-09-12,2024-11-11,7207.8,2024-11-18
INV102445,5,2024-09-12,2024-10-12,3968.01,2024-10-19
INV102446,13,2024-09-12,2024-10-12,3278.14,2024-11-09
INV102447,19,2024-09-12,2024-10-12,14396.25,2024-11-02
INV102448,40,2024-09-12,2024-11-11,3681.61,2024-11-20
INV102449,43,2024-09-12,2024-11-11,2406.75,2024-11-07
INV102450,67,2024-09-12,2024-10-12,5094.45,2024-10-10
INV102451,74,2024-09-12,2024-11-11,7252.49,2024-11-19
INV102452,78,2024-09-12,2024-10-12,816.08,2024-11-09
INV102453,97,2024-09-12,2024-10-12,6373.53,2024-11-07
INV102454,115,2024-09-12,2024-10-12,1640.77,2024-10-29
INV102455,122,2024-09-12,2024-10-12,5371.46,2024-10-17
INV102456,142,2024-09-12,2024-10-12,551.62,2024-10-15
INV102457,142,2024-09-12,2024-10-12,637.11,2024-10-12
INV102458,5,2024-09-13,2024-10-13,1602.69,2024-10-12
INV102459,63,2024-09-13,2024-10-13,5317.17,2024-10-18
INV102460,65,2024-09-13,2024-10-13,1382.33,2024-10-27
INV102461,93,2024-09-13,2024-10-13,3771.04,2024-11-01
INV102462,44,2024-09-14,2024-11-13,6750.69,2024-11-14
INV102463,56,2024-09-14,2024-10-14,7698.2,2024-10-15
INV102464,84,2024-09-14,2024-10-14,26283.8,2024-10-22
INV102465,103,2024-09-14,2024-10-14,10334.43,2024-11-16
INV102466,105,2024-09-14,2024-10-14,946.23,2024-10-29
INV102467,118,2024-09-14,2024-10-14,6688.45,2024-10-08
INV102468,132,2024-09-14,2024-10-14,3396.62,2024-10-05
INV102469,132,2024-09-14,2024-10-14,3795.97,2024-10-14
INV102470,141,2024-09-14,2024-10-14,1664.71,2024-10-14
INV102471,2,2024-09-15,2024-10-15,7279.31,2024-10-10
INV102472,5,2024-09-15,2024-10-15,1528.6,2024-10-22
INV102473,25,2024-09-15,2024-10-15,2828.98,2024-10-19
INV102474,29,2024-09-15,2024-10-15,23088.56,2024-11-07
INV102475,37,2024-09-15,2024-10-15,3280.13,2024-10-11
INV102476,57,2024-09-15,2024-11-14,12002.04,2024-11-24
INV102477,59,2024-09-15,2024-10-15,2388.5,2024-10-24
INV102478,62,2024-09-15,2024-11-14,21166.3,2024-11-23
INV102479,77,2024-09-15,2024-10-15,8332.88,2024-10-20
INV102480,78,2024-09-15,2024-10-15,697.13,2024-11-06
INV102481,102,2024-09-15,2024-10-15,10206.85,2024-10-05
INV102482,114,2024-09-15,2024-10-15,4162.22,2024-10-28
INV102483,140,2024-09-15,2024-10-15,4892.97,2024-10-24
INV102484,150,2024-09-15,2024-10-15,3853.64,2024-10-13
INV102485,18,2024-09-16,2024-10-16,53657.22,2024-10-25
INV102486,70,2024-09-16,2024-10-16,6585.98,2024-10-14
INV102487,85,2024-09-16,2024-10-16,7730.03,2024-10-24
INV102488,96,2024-09-16,2024-10-16,22538.35,2024-11-01
INV102489,107,2024-09-16,2024-10-16,6991.13,2024-10-25
INV102490,126,2024-09-16,2024-10-16,7210.65,2024-11-09
INV102491,126,2024-09-16,2024-10-16,11553.66,2024-11-12
INV102492,138,2024-09-16,2024-10-16,6284.52,2024-10-11
INV102493,21,2024-09-17,2024-10-17,26049.35,2024-12-08
INV102494,32,2024-09-17,2024-10-17,5851.63,2024-10-19
INV102495,70,2024-09-17,2024-10-17,8026.91,2024-10-28
INV102496,85,2024-09-17,2024-10-17,4772.8,2024-10-21
INV102497,87,2024-09-17,2024-10-17,2666.0,2024-10-25
INV102498,96,2024-09-17,2024-10-17,23288.87,2024-11-13
INV102499,150,2024-09-17,2024-10-17,7254.63,2024-10-15
INV102500,150,2024-09-17,2024-10-17,5296.26,2024-10-17
INV102501,56,2024-09-18,2024-10-18,5634.41,2024-10-24
INV102502,56,2024-09-18,2024-10-18,10223.85,2024-10-25
INV102503,74,2024-09-18,2024-11-17,22621.47,2024-11-16
INV102504,82,2024-09-18,2024-10-18,11964.94,2024-12-14
INV102505,121,2024-09-18,2024-10-18,12337.53,2024-10-21
INV102506,145,2024-09-18,2024-10-18,27523.4,2024-11-09
INV102507,147,2024-09-18,2024-10-18,2988.27,2024-11-11
INV102508,4,2024-09-19,2024-11-18,16947.93,2024-11-19
INV102509,18,2024-09-19,2024-10-19,128344.89,2024-10-26
INV102510,27,2024-09-19,2024-10-19,6219.71,2024-10-26
INV102511,34,2024-09-19,2024-10-19,8887.24,2024-11-07
INV102512,50,2024-09-19,2024-10-19,9672.61,2025-01-15
INV102513,59,2024-09-19,2024-10-19,2526.09,2024-10-18
INV102514,78,2024-09-19,2024-10-19,429.0,2024-11-05
INV102515,96,2024-09-19,2024-10-19,11981.56,2024-11-09
INV102516,99,2024-09-19,2024-10-19,4806.75,2024-10-25
INV102517,108,2024-09-19,2024-10-19,3576.72,2024-10-26
INV102518,136,2024-09-19,2024-10-19,2486.9,2024-12-04
INV102519,140,2024-09-19,2024-10-19,5210.73,2024-11-10
INV102520,141,2024-09-19,2024-10-19,2111.35,2024-10-19
INV102521,145,2024-09-19,2024-10-19,93284.55,2024-10-21
INV102522,15,2024-09-20,2024-11-19,2378.98,2024-11-20
INV102523,35,2024-09-20,2024-10-20,5442.81,2024-10-17
INV102524,63,2024-09-20,2024-10-20,5165.87,2024-10-19
INV102525,102,2024-09-20,2024-10-20,37914.91,2024-10-27
INV102526,130,2024-09-20,2024-10-20,9847.95,2024-10-23
INV102527,12,2024-09-21,2024-10-21,1805.58,2024-10-12
INV102528,25,2024-09-21,2024-10-21,1233.38,2024-10-23
INV102529,27,2024-09-21,2024-10-21,2328.75,2024-10-23
INV102530,36,2024-09-21,2024-10-21,6849.11,2024-10-19
INV102531,69,2024-09-21,2024-10-21,48441.93,2024-11-07
INV102532,78,2024-09-21,2024-10-21,1410.03,2024-11-26
INV102533,87,2024-09-21,2024-10-21,2193.27,2024-10-23
INV102534,100,2024-09-21,2024-10-21,2542.69,2024-11-24
INV102535,107,2024-09-21,2024-10-21,17395.46,2024-10-22
INV102536,107,2024-09-21,2024-10-21,16548.79,2024-11-01
INV102537,123,2024-09-21,2024-11-20,2179.19,2024-11-26
INV102538,143,2024-09-21,2024-10-21,83661.29,2024-10-21
INV102539,21,2024-09-22,2024-10-22,12962.82,2024-11-27
INV102540,28,2024-09-22,2024-10-22,1752.37,2024-11-19
INV102541,39,2024-09-22,2024-10-22,6726.06,2024-12-31
INV102542,52,2024-09-22,2024-10-22,8574.13,2024-11-09
INV102543,56,2024-09-22,2024-10-22,7122.23,2024-10-25
INV102544,58,2024-09-22,2024-10-22,4526.01,2024-10-23
INV102545,60,2024-09-22,2024-10-22,14907.03,2024-10-22
INV102546,61,2024-09-22,2024-10-22,2818.15,2024-10-27
INV102547,78,2024-09-22,2024-10-22,554.86,2024-10-29
INV102548,84,2024-09-22,2024-10-22,22003.75,2024-10-26
INV102549,98,2024-09-22,2024-10-22,799.15,2024-12-19
INV102550,108,2024-09-22,2024-10-22,5890.83,2024-10-29
INV102551,126,2024-09-22,2024-10-22,3319.26,2024-11-07
INV102552,132,2024-09-22,2024-10-22,2332.16,2024-10-26
INV102553,135,2024-09-22,2024-10-22,35594.69,2024-11-22
INV102554,3,2024-09-23,2024-10-23,4026.24,2024-11-15
INV102555,35,2024-09-23,2024-10-23,2434.9,2024-10-20
INV102556,36,2024-09-23,2024-10-23,7374.52,2024-10-23
INV102557,81,2024-09-23,2024-10-23,1256.49,2024-10-29
INV102558,90,2024-09-23,2024-10-23,17201.52,2024-10-21
INV102559,98,2024-09-23,2024-10-23,1871.23,2024-11-28
INV102560,101,2024-09-23,2024-10-23,9164.98,2024-10-28
INV102561,113,2024-09-23,2024-11-22,12196.05,2024-11-21
INV102562,133,2024-09-23,2024-10-23,1121.34,2024-10-21
INV102563,133,2024-09-23,2024-10-23,839.67,2024-10-24
INV102564,140,2024-09-23,2024-10-23,3521.89,2024-11-23
INV102565,141,2024-09-23,2024-10-23,1727.02,2024-10-26
INV102566,31,2024-09-24,2024-10-24,3533.22,2024-10-26
INV102567,33,2024-09-24,2024-10-24,5364.45,2024-10-26
INV102568,61,2024-09-24,2024-10-24,5160.26,2024-11-01
INV102569,71,2024-09-24,2024-10-24,1023.7,2024-11-16
INV102570,95,2024-09-24,2024-11-23,10805.66,2024-12-10
INV102571,119,2024-09-24,2024-11-23,5026.7,2024-12-01
INV102572,6,2024-09-25,2024-10-25,17159.49,2024-11-04
INV102573,9,2024-09-25,2024-10-25,2064.61,2024-11-07
INV102574,37,2024-09-25,2024-10-25,4153.93,2024-10-27
INV102575,64,2024-09-25,2024-10-25,4864.63,2024-10-17
INV102576,69,2024-09-25,2024-10-25,26630.81,2024-12-01
INV102577,77,2024-09-25,2024-10-25,9749.38,2024-10-29
INV102578,99,2024-09-25,2024-10-25,1836.78,2024-10-20
INV102579,138,2024-09-25,2024-10-25,9274.31,2024-10-27
INV102580,141,2024-09-25,2024-10-25,1113.38,2024-10-27
INV102581,149,2024-09-25,2024-10-25,7833.3,2024-11-16
INV102582,26,2024-09-26,2024-11-25,11883.36,2024-12-03
INV102583,27,2024-09-26,2024-10-26,2614.58,2024-10-21
INV102584,28,2024-09-26,2024-10-26,531.15,2024-11-11
INV102585,42,2024-09-26,2024-11-25,6286.81,2024-11-24
INV102586,66,2024-09-26,2024-10-26,8855.39,2024-10-26
INV102587,87,2024-09-26,2024-10-26,3262.3,2024-11-26
INV102588,104,2024-09-26,2024-10-26,12976.39,2024-12-02
INV102589,124,2024-09-26,2024-11-25,3178.37,2024-12-12
INV102590,133,2024-09-26,2024-10-26,2342.25,2024-10-27
INV102591,134,2024-09-26,2024-10-26,11901.76,2024-10-25
INV102592,17,2024-09-27,2024-10-27,7233.6,2024-11-19
INV102593,25,2024-09-27,2024-10-27,4333.24,2024-10-21
INV102594,37,2024-09-27,2024-10-27,6764.42,2024-11-17
INV102595,54,2024-09-27,2024-11-26,5001.94,2024-11-24
INV102596,60,2024-09-27,2024-10-27,15275.01,2024-10-27
INV102597,62,2024-09-27,2024-11-26,8252.68,2024-11-21
INV102598,116,2024-09-27,2024-10-27,10348.83,2024-10-26
INV102599,119,2024-09-27,2024-11-26,3006.65,2024-12-16
INV102600,125,2024-09-27,2024-11-26,1854.98,2024-11-29
INV102601,126,2024-09-27,2024-10-27,5632.42,2024-12-02
INV102602,126,2024-09-27,2024-10-27,8787.21,2024-12-01
INV102603,132,2024-09-27,2024-10-27,4806.69,2024-10-25
INV102604,144,2024-09-27,2024-10-27,989.75,2024-11-19
INV102605,3,2024-09-28,2024-10-28,3257.4,2024-11-10
INV102606,5,2024-09-28,2024-10-28,2240.28,2024-10-26
INV102607,6,2024-09-28,2024-10-28,13201.56,2024-12-05
INV102608,12,2024-09-28,2024-10-28,2190.95,2024-10-27
INV102609,12,2024-09-28,2024-10-28,2492.57,2024-10-27
INV102610,34,2024-09-28,2024-10-28,9500.11,2024-12-17
INV102611,38,2024-09-28,2024-10-28,8092.94,2024-11-03
INV102612,40,2024-09-28,2024-11-27,1870.56,2024-11-23
INV102613,45,2024-09-28,2024-10-28,9828.3,2024-12-17
INV102614,55,2024-09-28,2024-10-28,5173.39,2024-10-23
INV102615,56,2024-09-28,2024-10-28,4817.62,2024-11-04
INV102616,72,2024-09-28,2024-10-28,4596.42,2024-11-02
INV102617,82,2024-09-28,2024-10-28,7411.55,2024-11-30
INV102618,102,2024-09-28,2024-10-28,30306.27,2024-10-27
INV102619,8,2024-10-01,2024-11-30,2429.78,2024-11-27
INV102620,11,2024-10-01,2024-10-31,1020.19,2024-11-11
INV102621,21,2024-10-01,2024-10-31,14336.46,2024-11-05
INV102622,43,2024-10-01,2024-11-30,6757.95,2024-12-15
INV102623,86,2024-10-01,2024-10-31,7147.36,2024-11-02
INV102624,88,2024-10-01,2024-10-31,4709.02,2024-11-05
INV102625,89,2024-10-01,2024-10-31,10822.68,2024-10-31
INV102626,89,2024-10-01,2024-10-31,4582.14,2024-10-29
INV102627,90,2024-10-01,2024-10-31,8083.74,2024-11-05
INV102628,149,2024-10-01,2024-10-31,19949.55,2024-11-03
INV102629,9,2024-10-02,2024-11-01,2934.25,2024-12-18
INV102630,24,2024-10-02,2024-11-01,7593.15,2024-10-25
INV102631,48,2024-10-02,2024-12-01,22401.73,2024-12-11
INV102632,67,2024-10-02,2024-11-01,2199.33,2024-11-03
INV102633,75,2024-10-02,2024-11-01,2509.67,2024-11-06
INV102634,98,2024-10-02,2024-11-01,1464.95,2024-11-28
INV102635,100,2024-10-02,2024-11-01,1643.72,2024-11-11
INV102636,100,2024-10-02,2024-11-01,2259.39,2024-11-27
INV102637,137,2024-10-02,2024-12-01,6065.34,2024-12-15
INV102638,139,2024-10-02,2024-11-01,11733.6,2024-11-16
INV102639,16,2024-10-03,2024-11-02,33103.27,2024-12-10
INV102640,26,2024-10-03,2024-12-02,10293.41,2024-11-29
INV102641,36,2024-10-03,2024-11-02,8788.83,2024-11-05
INV102642,41,2024-10-03,2024-11-02,15411.85,2024-11-03
INV102643,44,2024-10-03,2024-12-02,6208.57,2024-11-28
INV102644,94,2024-10-03,2024-11-02,3830.66,2024-11-08
INV102645,107,2024-10-03,2024-11-02,10814.67,2024-11-06
INV102646,110,2024-10-03,2024-11-02,8019.15,2024-11-09
INV102647,110,2024-10-03,2024-11-02,8044.81,2024-11-01
INV102648,119,2024-10-03,2024-12-02,6681.43,2024-12-31
INV102649,133,2024-10-03,2024-11-02,953.74,2024-11-02
INV102650,145,2024-10-03,2024-11-02,27070.17,2024-11-25
INV102651,147,2024-10-03,2024-11-02,8393.41,2024-11-24
INV102652,33,2024-10-04,2024-11-03,6162.08,2024-11-09
INV102653,35,2024-10-04,2024-11-03,4193.55,2024-11-01
INV102654,57,2024-10-04,2024-12-03,7087.78,2024-12-04
INV102655,93,2024-10-04,2024-11-03,4466.35,2024-11-16
INV102656,119,2024-10-04,2024-12-03,12532.97,2024-12-20
INV102657,134,2024-10-04,2024-11-03,9774.79,2024-11-08
INV102658,140,2024-10-04,2024-11-03,10039.87,2024-12-12
INV102659,149,2024-10-04,2024-11-03,9246.67,2024-11-19
INV102660,32,2024-10-05,2024-11-04,8304.49,2024-11-07
INV102661,37,2024-10-05,2024-11-04,3128.54,2024-12-13
INV102662,47,2024-10-05,2024-11-04,30572.64,2024-11-01
INV102663,66,2024-10-05,2024-11-04,12374.11,2024-10-30
INV102664,89,2024-10-05,2024-11-04,7154.53,2024-11-04
INV102665,134,2024-10-05,2024-11-04,9515.99,2024-11-11
INV102666,12,2024-10-06,2024-11-05,5154.76,2024-11-06
INV102667,26,2024-10-06,2024-12-05,17237.53,2024-12-10
INV102668,33,2024-10-06,2024-11-05,6599.01,2024-11-07
INV102669,35,2024-10-06,2024-11-05,3484.21,2024-10-30
INV102670,52,2024-10-06,2024-11-05,1092.36,2024-11-25
INV102671,79,2024-10-06,2024-12-05,3948.73,2024-11-29
INV102672,89,2024-10-06,2024-11-05,12963.86,2024-10-28
INV102673,97,2024-10-06,2024-11-05,4277.31,2024-11-06
INV102674,109,2024-10-06,2024-12-05,6883.83,2025-02-21
INV102675,110,2024-10-06,2024-11-05,4604.34,2024-11-05
INV102676,115,2024-10-06,2024-11-05,2215.11,2024-11-22
INV102677,119,2024-10-06,2024-12-05,7332.35,2024-12-28
INV102678,127,2024-10-06,2024-11-05,1897.43,2024-11-04
INV102679,133,2024-10-06,2024-11-05,1766.84,2024-11-02
INV102680,147,2024-10-06,2024-11-05,6657.98,2024-10-26
INV102681,6,2024-10-07,2024-11-06,30625.09,2024-11-26
INV102682,7,2024-10-07,2024-11-06,11903.3,2024-11-05
INV102683,50,2024-10-07,2024-11-06,6488.81,2024-12-30
INV102684,71,2024-10-07,2024-11-06,1170.38,2024-11-17
INV102685,79,2024-10-07,2024-12-06,6562.12,2024-12-18
INV102686,113,2024-10-07,2024-12-06,7404.35,2024-12-03
INV102687,124,2024-10-07,2024-12-06,3915.75,2024-12-29
INV102688,134,2024-10-07,2024-11-06,9510.47,2024-11-04
INV102689,147,2024-10-07,2024-11-06,4750.58,2024-12-10
INV102690,13,2024-10-08,2024-11-07,4797.98,2024-12-12
INV102691,31,2024-10-08,2024-11-07,3399.86,2024-11-03
INV102692,41,2024-10-08,2024-11-07,16329.09,2024-11-11
INV102693,57,2024-10-08,2024-12-07,9534.07,2024-12-05
INV102694,80,2024-10-08,2024-12-07,19890.47,2024-12-08
INV102695,100,2024-10-08,2024-11-07,3934.38,2024-11-09
INV102696,127,2024-10-08,2024-11-07,2319.1,2024-11-05
INV102697,131,2024-10-08,2024-11-07,4536.05,2024-11-09
INV102698,7,2024-10-09,2024-11-08,11391.53,2024-11-08
INV102699,17,2024-10-09,2024-11-08,16105.63,2024-11-26
INV102700,20,2024-10-09,2024-12-08,26677.65,2024-12-18
INV102701,44,2024-10-09,2024-12-08,8714.72,2024-12-06
INV102702,61,2024-10-09,2024-11-08,3871.47,2024-11-15
INV102703,63,2024-10-09,2024-11-08,2159.51,2024-11-15
INV102704,85,2024-10-09,2024-11-08,5501.9,2024-11-05
INV102705,98,2024-10-09,2024-11-08,1903.91,2025-01-11
INV102706,113,2024-10-09,2024-12-08,14646.36,2024-12-10
INV102707,115,2024-10-09,2024-11-08,4201.73,2024-12-29
INV102708,116,2024-10-09,2024-11-08,10186.88,2024-11-12
INV102709,119,2024-10-09,2024-12-08,5082.72,2025-01-01
INV102710,146,2024-10-09,2024-11-08,15707.32,2024-11-25
INV102711,24,2024-10-10,2024-11-09,3596.64,2024-11-13
INV102712,28,2024-10-10,2024-11-09,1008.63,2024-11-22
INV102713,30,2024-10-10,2024-11-09,3761.84,2024-11-12
INV102714,36,2024-10-10,2024-11-09,16158.25,2024-11-04
INV102715,45,2024-10-10,2024-11-09,3069.66,2024-11-22
INV102716,68,2024-10-10,2024-12-09,7171.53,2024-12-12
INV102717,79,2024-10-10,2024-12-09,4702.97,2024-12-12
INV102718,90,2024-10-10,2024-11-09,8844.57,2024-11-07
INV102719,92,2024-10-10,2024-11-09,16105.22,2024-12-14
INV102720,94,2024-10-10,2024-11-09,4287.9,2024-11-18
INV102721,94,2024-10-10,2024-11-09,3058.86,2024-11-11
INV102722,107,2024-10-10,2024-11-09,8876.18,2024-11-07
INV102723,118,2024-10-10,2024-11-09,8661.6,2024-11-17
INV102724,119,2024-10-10,2024-12-09,6213.14,2025-01-14
INV102725,121,2024-10-10,2024-11-09,8779.5,2024-11-12
INV102726,133,2024-10-10,2024-11-09,847.4,2024-11-05
INV102727,135,2024-10-10,2024-11-09,19382.91,2024-11-20
INV102728,135,2024-10-10,2024-11-09,11640.96,2024-11-29
INV102729,14,2024-10-11,2024-11-10,4527.84,2024-11-21
INV102730,25,2024-10-11,2024-11-10,6149.88,2024-11-12
INV102731,43,2024-10-11,2024-12-10,3293.4,2024-12-09
INV102732,52,2024-10-11,2024-11-10,6549.58,2024-11-26
INV102733,58,2024-10-11,2024-11-10,5482.0,2024-11-06
INV102734,58,2024-10-11,2024-11-10,7632.41,2024-11-11
INV102735,62,2024-10-11,2024-12-10,7796.05,2025-01-04
INV102736,86,2024-10-11,2024-11-10,4443.61,2024-10-31
INV102737,119,2024-10-11,2024-12-10,7461.35,2025-01-20
INV102738,141,2024-10-11,2024-11-10,1434.37,2024-11-14
INV102739,147,2024-10-11,2024-11-10,6193.9,2024-12-12
INV102740,45,2024-10-12,2024-11-11,3695.6,2024-11-29
INV102741,55,2024-10-12,2024-11-11,5501.47,2024-12-21
INV102742,59,2024-10-12,2024-11-11,3261.77,2024-11-14
INV102743,101,2024-10-12,2024-11-11,6958.98,2024-11-09
INV102744,101,2024-10-12,2024-11-11,5937.06,2024-11-10
INV102745,103,2024-10-12,2024-11-11,6306.66,2024-12-06
INV102746,115,2024-10-12,2024-11-11,2694.37,2024-11-15
INV102747,129,2024-10-12,2024-11-11,15075.5,2024-11-07
INV102748,142,2024-10-12,2024-11-11,533.24,2024-11-18
INV102749,3,2024-10-13,2024-11-12,4463.85,2024-12-10
INV102750,21,2024-10-13,2024-11-12,12818.25,2025-01-19
INV102751,22,2024-10-13,2024-11-12,18500.98,2024-11-06
INV102752,49,2024-10-13,2024-11-12,11480.92,2024-11-04
INV102753,107,2024-10-13,2024-11-12,9162.31,2024-11-17
INV102754,108,2024-10-13,2024-11-12,3779.45,2024-11-06
INV102755,127,2024-10-13,2024-11-12,9325.03,2024-11-18
INV102756,131,2024-10-13,2024-11-12,3345.19,2025-01-27
INV102757,139,2024-10-13,2024-11-12,21296.97,
INV102758,147,2024-10-13,2024-11-12,3296.44,2024-12-08
INV102759,148,2024-10-13,2024-12-12,5048.01,2024-12-14
INV102760,16,2024-10-14,2024-11-13,29102.44,2024-11-13
INV102761,27,2024-10-14,2024-11-13,2913.27,2024-11-10
INV102762,35,2024-10-14,2024-11-13,11537.81,2024-11-24
INV102763,39,2024-10-14,2024-11-13,10003.6,2025-01-06
INV102764,145,2024-10-14,2024-11-13,98427.21,2024-11-26
INV102765,104,2024-10-15,2024-11-14,20356.48,2024-12-27
INV102766,115,2024-10-15,2024-11-14,1770.74,2024-12-24
INV102767,121,2024-10-15,2024-11-14,13358.5,2024-11-08
INV102768,132,2024-10-15,2024-11-14,4225.74,2024-11-15
INV102769,150,2024-10-15,2024-11-14,6912.7,2024-11-13
INV102770,61,2024-10-16,2024-11-15,3014.81,2024-11-12
INV102771,68,2024-10-16,2024-12-15,12767.78,2024-12-12
INV102772,103,2024-10-16,2024-11-15,5488.14,2024-12-27
INV102773,111,2024-10-16,2024-11-15,6504.27,2024-11-12
INV102774,43,2024-10-17,2024-12-16,2780.61,2024-12-11
INV102775,45,2024-10-17,2024-11-16,8034.32,2025-01-15
INV102776,66,2024-10-17,2024-11-16,4030.61,2024-11-14
INV102777,69,2024-10-17,2024-11-16,34816.02,2024-11-25
INV102778,70,2024-10-17,2024-11-16,9691.63,2024-11-17
INV102779,93,2024-10-17,2024-11-16,2864.4,2024-11-09
INV102780,96,2024-10-17,2024-11-16,16992.08,2024-11-28
INV102781,97,2024-10-17,2024-11-16,6245.23,2024-11-26
INV102782,101,2024-10-17,2024-11-16,10051.33,2024-11-15
INV102783,117,2024-10-17,2024-11-16,6987.32,2024-11-18
INV102784,124,2024-10-17,2024-12-16,3556.14,2025-01-14
INV102785,127,2024-10-17,2024-11-16,5198.06,2024-11-13
INV102786,130,2024-10-17,2024-11-16,11164.03,2024-11-13
INV102787,141,2024-10-17,2024-11-16,1866.79,2024-11-16
INV102788,144,2024-10-17,2024-11-16,1646.17,2024-12-15
INV102789,147,2024-10-17,2024-11-16,4389.79,2024-12-18
INV102790,24,2024-10-18,2024-11-17,7242.85,2024-11-12
INV102791,44,2024-10-18,2024-12-17,5422.4,2024-12-08
INV102792,84,2024-10-18,2024-11-17,33407.12,2024-11-07
INV102793,92,2024-10-18,2024-11-17,25951.67,2024-11-18
INV102794,122,2024-10-18,2024-11-17,2974.86,2024-11-23
INV102795,128,2024-10-18,2024-11-17,4236.05,2024-11-16
INV102796,130,2024-10-18,2024-11-17,7596.44,2024-11-14
INV102797,42,2024-10-19,2024-12-18,3682.34,2024-12-20
INV102798,48,2024-10-19,2024-12-18,17306.7,2024-12-15
INV102799,60,2024-10-19,2024-11-18,19642.5,2024-11-21
INV102800,75,2024-10-19,2024-11-18,1373.89,2024-11-11
INV102801,88,2024-10-19,2024-11-18,5354.77,2024-11-22
INV102802,99,2024-10-19,2024-11-18,4339.45,2024-11-19
INV102803,144,2024-10-19,2024-11-18,1331.08,2024-12-22
INV102804,10,2024-10-20,2024-12-19,5119.35,2025-01-12
INV102805,13,2024-10-20,2024-11-19,3159.0,2024-12-17
INV102806,14,2024-10-20,2024-11-19,3429.07,2024-11-17
INV102807,24,2024-10-20,2024-11-19,4747.44,2024-11-22
INV102808,47,2024-10-20,2024-11-19,14973.68,2024-11-19
INV102809,66,2024-10-20,2024-11-19,8850.98,2024-11-20
INV102810,69,2024-10-20,2024-11-19,53620.11,2024-12-02
INV102811,108,2024-10-20,2024-11-19,4354.98,2024-11-16
INV102812,122,2024-10-20,2024-11-19,2093.04,2024-11-23
INV102813,4,2024-10-21,2024-12-20,9495.18,2024-12-17
INV102814,25,2024-10-21,2024-11-20,2799.71,2024-11-25
INV102815,27,2024-10-21,2024-11-20,3230.41,2024-11-21
INV102816,30,2024-10-21,2024-11-20,6659.28,2024-11-18
INV102817,33,2024-10-21,2024-11-20,4060.5,2024-11-21
INV102818,43,2024-10-21,2024-12-20,10140.81,2024-12-29
INV102819,49,2024-10-21,2024-11-20,8392.07,2024-11-22
INV102820,51,2024-10-21,2024-11-20,1299.22,2024-11-23
INV102821,67,2024-10-21,2024-11-20,2095.65,2024-11-13
INV102822,87,2024-10-21,2024-11-20,1663.08,2024-11-25
INV102823,102,2024-10-21,2024-11-20,25671.63,2024-11-24
INV102824,137,2024-10-21,2024-12-20,3018.68,2025-01-27
INV102825,150,2024-10-21,2024-11-20,3597.76,2024-12-05
INV102826,1,2024-10-22,2024-11-21,3025.71,2024-11-12
INV102827,3,2024-10-22,2024-11-21,2843.77,2024-12-02
INV102828,20,2024-10-22,2024-12-21,6361.59,2024-12-23
INV102829,21,2024-10-22,2024-11-21,14312.5,2025-01-30
INV102830,40,2024-10-22,2024-12-21,2970.47,2025-01-01
INV102831,67,2024-10-22,2024-11-21,4554.3,2024-11-20
INV102832,72,2024-10-22,2024-11-21,7534.85,2024-11-23
INV102833,73,2024-10-22,2024-11-21,6724.94,2024-11-25
INV102834,118,2024-10-22,2024-11-21,6662.23,2024-11-12
INV102835,139,2024-10-22,2024-11-21,7880.05,2024-12-09
INV102836,2,2024-10-23,2024-11-22,9396.84,2024-11-18
INV102837,11,2024-10-23,2024-11-22,2776.81,2024-12-02
INV102838,38,2024-10-23,2024-11-22,15564.54,2024-12-01
INV102839,58,2024-10-23,2024-11-22,2565.42,2024-12-04
INV102840,64,2024-10-23,2024-11-22,7911.19,2024-11-20
INV102841,111,2024-10-23,2024-11-22,9813.6,2024-11-20
INV102842,133,2024-10-23,2024-11-22,1683.6,2024-12-03
INV102843,5,2024-10-24,2024-11-23,2944.7,2024-11-16
INV102844,41,2024-10-24,2024-11-23,17127.8,2024-11-20
INV102845,51,2024-10-24,2024-11-23,1917.39,2024-12-04
INV102846,63,2024-10-24,2024-11-23,6010.92,2024-11-16
INV102847,64,2024-10-24,2024-11-23,9739.37,2024-11-24
INV102848,80,2024-10-24,2024-12-23,14980.25,2024-12-23
INV102849,94,2024-10-24,2024-11-23,4002.47,2024-12-02
INV102850,124,2024-10-24,2024-12-23,1955.37,2025-01-12
INV102851,143,2024-10-24,2024-11-23,47174.88,2024-11-18
INV102852,1,2024-10-25,2024-11-24,4678.5,2024-12-03
INV102853,12,2024-10-25,2024-11-24,1726.0,2024-11-26
INV102854,30,2024-10-25,2024-11-24,6957.18,2024-11-29
INV102855,64,2024-10-25,2024-11-24,5750.08,2024-11-26
INV102856,68,2024-10-25,2024-12-24,5270.14,2024-12-26
INV102857,78,2024-10-25,2024-11-24,788.92,2024-12-08
INV102858,105,2024-10-25,2024-11-24,2829.68,2024-12-15
INV102859,111,2024-10-25,2024-11-24,16882.21,2024-11-26
INV102860,117,2024-10-25,2024-11-24,5801.02,2024-11-28
INV102861,119,2024-10-25,2024-12-24,5601.85,2025-02-04
INV102862,131,2024-10-25,2024-11-24,3584.75,2025-01-10
INV102863,38,2024-10-26,2024-11-25,14189.29,2024-11-27
INV102864,53,2024-10-26,2024-12-25,11008.11,2024-12-19
INV102865,58,2024-10-26,2024-11-25,8729.54,2024-11-28
INV102866,80,2024-10-26,2024-12-25,19645.11,2024-12-29
INV102867,120,2024-10-26,2024-12-25,2694.95,2024-12-24
INV102868,128,2024-10-26,2024-11-25,6882.4,2024-11-15
INV102869,139,2024-10-26,2024-11-25,9683.5,2024-12-29
INV102870,146,2024-10-26,2024-11-25,23829.01,2024-12-02
INV102871,18,2024-10-27,2024-11-26,102654.16,2024-12-06
INV102872,31,2024-10-27,2024-11-26,6681.11,2024-11-25
INV102873,41,2024-10-27,2024-11-26,26124.09,2024-11-28
INV102874,54,2024-10-27,2024-12-26,6254.89,2024-12-23
INV102875,72,2024-10-27,2024-11-26,3374.3,2024-11-26
INV102876,73,2024-10-27,2024-11-26,3987.01,2024-11-25
INV102877,82,2024-10-27,2024-11-26,27316.09,2025-01-14
INV102878,83,2024-10-27,2024-11-26,6332.35,2024-12-18
INV102879,91,2024-10-27,2024-11-26,3819.02,2024-11-26
INV102880,96,2024-10-27,2024-11-26,23949.1,2024-12-31
INV102881,104,2024-10-27,2024-11-26,12926.53,2024-11-27
INV102882,114,2024-10-27,2024-11-26,2177.53,2025-01-01
INV102883,118,2024-10-27,2024-11-26,7212.32,2024-11-24
INV102884,3,2024-10-28,2024-11-27,4806.48,2024-12-31
INV102885,35,2024-10-28,2024-11-27,3360.72,2024-11-27
INV102886,51,2024-10-28,2024-11-27,3212.07,2024-11-30
INV102887,53,2024-10-28,2024-12-27,11487.13,2024-12-28
INV102888,58,2024-10-28,2024-11-27,4707.08,2024-12-04
INV102889,58,2024-10-28,2024-11-27,5327.35,2024-11-25
INV102890,106,2024-10-28,2024-11-27,4577.19,2024-11-17
INV102891,146,2024-10-28,2024-11-27,25199.77,2024-12-08
INV102892,14,2024-11-01,2024-12-01,3733.88,2024-12-01
INV102893,30,2024-11-01,2024-12-01,4856.39,2024-12-06
INV102894,38,2024-11-01,2024-12-01,6166.9,2024-12-06
INV102895,40,2024-11-01,2024-12-31,2122.73,2024-12-24
INV102896,44,2024-11-01,2024-12-31,3049.68,2025-01-01
INV102897,61,2024-11-01,2024-12-01,3321.92,2024-11-24
INV102898,68,2024-11-01,2024-12-31,26648.85,2025-01-01
INV102899,86,2024-11-01,2024-12-01,6426.21,2024-12-02
INV102900,93,2024-11-01,2024-12-01,4087.97,2024-12-24
INV102901,135,2024-11-01,2024-12-01,17889.01,2024-12-23
INV102902,1,2024-11-02,2024-12-02,4228.13,2024-11-29
INV102903,1,2024-11-02,2024-12-02,1862.66,2024-12-02
INV102904,14,2024-11-02,2024-12-02,4792.14,2024-12-05
INV102905,32,2024-11-02,2024-12-02,5075.6,2024-12-01
INV102906,70,2024-11-02,2024-12-02,3863.99,2024-12-02
INV102907,107,2024-11-02,2024-12-02,10737.63,2024-12-09
INV102908,121,2024-11-02,2024-12-02,19250.87,2024-12-03
INV102909,127,2024-11-02,2024-12-02,2833.17,2024-12-06
INV102910,141,2024-11-02,2024-12-02,800.73,2024-12-09
INV102911,146,2024-11-02,2024-12-02,19251.6,2024-12-27
INV102912,11,2024-11-03,2024-12-03,1549.64,2024-12-03
INV102913,22,2024-11-03,2024-12-03,19055.15,2024-12-15
INV102914,28,2024-11-03,2024-12-03,851.45,2024-12-13
INV102915,36,2024-11-03,2024-12-03,4957.17,2024-12-01
INV102916,53,2024-11-03,2025-01-02,8535.69,2025-01-09
INV102917,63,2024-11-03,2024-12-03,6711.9,2024-12-11
INV102918,65,2024-11-03,2024-12-03,2377.29,2024-12-09
INV102919,69,2024-11-03,2024-12-03,20517.64,2025-01-03
INV102920,95,2024-11-03,2025-01-02,9955.87,2025-01-14
INV102921,109,2024-11-03,2025-01-02,11578.0,2024-12-31
INV102922,126,2024-11-03,2024-12-03,4838.78,2024-12-31
INV102923,148,2024-11-03,2025-01-02,7296.0,2025-01-02
INV102924,148,2024-11-03,2025-01-02,5881.99,2024-12-30
INV102925,17,2024-11-04,2024-12-04,14291.45,2025-01-07
INV102926,39,2024-11-04,2024-12-04,7163.57,2025-01-26
INV102927,42,2024-11-04,2025-01-03,4170.52,2025-01-10
INV102928,55,2024-11-04,2024-12-04,12167.39,2024-12-23
INV102929,63,2024-11-04,2024-12-04,5409.08,2024-11-28
INV102930,81,2024-11-04,2024-12-04,1161.85,2024-12-05
INV102931,82,2024-11-04,2024-12-04,12562.86,2025-01-17
INV102932,97,2024-11-04,2024-12-04,5711.75,2024-12-30
INV102933,104,2024-11-04,2024-12-04,11852.62,2025-01-04
INV102934,111,2024-11-04,2024-12-04,4394.72,2024-12-04
INV102935,111,2024-11-04,2024-12-04,9784.38,2024-12-05
INV102936,125,2024-11-04,2025-01-03,2139.53,2024-12-30
INV102937,132,2024-11-04,2024-12-04,3869.68,2024-12-07
INV102938,145,2024-11-04,2024-12-04,57475.52,2024-12-22
INV102939,30,2024-11-05,2024-12-05,2632.57,2024-12-07
INV102940,31,2024-11-05,2024-12-05,2262.83,2024-12-09
INV102941,63,2024-11-05,2024-12-05,7626.86,2024-12-05
INV102942,103,2024-11-05,2024-12-05,7180.77,2025-01-13
INV102943,120,2024-11-05,2025-01-04,2669.15,2025-01-10
INV102944,123,2024-11-05,2025-01-04,4182.52,2024-12-31
INV102945,140,2024-11-05,2024-12-05,2924.49,2025-01-12
INV102946,3,2024-11-06,2024-12-06,2902.41,2024-12-09
INV102947,4,2024-11-06,2025-01-05,5316.33,2025-01-05
INV102948,24,2024-11-06,2024-12-06,4598.3,2024-12-04
INV102949,65,2024-11-06,2024-12-06,2888.85,2024-12-20
INV102950,68,2024-11-06,2025-01-05,19155.29,2025-01-05
INV102951,92,2024-11-06,2024-12-06,24033.04,2024-12-29
INV102952,94,2024-11-06,2024-12-06,3362.13,2024-11-26
INV102953,112,2024-11-06,2025-01-05,2344.02,2025-01-18
INV102954,49,2024-11-07,2024-12-07,10407.37,2024-12-10
INV102955,58,2024-11-07,2024-12-07,6011.69,2024-12-05
INV102956,58,2024-11-07,2024-12-07,7293.97,2024-12-11
INV102957,59,2024-11-07,2024-12-07,3964.2,2024-12-06
INV102958,74,2024-11-07,2025-01-06,11370.85,2025-01-04
INV102959,85,2024-11-07,2024-12-07,7132.26,2024-12-04
INV102960,143,2024-11-07,2024-12-07,98381.03,2024-12-02
INV102961,26,2024-11-08,2025-01-07,14333.48,2025-01-12
INV102962,35,2024-11-08,2024-12-08,2266.78,2024-12-05
INV102963,48,2024-11-08,2025-01-07,17967.58,2025-01-01
INV102964,57,2024-11-08,2025-01-07,5624.89,2025-01-07
INV102965,79,2024-11-08,2025-01-07,13362.34,2025-01-13
INV102966,93,2024-11-08,2024-12-08,5110.85,2025-01-02
INV102967,112,2024-11-08,2025-01-07,7387.65,2024-12-31
INV102968,130,2024-11-08,2024-12-08,3828.09,2024-12-10
INV102969,142,2024-11-08,2024-12-08,251.55,2024-12-17
INV102970,19,2024-11-09,2024-12-09,7074.16,2025-01-07
INV102971,29,2024-11-09,2024-12-09,6421.52,2024-12-27
INV102972,34,2024-11-09,2024-12-09,7831.99,2024-12-16
INV102973,64,2024-11-09,2024-12-09,12585.78,2024-12-22
INV102974,70,2024-11-09,2024-12-09,11032.91,2024-12-12
INV102975,79,2024-11-09,2025-01-08,8451.67,2025-01-05
INV102976,109,2024-11-09,2025-01-08,10372.44,2025-02-26
INV102977,119,2024-11-09,2025-01-08,8866.62,2025-01-12
INV102978,125,2024-11-09,2025-01-08,1967.11,2025-01-05
INV102979,138,2024-11-09,2024-12-09,12865.77,2024-12-07
INV102980,17,2024-11-10,2024-12-10,15056.59,2025-01-01
INV102981,19,2024-11-10,2024-12-10,21406.4,2025-01-25
INV102982,22,2024-11-10,2024-12-10,35450.29,2024-12-07
INV102983,47,2024-11-10,2024-12-10,17635.56,2024-12-08
INV102984,51,2024-11-10,2024-12-10,1855.72,2024-12-11
INV102985,75,2024-11-10,2024-12-10,2411.89,2024-12-16
INV102986,79,2024-11-10,2025-01-09,11304.94,2025-01-16
INV102987,85,2024-11-10,2024-12-10,5097.52,2024-12-05
INV102988,102,2024-11-10,2024-12-10,33673.04,2024-12-16
INV102989,118,2024-11-10,2024-12-10,5833.77,2024-12-08
INV102990,119,2024-11-10,2025-01-09,1527.11,2025-02-01
INV102991,120,2024-11-10,2025-01-09,4344.39,2025-01-03
INV102992,121,2024-11-10,2024-12-10,10026.94,2024-12-14
INV102993,133,2024-11-10,2024-12-10,999.7,2024-12-12
INV102994,138,2024-11-10,2024-12-10,12873.43,2024-12-16
INV102995,141,2024-11-10,2024-12-10,2079.96,2024-12-16
INV102996,141,2024-11-10,2024-12-10,1027.74,2024-12-12
INV102997,142,2024-11-10,2024-12-10,610.95,2024-12-09
INV102998,29,2024-11-11,2024-12-11,2697.47,2025-01-16
INV102999,29,2024-11-11,2024-12-11,13418.22,2024-12-30
INV103000,37,2024-11-11,2024-12-11,4585.58,2025-01-07
INV103001,50,2024-11-11,2024-12-11,10392.46,2024-12-23
INV103002,52,2024-11-11,2024-12-11,3960.94,2024-12-28
INV103003,78,2024-11-11,2024-12-11,742.2,2024-12-31
INV103004,116,2024-11-11,2024-12-11,11679.47,2024-12-14
INV103005,117,2024-11-11,2024-12-11,9087.45,2024-12-14
INV103006,123,2024-11-11,2025-01-10,6247.71,2025-01-17
INV103007,126,2024-11-11,2024-12-11,2386.34,2025-01-08
INV103008,126,2024-11-11,2024-12-11,7012.36,2024-12-31
INV103009,129,2024-11-11,2024-12-11,3378.59,2024-12-15
INV103010,26,2024-11-12,2025-01-11,6997.19,2025-01-18
INV103011,44,2024-11-12,2025-01-11,3315.78,2025-01-10
INV103012,52,2024-11-12,2024-12-12,2615.65,2025-01-06
INV103013,101,2024-11-12,2024-12-12,10629.76,2024-12-14
INV103014,107,2024-11-12,2024-12-12,20676.61,2024-12-13
INV103015,110,2024-11-12,2024-12-12,5080.52,2024-12-23
INV103016,133,2024-11-12,2024-12-12,1778.64,2024-12-15
INV103017,136,2024-11-12,2024-12-12,1264.58,2025-01-29
INV103018,137,2024-11-12,2025-01-11,4843.24,2025-02-06
INV103019,140,2024-11-12,2024-12-12,3529.07,2024-12-17
INV103020,145,2024-11-12,2024-12-12,32156.8,2024-12-31
INV103021,148,2024-11-12,2025-01-11,9984.39,2025-01-17
INV103022,16,2024-11-13,2024-12-13,34785.17,2024-12-27
INV103023,35,2024-11-13,2024-12-13,3704.67,2024-12-16
INV103024,38,2024-11-13,2024-12-13,20354.46,2024-12-16
INV103025,39,2024-11-13,2024-12-13,2538.33,2024-12-17
INV103026,46,2024-11-13,2025-01-12,2035.95,2025-02-09
INV103027,53,2024-11-13,2025-01-12,11981.1,2025-01-22
INV103028,58,2024-11-13,2024-12-13,4537.28,2024-12-08
INV103029,69,2024-11-13,2024-12-13,25987.88,2024-12-31
INV103030,76,2024-11-13,2024-12-13,10706.52,2025-01-03
INV103031,131,2024-11-13,2024-12-13,3435.3,2025-01-12
INV103032,146,2024-11-13,2024-12-13,25209.58,2024-12-23
INV103033,147,2024-11-13,2024-12-13,2548.64,2025-01-13
INV103034,148,2024-11-13,2025-01-12,16549.72,2025-01-12
INV103035,42,2024-11-14,2025-01-13,3231.94,2025-01-11
INV103036,64,2024-11-14,2024-12-14,7395.31,2024-12-14
INV103037,67,2024-11-14,2024-12-14,4213.18,2024-12-10
INV103038,79,2024-11-14,2025-01-13,9079.55,2025-01-12
INV103039,100,2024-11-14,2024-12-14,1596.24,2025-01-06
INV103040,17,2024-11-15,2024-12-15,13608.05,2024-12-25
INV103041,33,2024-11-15,2024-12-15,4300.49,2024-12-14
INV103042,54,2024-11-15,2025-01-14,2872.25,2025-01-19
INV103043,55,2024-11-15,2024-12-15,5672.71,2024-12-12
INV103044,70,2024-11-15,2024-12-15,7421.88,2024-12-19
INV103045,105,2024-11-15,2024-12-15,2761.42,2024-12-21
INV103046,110,2024-11-15,2024-12-15,11210.05,2024-12-14
INV103047,112,2024-11-15,2025-01-14,6292.43,2025-01-04
INV103048,118,2024-11-15,2024-12-15,5977.47,2024-12-15
INV103049,148,2024-11-15,2025-01-14,8143.7,2025-01-11
INV103050,10,2024-11-16,2025-01-15,6606.52,2025-02-02
INV103051,13,2024-11-16,2024-12-16,4720.9,2024-12-28
INV103052,27,2024-11-16,2024-12-16,7819.32,2024-12-23
INV103053,29,2024-11-16,2024-12-16,7347.11,2025-01-03
INV103054,36,2024-11-16,2024-12-16,16411.67,2024-12-16
INV103055,55,2024-11-16,2024-12-16,4742.55,2025-01-16
INV103056,57,2024-11-16,2025-01-15,8372.94,2025-01-16
INV103057,58,2024-11-16,2024-12-16,5826.93,2024-12-20
INV103058,64,2024-11-16,2024-12-16,5699.38,2024-12-12
INV103059,66,2024-11-16,2024-12-16,8375.19,2024-12-14
INV103060,70,2024-11-16,2024-12-16,4297.38,2024-12-19
INV103061,83,2024-11-16,2024-12-16,4572.35,2025-02-02
INV103062,103,2024-11-16,2024-12-16,15470.72,2024-12-30
INV103063,122,2024-11-16,2024-12-16,4102.78,2024-12-19
INV103064,128,2024-11-16,2024-12-16,4686.99,2024-12-22
INV103065,147,2024-11-16,2024-12-16,2413.1,2025-01-12
INV103066,23,2024-11-17,2024-12-17,13323.25,2024-12-20
INV103067,26,2024-11-17,2025-01-16,6530.19,2025-01-21
INV103068,40,2024-11-17,2025-01-16,4505.2,2025-01-15
INV103069,40,2024-11-17,2025-01-16,3443.75,2025-01-18
INV103070,62,2024-11-17,2025-01-16,19709.16,2025-02-04
INV103071,94,2024-11-17,2024-12-17,2963.91,2024-12-20
INV103072,100,2024-11-17,2024-12-17,3054.59,2025-01-08
INV103073,120,2024-11-17,2025-01-16,2309.06,2025-01-08
INV103074,4,2024-11-18,2025-01-17,4155.45,2025-01-13
INV103075,7,2024-11-18,2024-12-18,10527.15,2024-12-19
INV103076,41,2024-11-18,2024-12-18,35223.69,2024-12-21
INV103077,62,2024-11-18,2025-01-17,14157.71,2025-02-14
INV103078,70,2024-11-18,2024-12-18,7162.27,2024-12-25
INV103079,71,2024-11-18,2024-12-18,899.13,2025-01-30
INV103080,93,2024-11-18,2024-12-18,2276.76,2025-01-07
INV103081,94,2024-11-18,2024-12-18,5777.86,2024-12-20
INV103082,19,2024-11-19,2024-12-19,11681.26,2025-01-14
INV103083,25,2024-11-19,2024-12-19,1580.07,2025-01-04
INV103084,32,2024-11-19,2024-12-19,10191.2,2024-12-16
INV103085,71,2024-11-19,2024-12-19,718.49,2025-01-04
INV103086,77,2024-11-19,2024-12-19,20616.29,2024-12-23
INV103087,87,2024-11-19,2024-12-19,2398.99,2025-01-20
INV103088,92,2024-11-19,2024-12-19,28889.38,2025-01-19
INV103089,105,2024-11-19,2024-12-19,2156.74,2025-02-04
INV103090,106,2024-11-19,2024-12-19,6759.31,2024-12-26
INV103091,120,2024-11-19,2025-01-18,4268.86,2025-01-19
INV103092,140,2024-11-19,2024-12-19,3649.07,2025-01-03
INV103093,10,2024-11-20,2025-01-19,7166.15,2025-02-20
INV103094,11,2024-11-20,2024-12-20,4757.76,2024-12-24
INV103095,64,2024-11-20,2024-12-20,8247.69,2024-12-20
INV103096,64,2024-11-20,2024-12-20,10310.93,2024-12-17
INV103097,120,2024-11-20,2025-01-19,3378.03,2025-01-28
INV103098,136,2024-11-20,2024-12-20,2034.01,2025-01-19
INV103099,7,2024-11-21,2024-12-21,6709.86,2024-12-17
INV103100,25,2024-11-21,2024-12-21,5736.87,2024-12-24
INV103101,33,2024-11-21,2024-12-21,2751.37,2024-12-26
INV103102,70,2024-11-21,2024-12-21,8910.18,2024-12-27
INV103103,81,2024-11-21,2024-12-21,1641.66,2024-12-27
INV103104,97,2024-11-21,2024-12-21,6654.92,2025-01-12
INV103105,100,2024-11-21,2024-12-21,3977.25,2025-01-22
INV103106,108,2024-11-21,2024-12-21,11610.53,2024-12-22
INV103107,120,2024-11-21,2025-01-20,3186.87,2025-01-23
INV103108,126,2024-11-21,2024-12-21,2070.85,2024-12-29
INV103109,4,2024-11-22,2025-01-21,4644.76,2025-01-23
INV103110,20,2024-11-22,2025-01-21,17117.92,2025-01-19
INV103111,22,2024-11-22,2024-12-22,25090.54,2025-01-02
INV103112,58,2024-11-22,2024-12-22,7096.3,2024-12-24
INV103113,72,2024-11-22,2024-12-22,2583.82,2024-12-24
INV103114,82,2024-11-22,2024-12-22,23293.31,2025-02-26
INV103115,116,2024-11-22,2024-12-22,9785.69,2024-12-19
INV103116,117,2024-11-22,2024-12-22,12260.59,2024-12-27
INV103117,10,2024-11-23,2025-01-22,4509.23,2025-02-13
INV103118,14,2024-11-23,2024-12-23,2849.6,2024-12-27
INV103119,30,2024-11-23,2024-12-23,1885.19,2024-12-24
INV103120,42,2024-11-23,2025-01-22,5095.72,2025-02-05
INV103121,54,2024-11-23,2025-01-22,8174.54,2025-01-20
INV103122,106,2024-11-23,2024-12-23,2486.5,2024-12-18
INV103123,108,2024-11-23,2024-12-23,7529.73,2024-12-22
INV103124,122,2024-11-23,2024-12-23,2282.64,2024-12-26
INV103125,133,2024-11-23,2024-12-23,1601.61,2024-12-20
INV103126,150,2024-11-23,2024-12-23,2737.12,2024-12-24
INV103127,2,2024-11-24,2024-12-24,6327.64,2024-12-29
INV103128,5,2024-11-24,2024-12-24,2368.66,2024-12-19
INV103129,47,2024-11-24,2024-12-24,20179.68,2025-01-01
INV103130,57,2024-11-24,2025-01-23,6329.41,2025-01-23
INV103131,97,2024-11-24,2024-12-24,7293.48,2025-01-12
INV103132,109,2024-11-24,2025-01-23,20350.59,2025-02-24
INV103133,128,2024-11-24,2024-12-24,5347.84,2024-12-23
INV103134,150,2024-11-24,2024-12-24,3896.89,2024-12-16
INV103135,150,2024-11-24,2024-12-24,4155.76,2024-12-28
INV103136,21,2024-11-25,2024-12-25,6383.84,2025-03-12
INV103137,29,2024-11-25,2024-12-25,2532.99,2025-01-04
INV103138,48,2024-11-25,2025-01-24,15392.7,2025-01-24
INV103139,57,2024-11-25,2025-01-24,3209.1,2025-01-27
INV103140,72,2024-11-25,2024-12-25,3815.66,2025-01-02
INV103141,75,2024-11-25,2024-12-25,2847.46,2024-12-29
INV103142,77,2024-11-25,2024-12-25,11390.84,2024-12-23
INV103143,91,2024-11-25,2024-12-25,14207.05,2025-01-03
INV103144,129,2024-11-25,2024-12-25,7434.08,2024-12-27
INV103145,132,2024-11-25,2024-12-25,3261.69,2024-12-29
INV103146,142,2024-11-25,2024-12-25,660.33,2025-01-04
INV103147,148,2024-11-25,2025-01-24,6560.53,2025-02-07
INV103148,6,2024-11-26,2024-12-26,34502.19,2025-01-24
INV103149,14,2024-11-26,2024-12-26,7016.28,2024-12-25
INV103150,17,2024-11-26,2024-12-26,23937.21,2025-01-07
INV103151,37,2024-11-26,2024-12-26,2960.84,2025-01-02
INV103152,54,2024-11-26,2025-01-25,5292.17,2025-01-26
INV103153,74,2024-11-26,2025-01-25,7960.85,2025-01-29
INV103154,75,2024-11-26,2024-12-26,3507.86,2024-12-27
INV103155,110,2024-11-26,2024-12-26,10250.06,2024-12-22
INV103156,128,2024-11-26,2024-12-26,3572.31,2024-12-28
INV103157,142,2024-11-26,2024-12-26,460.0,2024-12-21
INV103158,143,2024-11-26,2024-12-26,49460.63,2024-12-26
INV103159,4,2024-11-27,2025-01-26,4462.75,2025-02-04
INV103160,18,2024-11-27,2024-12-27,39236.43,2024-12-23
INV103161,21,2024-11-27,2024-12-27,19395.49,2025-02-25
INV103162,28,2024-11-27,2024-12-27,1579.1,2025-01-19
INV103163,61,2024-11-27,2024-12-27,2061.42,2024-12-30
INV103164,65,2024-11-27,2024-12-27,894.83,2025-01-13
INV103165,93,2024-11-27,2024-12-27,2515.28,2025-01-20
INV103166,94,2024-11-27,2024-12-27,3084.96,2024-12-29
INV103167,119,2024-11-27,2025-01-26,4919.0,2025-02-09
INV103168,123,2024-11-27,2025-01-26,3612.97,2025-01-29
INV103169,130,2024-11-27,2024-12-27,8807.13,2024-12-26
INV103170,133,2024-11-27,2024-12-27,2792.87,2024-12-20
INV103171,141,2024-11-27,2024-12-27,3018.34,2024-12-30
INV103172,35,2024-11-28,2024-12-28,3532.58,2024-12-28
INV103173,35,2024-11-28,2024-12-28,2920.28,2024-12-31
INV103174,54,2024-11-28,2025-01-27,2448.46,2025-01-26
INV103175,79,2024-11-28,2025-01-27,9807.72,2025-01-28
INV103176,89,2024-11-28,2024-12-28,8042.14,2024-12-30
INV103177,90,2024-11-28,2024-12-28,14395.25,2025-01-06
INV103178,134,2024-11-28,2024-12-28,11498.91,2024-12-24
INV103179,149,2024-11-28,2024-12-28,8786.37,2025-01-08
INV103180,25,2024-12-01,2024-12-31,3825.19,2025-01-07
INV103181,28,2024-12-01,2024-12-31,964.93,2025-02-01
INV103182,41,2024-12-01,2024-12-31,38633.91,2025-01-09
INV103183,67,2024-12-01,2024-12-31,5641.5,2025-01-05
INV103184,72,2024-12-01,2024-12-31,3142.26,2025-01-10
INV103185,79,2024-12-01,2025-01-30,7205.07,2025-01-31
INV103186,82,2024-12-01,2024-12-31,8534.74,2025-01-24
INV103187,83,2024-12-01,2024-12-31,6182.34,2025-01-29
INV103188,95,2024-12-01,2025-01-30,8159.39,2025-02-24
INV103189,100,2024-12-01,2024-12-31,2784.04,2025-01-24
INV103190,119,2024-12-01,2025-01-30,10048.15,2025-02-25
INV103191,145,2024-12-01,2024-12-31,70197.69,2025-02-10
INV103192,1,2024-12-02,2025-01-01,5112.73,2025-01-07
INV103193,8,2024-12-02,2025-01-31,2692.48,2025-02-02
INV103194,16,2024-12-02,2025-01-01,23569.69,2025-02-28
INV103195,28,2024-12-02,2025-01-01,953.4,2025-01-25
INV103196,50,2024-12-02,2025-01-01,8330.7,2025-02-14
INV103197,79,2024-12-02,2025-01-31,11604.28,2025-02-07
INV103198,86,2024-12-02,2025-01-01,6566.94,2025-01-16
INV103199,91,2024-12-02,2025-01-01,10089.5,2025-01-03
INV103200,118,2024-12-02,2025-01-01,4134.69,2025-01-11
INV103201,127,2024-12-02,2025-01-01,8395.2,2025-01-01
INV103202,134,2024-12-02,2025-01-01,8421.2,2025-01-19
INV103203,18,2024-12-03,2025-01-02,27596.07,2025-01-19
INV103204,60,2024-12-03,2025-01-02,14875.72,2025-01-03
INV103205,62,2024-12-03,2025-02-01,8254.22,2025-02-25
INV103206,67,2024-12-03,2025-01-02,2545.37,2025-01-05
INV103207,79,2024-12-03,2025-02-01,8768.78,2025-02-06
INV103208,80,2024-12-03,2025-02-01,11506.09,2025-02-07
INV103209,91,2024-12-03,2025-01-02,9756.12,2025-01-03
INV103210,94,2024-12-03,2025-01-02,3659.13,2025-01-12
INV103211,102,2024-12-03,2025-01-02,38535.93,2025-01-03
INV103212,108,2024-12-03,2025-01-02,6477.14,2025-01-15
INV103213,121,2024-12-03,2025-01-02,20477.0,2025-01-13
INV103214,126,2024-12-03,2025-01-02,10163.93,2025-02-22
INV103215,142,2024-12-03,2025-01-02,423.25,2025-01-12
INV103216,149,2024-12-03,2025-01-02,13919.9,2025-01-23
INV103217,8,2024-12-04,2025-02-02,4589.54,2025-02-22
INV103218,9,2024-12-04,2025-01-03,6825.73,2025-02-21
INV103219,52,2024-12-04,2025-01-03,8207.86,2025-02-05
INV103220,54,2024-12-04,2025-02-02,3870.78,2025-02-01
INV103221,54,2024-12-04,2025-02-02,2382.23,2025-02-14
INV103222,79,2024-12-04,2025-02-02,5456.68,2025-01-28
INV103223,95,2024-12-04,2025-02-02,9006.65,2025-02-23
INV103224,102,2024-12-04,2025-01-03,17929.78,2025-01-13
INV103225,102,2024-12-04,2025-01-03,20104.36,2025-01-09
INV103226,148,2024-12-04,2025-02-02,3340.43,2025-02-06
INV103227,19,2024-12-05,2025-01-04,3899.7,2025-02-10
INV103228,20,2024-12-05,2025-02-03,27862.36,2025-02-21
INV103229,21,2024-12-05,2025-01-04,6720.93,2025-03-20
INV103230,33,2024-12-05,2025-01-04,4299.1,2025-01-13
INV103231,48,2024-12-05,2025-02-03,15909.29,2025-02-15
INV103232,61,2024-12-05,2025-01-04,2855.29,2025-01-02
INV103233,63,2024-12-05,2025-01-04,2481.5,2025-01-20
INV103234,106,2024-12-05,2025-01-04,4284.74,2025-01-11
INV103235,107,2024-12-05,2025-01-04,5147.24,2025-01-10
INV103236,109,2024-12-05,2025-02-03,20967.28,2025-02-26
INV103237,114,2024-12-05,2025-01-04,5493.01,2025-02-01
INV103238,119,2024-12-05,2025-02-03,3505.62,2025-03-05
INV103239,121,2024-12-05,2025-01-04,15884.41,2025-01-07
INV103240,136,2024-12-05,2025-01-04,1928.53,2025-01-28
INV103241,7,2024-12-06,2025-01-05,13395.34,2025-01-08
INV103242,28,2024-12-06,2025-01-05,1602.46,2025-02-05
INV103243,35,2024-12-06,2025-01-05,5763.79,2025-01-19
INV103244,46,2024-12-06,2025-02-04,6714.57,2025-03-29
INV103245,76,2024-12-06,2025-01-05,24619.66,2025-01-20
INV103246,124,2024-12-06,2025-02-04,2805.31,2025-02-28
INV103247,149,2024-12-06,2025-01-05,5633.6,2025-02-21
INV103248,3,2024-12-07,2025-01-06,3196.46,2025-01-18
INV103249,3,2024-12-07,2025-01-06,2816.37,2025-01-15
INV103250,10,2024-12-07,2025-02-05,14707.64,2025-02-14
INV103251,13,2024-12-07,2025-01-06,3246.87,2025-02-06
INV103252,22,2024-12-07,2025-01-06,48512.25,2025-01-17
INV103253,81,2024-12-07,2025-01-06,1081.39,2025-01-17
INV103254,102,2024-12-07,2025-01-06,19830.34,2025-01-16
INV103255,123,2024-12-07,2025-02-05,4041.45,2025-02-10
INV103256,52,2024-12-08,2025-01-07,3748.29,2025-02-23
INV103257,55,2024-12-08,2025-01-07,6867.22,2025-02-03
INV103258,56,2024-12-08,2025-01-07,8488.27,2025-01-17
INV103259,82,2024-12-08,2025-01-07,14321.55,2025-02-22
INV103260,106,2024-12-08,2025-01-07,5318.74,2025-01-16
INV103261,125,2024-12-08,2025-02-06,1113.33,2025-02-18
INV103262,128,2024-12-08,2025-01-07,8746.29,2025-01-11
INV103263,145,2024-12-08,2025-01-07,94767.56,2025-02-01
INV103264,12,2024-12-09,2025-01-08,3254.26,2025-01-17
INV103265,18,2024-12-09,2025-01-08,56258.21,2025-01-23
INV103266,21,2024-12-09,2025-01-08,8940.71,2025-03-04
INV103267,39,2024-12-09,2025-01-08,5487.21,2025-01-30
INV103268,119,2024-12-09,2025-02-07,6557.05,2025-03-07
INV103269,130,2024-12-09,2025-01-08,3348.95,2025-01-13
INV103270,144,2024-12-09,2025-01-08,1527.02,2025-01-20
INV103271,21,2024-12-10,2025-01-09,6589.45,2025-03-26
INV103272,27,2024-12-10,2025-01-09,4957.42,2025-01-12
INV103273,29,2024-12-10,2025-01-09,6026.18,2025-02-07
INV103274,38,2024-12-10,2025-01-09,24034.12,2025-01-21
INV103275,56,2024-12-10,2025-01-09,6485.59,2025-01-20
INV103276,56,2024-12-10,2025-01-09,7468.45,2025-01-05
INV103277,64,2024-12-10,2025-01-09,6495.22,2025-01-17
INV103278,110,2024-12-10,2025-01-09,6968.29,2025-01-07
INV103279,120,2024-12-10,2025-02-08,3125.69,2025-02-28
INV103280,120,2024-12-10,2025-02-08,3449.12,2025-02-24
INV103281,121,2024-12-10,2025-01-09,9883.24,2025-01-17
INV103282,125,2024-12-10,2025-02-08,3240.04,2025-02-22
INV103283,28,2024-12-11,2025-01-10,716.98,2025-02-15
INV103284,33,2024-12-11,2025-01-10,3231.63,2025-01-23
INV103285,34,2024-12-11,2025-01-10,9015.81,2025-02-15
INV103286,47,2024-12-11,2025-01-10,14590.88,2025-01-13
INV103287,69,2024-12-11,2025-01-10,34988.51,2025-02-12
INV103288,79,2024-12-11,2025-02-09,6494.0,2025-02-05
INV103289,98,2024-12-11,2025-01-10,2156.6,2025-04-02
INV103290,125,2024-12-11,2025-02-09,5223.0,2025-02-16
INV103291,127,2024-12-11,2025-01-10,4595.32,2025-01-19
INV103292,27,2024-12-12,2025-01-11,3349.99,2025-01-17
INV103293,64,2024-12-12,2025-01-11,9096.44,2025-01-19
INV103294,65,2024-12-12,2025-01-11,3428.69,2025-02-13
INV103295,103,2024-12-12,2025-01-11,6105.57,2025-01-21
INV103296,108,2024-12-12,2025-01-11,7185.16,2025-01-20
INV103297,108,2024-12-12,2025-01-11,5925.56,2025-01-29
INV103298,128,2024-12-12,2025-01-11,3558.4,2025-01-20
INV103299,135,2024-12-12,2025-01-11,46257.74,2025-02-04
INV103300,29,2024-12-13,2025-01-12,5244.68,2025-02-24
INV103301,38,2024-12-13,2025-01-12,10149.76,2025-01-19
INV103302,47,2024-12-13,2025-01-12,9297.38,2025-01-26
INV103303,58,2024-12-13,2025-01-12,8244.1,2025-01-14
INV103304,78,2024-12-13,2025-01-12,430.44,2025-02-20
INV103305,83,2024-12-13,2025-01-12,11719.72,2025-04-14
INV103306,83,2024-12-13,2025-01-12,3492.47,2025-03-04
INV103307,88,2024-12-13,2025-01-12,5836.6,2025-01-11
INV103308,89,2024-12-13,2025-01-12,12506.57,2025-01-14
INV103309,101,2024-12-13,2025-01-12,6279.01,2025-01-15
INV103310,105,2024-12-13,2025-01-12,2472.1,2025-01-20
INV103311,110,2024-12-13,2025-01-12,4885.07,2025-01-17
INV103312,2,2024-12-14,2025-01-13,5165.39,2025-01-28
INV103313,9,2024-12-14,2025-01-13,8906.07,2025-03-14
INV103314,26,2024-12-14,2025-02-12,16795.84,2025-02-25
INV103315,45,2024-12-14,2025-01-13,7336.58,2025-02-10
INV103316,77,2024-12-14,2025-01-13,5410.61,2025-01-21
INV103317,79,2024-12-14,2025-02-12,4906.96,2025-02-25
INV103318,80,2024-12-14,2025-02-12,15745.0,2025-02-12
INV103319,104,2024-12-14,2025-01-13,11534.27,2025-01-15
INV103320,110,2024-12-14,2025-01-13,4343.81,2025-01-15
INV103321,131,2024-12-14,2025-01-13,6049.77,2025-02-10
INV103322,135,2024-12-14,2025-01-13,23758.43,2025-03-01
INV103323,135,2024-12-14,2025-01-13,29084.11,2025-03-14
INV103324,140,2024-12-14,2025-01-13,3233.11,2025-03-16
INV103325,141,2024-12-14,2025-01-13,1843.62,2025-01-15
INV103326,13,2024-12-15,2025-01-14,2169.64,2025-01-29
INV103327,38,2024-12-15,2025-01-14,7840.56,2025-01-23
INV103328,73,2024-12-15,2025-01-14,12409.89,2025-01-12
INV103329,79,2024-12-15,2025-02-13,8811.42,2025-02-20
INV103330,88,2024-12-15,2025-01-14,7278.89,2025-01-10
INV103331,107,2024-12-15,2025-01-14,9950.31,2025-01-16
INV103332,16,2024-12-16,2025-01-15,22375.73,2025-03-05
INV103333,24,2024-12-16,2025-01-15,11076.15,2025-02-04
INV103334,37,2024-12-16,2025-01-15,4189.86,2025-02-15
INV103335,40,2024-12-16,2025-02-14,2736.67,2025-02-26
INV103336,43,2024-12-16,2025-02-14,4733.53,2025-02-27
INV103337,67,2024-12-16,2025-01-15,3236.13,2025-01-16
INV103338,87,2024-12-16,2025-01-15,1630.5,2025-02-04
INV103339,103,2024-12-16,2025-01-15,18420.45,2025-02-01
INV103340,144,2024-12-16,2025-01-15,1886.0,2025-01-28
INV103341,5,2024-12-17,2025-01-16,1903.9,2025-01-22
INV103342,21,2024-12-17,2025-01-16,9257.13,2025-02-18
INV103343,41,2024-12-17,2025-01-16,27610.46,2025-01-27
INV103344,44,2024-12-17,2025-02-15,5947.17,2025-02-21
INV103345,46,2024-12-17,2025-02-15,2687.12,2025-03-09
INV103346,47,2024-12-17,2025-01-16,14746.56,2025-02-04
INV103347,54,2024-12-17,2025-02-15,5489.75,2025-02-17
INV103348,72,2024-12-17,2025-01-16,2659.18,2025-01-25
INV103349,95,2024-12-17,2025-02-15,11023.61,2025-02-27
INV103350,102,2024-12-17,2025-01-16,28344.73,2025-01-23
INV103351,112,2024-12-17,2025-02-15,8445.27,2025-02-19
INV103352,119,2024-12-17,2025-02-15,3953.6,2025-03-30
INV103353,123,2024-12-17,2025-02-15,2519.3,2025-02-23
INV103354,138,2024-12-17,2025-01-16,4695.83,2025-01-26
INV103355,2,2024-12-18,2025-01-17,8148.55,2025-01-27
INV103356,18,2024-12-18,2025-01-17,57923.66,2025-01-30
INV103357,30,2024-12-18,2025-01-17,5244.35,2025-02-03
INV103358,50,2024-12-18,2025-01-17,14318.01,2025-02-26
INV103359,53,2024-12-18,2025-02-16,8188.42,2025-02-21
INV103360,54,2024-12-18,2025-02-16,7096.91,2025-03-01
INV103361,60,2024-12-18,2025-01-17,23427.72,2025-01-29
INV103362,98,2024-12-18,2025-01-17,779.3,2025-02-13
INV103363,114,2024-12-18,2025-01-17,4205.63,2025-02-27
INV103364,130,2024-12-18,2025-01-17,8812.3,2025-01-29
INV103365,134,2024-12-18,2025-01-17,5345.28,2025-01-27
INV103366,134,2024-12-18,2025-01-17,7197.16,2025-01-31
INV103367,136,2024-12-18,2025-01-17,1865.74,2025-03-10
INV103368,19,2024-12-19,2025-01-18,11634.92,2025-02-17
INV103369,26,2024-12-19,2025-02-17,14579.8,2025-03-04
INV103370,31,2024-12-19,2025-01-18,6674.16,2025-01-30
INV103371,73,2024-12-19,2025-01-18,9525.52,2025-01-19
INV103372,74,2024-12-19,2025-02-17,8489.46,2025-02-23
INV103373,85,2024-12-19,2025-01-18,5258.77,2025-02-05
INV103374,102,2024-12-19,2025-01-18,16754.53,2025-02-02
INV103375,108,2024-12-19,2025-01-18,8550.27,2025-01-28
INV103376,118,2024-12-19,2025-01-18,8105.67,2025-01-26
INV103377,141,2024-12-19,2025-01-18,1142.71,2025-01-27
INV103378,141,2024-12-19,2025-01-18,1621.54,2025-01-27
INV103379,21,2024-12-20,2025-01-19,9437.85,2025-02-04
INV103380,28,2024-12-20,2025-01-19,911.93,2025-02-15
INV103381,31,2024-12-20,2025-01-19,3381.55,2025-01-28
INV103382,44,2024-12-20,2025-02-18,6714.9,2025-02-26
INV103383,87,2024-12-20,2025-01-19,1828.35,2025-02-12
INV103384,87,2024-12-20,2025-01-19,1089.74,2025-03-08
INV103385,115,2024-12-20,2025-01-19,1475.85,2025-02-10
INV103386,117,2024-12-20,2025-01-19,8225.05,2025-01-30
INV103387,9,2024-12-21,2025-01-20,7436.26,2025-03-17
INV103388,13,2024-12-21,2025-01-20,3657.51,2025-02-10
INV103389,42,2024-12-21,2025-02-19,3314.34,2025-03-01
INV103390,43,2024-12-21,2025-02-19,6513.04,2025-02-26
INV103391,49,2024-12-21,2025-01-20,7881.12,2025-02-03
INV103392,67,2024-12-21,2025-01-20,3501.94,2025-01-23
INV103393,74,2024-12-21,2025-02-19,8944.19,2025-03-06
INV103394,113,2024-12-21,2025-02-19,13617.7,2025-03-07
INV103395,133,2024-12-21,2025-01-20,3582.13,2025-02-05
INV103396,147,2024-12-21,2025-01-20,2103.08,2025-03-02
INV103397,15,2024-12-22,2025-02-20,8058.88,2025-02-24
INV103398,20,2024-12-22,2025-02-20,6242.13,2025-02-26
INV103399,57,2024-12-22,2025-02-20,5504.11,2025-03-02
INV103400,67,2024-12-22,2025-01-21,1713.33,2025-01-30
INV103401,88,2024-12-22,2025-01-21,5635.9,2025-02-02
INV103402,107,2024-12-22,2025-01-21,14328.53,2025-01-31
INV103403,109,2024-12-22,2025-02-20,20138.27,2025-03-31
INV103404,116,2024-12-22,2025-01-21,9863.69,2025-02-01
INV103405,121,2024-12-22,2025-01-21,17729.36,2025-02-06
INV103406,134,2024-12-22,2025-01-21,14362.36,2025-01-29
INV103407,150,2024-12-22,2025-01-21,3478.93,2025-01-30
INV103408,38,2024-12-23,2025-01-22,12579.83,2025-02-03
INV103409,67,2024-12-23,2025-01-22,2056.33,2025-01-25
INV103410,75,2024-12-23,2025-01-22,3865.48,2025-01-29
INV103411,80,2024-12-23,2025-02-21,23715.42,2025-03-02
INV103412,86,2024-12-23,2025-01-22,6476.56,2025-02-01
INV103413,98,2024-12-23,2025-01-22,1829.13,2025-02-26
INV103414,112,2024-12-23,2025-02-21,3110.68,2025-03-06
INV103415,117,2024-12-23,2025-01-22,6663.79,2025-01-26
INV103416,125,2024-12-23,2025-02-21,4648.94,2025-02-26
INV103417,146,2024-12-23,2025-01-22,20719.24,2025-03-01
INV103418,149,2024-12-23,2025-01-22,26843.75,2025-02-27
INV103419,43,2024-12-24,2025-02-22,3254.52,2025-02-23
INV103420,54,2024-12-24,2025-02-22,6637.96,2025-02-25
INV103421,99,2024-12-24,2025-01-23,2575.78,2025-01-30
INV103422,102,2024-12-24,2025-01-23,51317.79,2025-01-31
INV103423,102,2024-12-24,2025-01-23,25725.67,2025-02-02
INV103424,112,2024-12-24,2025-02-22,6321.53,2025-03-12
INV103425,16,2024-12-25,2025-01-24,17346.84,2025-03-09
INV103426,28,2024-12-25,2025-01-24,1155.15,2025-02-14
INV103427,32,2024-12-25,2025-01-24,7362.01,2025-02-04
INV103428,41,2024-12-25,2025-01-24,31231.67,2025-02-03
INV103429,48,2024-12-25,2025-02-23,14268.23,2025-03-08
INV103430,56,2024-12-25,2025-01-24,7104.29,2025-01-28
INV103431,76,2024-12-25,2025-01-24,7787.13,2025-01-31
INV103432,96,2024-12-25,2025-01-24,20687.47,2025-03-08
INV103433,104,2024-12-25,2025-01-24,14509.63,2025-02-25
INV103434,112,2024-12-25,2025-02-23,3709.69,2025-03-02
INV103435,146,2024-12-25,2025-01-24,28798.89,2025-03-01
INV103436,1,2024-12-26,2025-01-25,2846.47,2025-02-05
INV103437,50,2024-12-26,2025-01-25,8642.3,2025-03-31
INV103438,63,2024-12-26,2025-01-25,5833.13,2025-01-22
INV103439,97,2024-12-26,2025-01-25,9089.76,2025-02-16
INV103440,109,2024-12-26,2025-02-24,7982.43,2025-04-30
INV103441,141,2024-12-26,2025-01-25,673.34,2025-02-03
INV103442,16,2024-12-27,2025-01-26,17137.9,2025-03-14
INV103443,37,2024-12-27,2025-01-26,4874.83,2025-03-01
INV103444,39,2024-12-27,2025-01-26,4109.92,2025-03-10
INV103445,92,2024-12-27,2025-01-26,20659.19,2025-03-10
INV103446,100,2024-12-27,2025-01-26,2334.81,2025-02-16
INV103447,105,2024-12-27,2025-01-26,2363.71,2025-02-22
INV103448,107,2024-12-27,2025-01-26,7782.05,2025-01-28
INV103449,134,2024-12-27,2025-01-26,7813.3,2025-02-03
INV103450,147,2024-12-27,2025-01-26,2983.13,2025-02-22
INV103451,4,2024-12-28,2025-02-26,4914.54,2025-03-11
INV103452,13,2024-12-28,2025-01-27,3172.48,2025-02-05
INV103453,14,2024-12-28,2025-01-27,6700.82,2025-02-03
INV103454,20,2024-12-28,2025-02-26,24636.35,2025-02-20
INV103455,28,2024-12-28,2025-01-27,2455.52,2025-03-04
INV103456,34,2024-12-28,2025-01-27,8536.76,2025-02-10
INV103457,53,2024-12-28,2025-02-26,9363.54,2025-03-01
INV103458,65,2024-12-28,2025-01-27,1457.78,2025-03-10
INV103459,73,2024-12-28,2025-01-27,4625.91,2025-02-04
INV103460,74,2024-12-28,2025-02-26,7596.17,2025-03-14
INV103461,75,2024-12-28,2025-01-27,5868.5,2025-02-09
INV103462,81,2024-12-28,2025-01-27,2219.36,2025-02-05
INV103463,109,2024-12-28,2025-02-26,6279.5,2025-03-23
INV103464,116,2024-12-28,2025-01-27,6682.51,2025-02-03
INV103465,123,2024-12-28,2025-02-26,6145.7,2025-03-09
INV103466,130,2024-12-28,2025-01-27,3394.53,2025-02-08
INV103467,137,2024-12-28,2025-02-26,3963.23,2025-03-26
INV103468,139,2024-12-28,2025-01-27,7038.99,2025-03-07
INV103469,6,2025-01-01,2025-01-31,23452.17,2025-04-15
INV103470,29,2025-01-01,2025-01-31,7625.62,2025-02-24
INV103471,32,2025-01-01,2025-01-31,7163.96,2025-01-28
INV103472,50,2025-01-01,2025-01-31,11609.98,2025-04-12
INV103473,84,2025-01-01,2025-01-31,11473.36,2025-01-31
INV103474,85,2025-01-01,2025-01-31,2885.81,2025-02-01
INV103475,87,2025-01-01,2025-01-31,2414.59,2025-02-18
INV103476,118,2025-01-01,2025-01-31,3062.94,2025-02-08
INV103477,131,2025-01-01,2025-01-31,4725.81,2025-02-22
INV103478,136,2025-01-01,2025-01-31,1184.2,2025-04-03
INV103479,142,2025-01-01,2025-01-31,739.69,2025-01-28
INV103480,142,2025-01-01,2025-01-31,507.0,2025-01-29
INV103481,21,2025-01-02,2025-02-01,15847.52,2025-04-15
INV103482,25,2025-01-02,2025-02-01,2602.89,2025-01-29
INV103483,38,2025-01-02,2025-02-01,12407.29,2025-02-04
INV103484,42,2025-01-02,2025-03-03,3918.66,2025-03-07
INV103485,68,2025-01-02,2025-03-03,12193.39,2025-03-06
INV103486,101,2025-01-02,2025-02-01,8564.25,2025-02-04
INV103487,137,2025-01-02,2025-03-03,4031.18,2025-04-06
INV103488,27,2025-01-03,2025-02-02,2148.82,2025-02-10
INV103489,31,2025-01-03,2025-02-02,3676.05,2025-02-04
INV103490,40,2025-01-03,2025-03-04,3046.99,2025-03-05
INV103491,54,2025-01-03,2025-03-04,4810.77,2025-03-10
INV103492,55,2025-01-03,2025-02-02,3901.7,2025-01-31
INV103493,70,2025-01-03,2025-02-02,6841.91,2025-02-06
INV103494,108,2025-01-03,2025-02-02,9174.27,2025-02-04
INV103495,109,2025-01-03,2025-03-04,10476.77,2025-04-01
INV103496,118,2025-01-03,2025-02-02,3930.84,2025-01-23
INV103497,118,2025-01-03,2025-02-02,3982.67,2025-02-07
INV103498,147,2025-01-03,2025-02-02,6657.47,2025-02-15
INV103499,9,2025-01-04,2025-02-03,8213.7,2025-03-18
INV103500,18,2025-01-04,2025-02-03,42431.64,2025-02-09
INV103501,21,2025-01-04,2025-02-03,10739.43,2025-04-01
INV103502,23,2025-01-04,2025-02-03,12090.17,2025-02-07
INV103503,42,2025-01-04,2025-03-05,3727.49,2025-02-28
INV103504,106,2025-01-04,2025-02-03,4274.13,2025-02-08
INV103505,128,2025-01-04,2025-02-03,4098.35,2025-02-02
INV103506,133,2025-01-04,2025-02-03,1516.74,2025-02-03
INV103507,141,2025-01-04,2025-02-03,4318.72,2025-02-13
INV103508,37,2025-01-05,2025-02-04,4746.35,2025-02-23
INV103509,39,2025-01-05,2025-02-04,7915.26,2025-03-23
INV103510,47,2025-01-05,2025-02-04,19868.77,2025-02-05
INV103511,53,2025-01-05,2025-03-06,10149.47,2025-03-03
INV103512,64,2025-01-05,2025-02-04,11891.73,2025-02-03
INV103513,92,2025-01-05,2025-02-04,12556.74,2025-03-10
INV103514,97,2025-01-05,2025-02-04,8029.51,2025-02-16
INV103515,38,2025-01-06,2025-02-05,8462.32,2025-02-05
INV103516,49,2025-01-06,2025-02-05,7588.37,2025-02-04
INV103517,50,2025-01-06,2025-02-05,10244.57,2025-03-20
INV103518,64,2025-01-06,2025-02-05,7250.04,2025-02-07
INV103519,80,2025-01-06,2025-03-07,11331.23,2025-03-13
INV103520,109,2025-01-06,2025-03-07,11452.08,2025-04-20
INV103521,141,2025-01-06,2025-02-05,1556.15,2025-02-08
INV103522,6,2025-01-07,2025-02-06,16792.07,2025-03-28
INV103523,66,2025-01-07,2025-02-06,5291.46,2025-02-01
INV103524,68,2025-01-07,2025-03-08,17769.49,2025-03-04
INV103525,83,2025-01-07,2025-02-06,7751.32,2025-01-27
INV103526,93,2025-01-07,2025-02-06,3787.7,2025-02-18
INV103527,95,2025-01-07,2025-03-08,7632.73,2025-03-27
INV103528,106,2025-01-07,2025-02-06,3542.89,2025-02-10
INV103529,122,2025-01-07,2025-02-06,2084.7,2025-02-13
INV103530,124,2025-01-07,2025-03-08,2877.03,2025-04-03
INV103531,128,2025-01-07,2025-02-06,5778.93,2025-02-13
INV103532,133,2025-01-07,2025-02-06,1978.67,2025-02-12
INV103533,26,2025-01-08,2025-03-09,9213.02,2025-03-21
INV103534,31,2025-01-08,2025-02-07,7418.04,2025-02-08
INV103535,38,2025-01-08,2025-02-07,5849.33,2025-02-09
INV103536,44,2025-01-08,2025-03-09,8342.36,2025-03-12
INV103537,58,2025-01-08,2025-02-07,16785.96,2025-02-21
INV103538,66,2025-01-08,2025-02-07,6360.61,2025-02-03
INV103539,66,2025-01-08,2025-02-07,14432.51,2025-02-12
INV103540,100,2025-01-08,2025-02-07,2242.35,2025-03-12
INV103541,101,2025-01-08,2025-02-07,5082.38,2025-02-09
INV103542,109,2025-01-08,2025-03-09,6333.18,2025-05-09
INV103543,118,2025-01-08,2025-02-07,7993.23,2025-02-08
INV103544,134,2025-01-08,2025-02-07,7354.05,2025-02-01
INV103545,136,2025-01-08,2025-02-07,2210.34,2025-03-20
INV103546,2,2025-01-09,2025-02-08,4913.72,2025-02-12
INV103547,3,2025-01-09,2025-02-08,4413.36,2025-03-14
INV103548,45,2025-01-09,2025-02-08,4203.08,2025-03-02
INV103549,46,2025-01-09,2025-03-10,2047.54,2025-03-29
INV103550,52,2025-01-09,2025-02-08,7312.16,2025-03-24
INV103551,105,2025-01-09,2025-02-08,1747.91,2025-03-02
INV103552,125,2025-01-09,2025-03-10,2951.61,2025-03-08
INV103553,17,2025-01-10,2025-02-09,17283.11,2025-02-27
INV103554,46,2025-01-10,2025-03-11,1233.26,2025-03-26
INV103555,51,2025-01-10,2025-02-09,1080.16,2025-02-25
INV103556,59,2025-01-10,2025-02-09,2486.15,2025-02-18
INV103557,60,2025-01-10,2025-02-09,4722.83,2025-02-09
INV103558,74,2025-01-10,2025-03-11,11480.81,2025-03-15
INV103559,120,2025-01-10,2025-03-11,3048.01,2025-03-23
INV103560,144,2025-01-10,2025-02-09,1838.32,2025-03-03
INV103561,144,2025-01-10,2025-02-09,1538.83,2025-03-31
INV103562,17,2025-01-11,2025-02-10,26567.34,2025-03-03
INV103563,17,2025-01-11,2025-02-10,13243.23,2025-02-24
INV103564,17,2025-01-11,2025-02-10,12736.16,2025-02-25
INV103565,46,2025-01-11,2025-03-12,3736.47,2025-03-14
INV103566,61,2025-01-11,2025-02-10,4670.82,2025-02-04
INV103567,62,2025-01-11,2025-03-12,12934.01,2025-03-10
INV103568,74,2025-01-11,2025-03-12,15286.56,2025-03-06
INV103569,77,2025-01-11,2025-02-10,10896.35,2025-02-11
INV103570,80,2025-01-11,2025-03-12,21034.83,2025-03-14
INV103571,87,2025-01-11,2025-02-10,1510.83,2025-03-20
INV103572,99,2025-01-11,2025-02-10,5470.21,2025-02-09
INV103573,110,2025-01-11,2025-02-10,6481.48,2025-02-14
INV103574,117,2025-01-11,2025-02-10,7520.95,2025-02-10
INV103575,133,2025-01-11,2025-02-10,1401.68,2025-02-06
INV103576,150,2025-01-11,2025-02-10,3851.96,2025-02-09
INV103577,8,2025-01-12,2025-03-13,2748.07,2025-03-17
INV103578,15,2025-01-12,2025-03-13,4671.84,2025-03-13
INV103579,21,2025-01-12,2025-02-11,4824.43,2025-03-27
INV103580,25,2025-01-12,2025-02-11,2204.32,2025-02-19
INV103581,30,2025-01-12,2025-02-11,3151.66,2025-02-11
INV103582,40,2025-01-12,2025-03-13,3494.99,2025-03-12
INV103583,54,2025-01-12,2025-03-13,8622.23,2025-03-14
INV103584,67,2025-01-12,2025-02-11,3485.28,2025-02-17
INV103585,71,2025-01-12,2025-02-11,1193.69,2025-03-12
INV103586,71,2025-01-12,2025-02-11,1105.95,2025-02-19
INV103587,78,2025-01-12,2025-02-11,736.21,2025-03-08
INV103588,114,2025-01-12,2025-02-11,5416.67,2025-04-03
INV103589,129,2025-01-12,2025-02-11,11171.44,2025-02-05
INV103590,146,2025-01-12,2025-02-11,20251.72,2025-02-25
INV103591,7,2025-01-13,2025-02-12,9016.9,2025-02-06
INV103592,12,2025-01-13,2025-02-12,5513.07,2025-02-08
INV103593,16,2025-01-13,2025-02-12,15152.78,2025-02-07
INV103594,52,2025-01-13,2025-02-12,4649.27,2025-02-18
INV103595,62,2025-01-13,2025-03-14,5331.62,2025-04-04
INV103596,71,2025-01-13,2025-02-12,1012.82,2025-03-30
INV103597,82,2025-01-13,2025-02-12,15360.8,2025-05-29
INV103598,84,2025-01-13,2025-02-12,12288.63,2025-02-18
INV103599,95,2025-01-13,2025-03-14,10001.24,2025-04-14
INV103600,128,2025-01-13,2025-02-12,5522.71,2025-02-08
INV103601,141,2025-01-13,2025-02-12,2260.16,2025-02-13
INV103602,9,2025-01-14,2025-02-13,12569.92,2025-03-27
INV103603,51,2025-01-14,2025-02-13,1989.94,2025-02-12
INV103604,61,2025-01-14,2025-02-13,2824.56,2025-02-25
INV103605,70,2025-01-14,2025-02-13,3684.39,2025-02-12
INV103606,79,2025-01-14,2025-03-15,6692.45,2025-03-25
INV103607,112,2025-01-14,2025-03-15,6212.04,2025-03-15
INV103608,119,2025-01-14,2025-03-15,4191.12,2025-04-07
INV103609,133,2025-01-14,2025-02-13,1459.39,2025-02-11
INV103610,6,2025-01-15,2025-02-14,27850.67,2025-03-20
INV103611,32,2025-01-15,2025-02-14,9025.59,2025-02-19
INV103612,36,2025-01-15,2025-02-14,17499.58,2025-02-27
INV103613,42,2025-01-15,2025-03-16,1931.16,2025-03-18
INV103614,60,2025-01-15,2025-02-14,8225.57,2025-02-18
INV103615,112,2025-01-15,2025-03-16,4429.75,2025-03-09
INV103616,135,2025-01-15,2025-02-14,25587.96,2025-03-07
INV103617,12,2025-01-16,2025-02-15,4560.87,2025-02-18
INV103618,21,2025-01-16,2025-02-15,11130.85,2025-04-22
INV103619,30,2025-01-16,2025-02-15,4512.51,2025-02-19
INV103620,34,2025-01-16,2025-02-15,7321.18,2025-02-05
INV103621,43,2025-01-16,2025-03-17,4785.07,2025-03-11
INV103622,63,2025-01-16,2025-02-15,4263.83,2025-02-25
INV103623,65,2025-01-16,2025-02-15,954.55,2025-03-11
INV103624,66,2025-01-16,2025-02-15,11784.7,2025-02-21
INV103625,99,2025-01-16,2025-02-15,6584.55,2025-02-17
INV103626,123,2025-01-16,2025-03-17,4582.35,2025-03-17
INV103627,126,2025-01-16,2025-02-15,4303.25,2025-02-24
INV103628,126,2025-01-16,2025-02-15,3699.61,2025-03-12
INV103629,139,2025-01-16,2025-02-15,20002.87,2025-03-16
INV103630,147,2025-01-16,2025-02-15,2849.65,2025-03-04
INV103631,18,2025-01-17,2025-02-16,20590.39,2025-02-19
INV103632,45,2025-01-17,2025-02-16,6558.0,2025-04-10
INV103633,48,2025-01-17,2025-03-18,17634.05,2025-03-20
INV103634,61,2025-01-17,2025-02-16,2263.62,2025-02-19
INV103635,63,2025-01-17,2025-02-16,5637.28,2025-02-20
INV103636,68,2025-01-17,2025-03-18,24882.92,2025-03-20
INV103637,69,2025-01-17,2025-02-16,20835.84,2025-02-20
INV103638,73,2025-01-17,2025-02-16,6486.2,2025-02-17
INV103639,80,2025-01-17,2025-03-18,21692.56,2025-03-18
INV103640,83,2025-01-17,2025-02-16,3325.93,2025-02-24
INV103641,88,2025-01-17,2025-02-16,6167.55,2025-02-21
INV103642,97,2025-01-17,2025-02-16,7029.81,2025-03-04
INV103643,141,2025-01-17,2025-02-16,1763.23,2025-02-18
INV103644,141,2025-01-17,2025-02-16,3328.52,2025-02-24
INV103645,6,2025-01-18,2025-02-17,28931.29,2025-03-08
INV103646,36,2025-01-18,2025-02-17,13755.19,2025-02-20
INV103647,49,2025-01-18,2025-02-17,5060.44,2025-02-16
INV103648,62,2025-01-18,2025-03-19,21012.63,2025-03-24
INV103649,84,2025-01-18,2025-02-17,14095.34,2025-02-07
INV103650,88,2025-01-18,2025-02-17,4981.45,2025-02-25
INV103651,90,2025-01-18,2025-02-17,12403.35,2025-02-16
INV103652,96,2025-01-18,2025-02-17,24367.62,2025-04-09
INV103653,115,2025-01-18,2025-02-17,1972.83,2025-03-01
INV103654,118,2025-01-18,2025-02-17,8336.36,2025-02-17
INV103655,119,2025-01-18,2025-03-19,3566.36,2025-04-19
INV103656,121,2025-01-18,2025-02-17,7126.69,2025-02-12
INV103657,142,2025-01-18,2025-02-17,344.18,2025-02-17
INV103658,143,2025-01-18,2025-02-17,67736.04,2025-02-26
INV103659,32,2025-01-19,2025-02-18,8194.76,2025-02-16
INV103660,58,2025-01-19,2025-02-18,4993.2,2025-02-19
INV103661,61,2025-01-19,2025-02-18,2661.02,2025-02-15
INV103662,67,2025-01-19,2025-02-18,3919.16,2025-02-21
INV103663,87,2025-01-19,2025-02-18,2515.53,2025-03-21
INV103664,91,2025-01-19,2025-02-18,5112.94,2025-02-16
INV103665,101,2025-01-19,2025-02-18,23667.1,2025-02-23
INV103666,128,2025-01-19,2025-02-18,5303.18,2025-02-17
INV103667,33,2025-01-20,2025-02-19,6793.05,2025-02-09
INV103668,91,2025-01-20,2025-02-19,5485.09,2025-02-14
INV103669,102,2025-01-20,2025-02-19,18548.84,2025-02-27
INV103670,110,2025-01-20,2025-02-19,6743.4,2025-03-04
INV103671,125,2025-01-20,2025-03-21,2092.76,2025-03-26
INV103672,125,2025-01-20,2025-03-21,3235.39,2025-03-16
INV103673,149,2025-01-20,2025-02-19,12321.99,2025-03-12
INV103674,3,2025-01-21,2025-02-20,2566.64,2025-04-07
INV103675,26,2025-01-21,2025-03-22,10213.54,2025-03-26
INV103676,51,2025-01-21,2025-02-20,3825.37,2025-02-17
INV103677,80,2025-01-21,2025-03-22,14345.22,2025-03-15
INV103678,81,2025-01-21,2025-02-20,1432.15,2025-02-20
INV103679,143,2025-01-21,2025-02-20,69149.68,2025-02-16
INV103680,6,2025-01-22,2025-02-21,31295.58,2025-03-30
INV103681,18,2025-01-22,2025-02-21,58139.53,2025-02-26
INV103682,30,2025-01-22,2025-02-21,1629.16,2025-02-23
INV103683,32,2025-01-22,2025-02-21,7049.3,2025-02-22
INV103684,33,2025-01-22,2025-02-21,4940.58,2025-03-02
INV103685,62,2025-01-22,2025-03-23,10709.47,2025-03-26
INV103686,72,2025-01-22,2025-02-21,3458.04,2025-02-20
INV103687,89,2025-01-22,2025-02-21,9322.91,2025-02-25
INV103688,105,2025-01-22,2025-02-21,1473.72,2025-03-12
INV103689,107,2025-01-22,2025-02-21,6430.51,2025-02-20
INV103690,15,2025-01-23,2025-03-24,5876.04,2025-04-02
INV103691,55,2025-01-23,2025-02-22,2283.6,2025-02-28
INV103692,56,2025-01-23,2025-02-22,4550.14,2025-02-27
INV103693,62,2025-01-23,2025-03-24,10838.64,2025-04-10
INV103694,97,2025-01-23,2025-02-22,9671.45,2025-03-14
INV103695,99,2025-01-23,2025-02-22,1615.77,2025-02-20
INV103696,129,2025-01-23,2025-02-22,9084.18,2025-02-24
INV103697,134,2025-01-23,2025-02-22,5568.19,2025-02-24
INV103698,135,2025-01-23,2025-02-22,18828.79,2025-04-17
INV103699,145,2025-01-23,2025-02-22,47141.5,2025-03-18
INV103700,7,2025-01-24,2025-02-23,5695.65,2025-02-20
INV103701,10,2025-01-24,2025-03-25,7645.46,2025-04-23
INV103702,19,2025-01-24,2025-02-23,14689.85,2025-03-26
INV103703,27,2025-01-24,2025-02-23,4035.6,2025-02-27
INV103704,41,2025-01-24,2025-02-23,52096.06,2025-03-08
INV103705,56,2025-01-24,2025-02-23,7455.55,2025-02-25
INV103706,59,2025-01-24,2025-02-23,3734.75,2025-02-21
INV103707,81,2025-01-24,2025-02-23,2195.07,2025-03-01
INV103708,98,2025-01-24,2025-02-23,1080.69,2025-03-28
INV103709,118,2025-01-24,2025-02-23,4698.15,2025-02-20
INV103710,128,2025-01-24,2025-02-23,4639.09,2025-02-21
INV103711,143,2025-01-24,2025-02-23,56796.63,2025-02-24
INV103712,23,2025-01-25,2025-02-24,13985.19,2025-02-26
INV103713,26,2025-01-25,2025-03-26,14914.2,2025-03-23
INV103714,36,2025-01-25,2025-02-24,14415.23,2025-02-27
INV103715,47,2025-01-25,2025-02-24,9237.36,2025-02-23
INV103716,62,2025-01-25,2025-03-26,10678.14,2025-04-14
INV103717,66,2025-01-25,2025-02-24,4257.02,2025-02-21
INV103718,70,2025-01-25,2025-02-24,3422.61,2025-03-02
INV103719,88,2025-01-25,2025-02-24,13903.03,2025-02-24
INV103720,91,2025-01-25,2025-02-24,8594.09,2025-02-27
INV103721,107,2025-01-25,2025-02-24,7332.55,2025-02-23
INV103722,110,2025-01-25,2025-02-24,12045.24,2025-03-06
INV103723,129,2025-01-25,2025-02-24,14430.55,2025-03-01
INV103724,141,2025-01-25,2025-02-24,1461.63,2025-02-23
INV103725,10,2025-01-26,2025-03-27,6987.34,2025-04-25
INV103726,32,2025-01-26,2025-02-25,5161.82,2025-02-22
INV103727,46,2025-01-26,2025-03-27,1754.36,2025-04-04
INV103728,47,2025-01-26,2025-02-25,18549.29,2025-03-04
INV103729,79,2025-01-26,2025-03-27,8143.24,2025-04-07
INV103730,82,2025-01-26,2025-02-25,12999.05,2025-05-02
INV103731,98,2025-01-26,2025-02-25,816.96,2025-04-22
INV103732,117,2025-01-26,2025-02-25,12621.4,2025-02-24
INV103733,129,2025-01-26,2025-02-25,15179.68,2025-03-01
INV103734,150,2025-01-26,2025-02-25,14493.31,2025-03-04
INV103735,5,2025-01-27,2025-02-26,3812.14,2025-03-07
INV103736,20,2025-01-27,2025-03-28,19543.05,2025-03-27
INV103737,48,2025-01-27,2025-03-28,34884.6,2025-04-03
INV103738,52,2025-01-27,2025-02-26,9304.62,2025-03-08
INV103739,77,2025-01-27,2025-02-26,15144.45,2025-03-01
INV103740,91,2025-01-27,2025-02-26,12791.3,2025-02-26
INV103741,93,2025-01-27,2025-02-26,9660.66,2025-03-29
INV103742,101,2025-01-27,2025-02-26,11168.04,2025-02-21
INV103743,105,2025-01-27,2025-02-26,1908.4,2025-03-17
INV103744,109,2025-01-27,2025-03-28,16929.63,2025-04-18
INV103745,114,2025-01-27,2025-02-26,2345.7,2025-03-09
INV103746,141,2025-01-27,2025-02-26,3154.26,2025-03-07
INV103747,13,2025-01-28,2025-02-27,3353.66,2025-03-15
INV103748,13,2025-01-28,2025-02-27,2734.47,2025-03-22
INV103749,14,2025-01-28,2025-02-27,3189.74,2025-03-01
INV103750,22,2025-01-28,2025-02-27,11408.26,2025-02-27
INV103751,40,2025-01-28,2025-03-29,4446.92,2025-03-25
INV103752,53,2025-01-28,2025-03-29,5765.93,2025-04-01
INV103753,57,2025-01-28,2025-03-29,14763.12,2025-04-11
INV103754,87,2025-01-28,2025-02-27,3068.77,2025-04-08
INV103755,108,2025-01-28,2025-02-27,6194.98,2025-03-06
INV103756,122,2025-01-28,2025-02-27,2604.89,2025-02-25
INV103757,125,2025-01-28,2025-03-29,5025.98,2025-04-03
INV103758,125,2025-01-28,2025-03-29,4386.08,2025-03-27
INV103759,134,2025-01-28,2025-02-27,8066.09,2025-02-27
INV103760,136,2025-01-28,2025-02-27,3650.35,2025-05-10
INV103761,150,2025-01-28,2025-02-27,3795.95,2025-02-23
INV103762,13,2025-02-01,2025-03-03,4346.92,2025-03-31
INV103763,46,2025-02-01,2025-04-02,2975.81,2025-05-05
INV103764,50,2025-02-01,2025-03-03,8447.64,2025-04-23
INV103765,68,2025-02-01,2025-04-02,8046.12,2025-04-06
INV103766,108,2025-02-01,2025-03-03,4738.33,2025-03-04
INV103767,114,2025-02-01,2025-03-03,6036.23,2025-03-18
INV103768,145,2025-02-01,2025-03-03,33023.68,2025-03-18
INV103769,150,2025-02-01,2025-03-03,2830.37,2025-03-03
INV103770,13,2025-02-02,2025-03-04,6405.94,2025-04-09
INV103771,23,2025-02-02,2025-03-04,8375.54,2025-03-09
INV103772,24,2025-02-02,2025-03-04,5945.52,2025-03-03
INV103773,24,2025-02-02,2025-03-04,8195.8,2025-03-04
INV103774,44,2025-02-02,2025-04-03,7175.83,2025-04-05
INV103775,50,2025-02-02,2025-03-04,12371.48,2025-03-15
INV103776,55,2025-02-02,2025-03-04,14477.11,2025-03-18
INV103777,63,2025-02-02,2025-03-04,5429.11,2025-03-06
INV103778,64,2025-02-02,2025-03-04,8646.99,2025-03-12
INV103779,74,2025-02-02,2025-04-03,7222.7,2025-04-08
INV103780,82,2025-02-02,2025-03-04,11624.1,2025-04-26
INV103781,86,2025-02-02,2025-03-04,1634.49,2025-03-01
INV103782,94,2025-02-02,2025-03-04,2510.21,2025-03-02
INV103783,97,2025-02-02,2025-03-04,4763.88,2025-03-21
INV103784,106,2025-02-02,2025-03-04,5785.98,2025-03-06
INV103785,113,2025-02-02,2025-04-03,12615.0,2025-04-01
INV103786,120,2025-02-02,2025-04-03,2517.89,2025-04-08
INV103787,5,2025-02-03,2025-03-05,1553.92,2025-02-28
INV103788,25,2025-02-03,2025-03-05,4053.09,2025-03-11
INV103789,52,2025-02-03,2025-03-05,9293.48,2025-03-30
INV103790,55,2025-02-03,2025-03-05,7380.52,2025-03-15
INV103791,87,2025-02-03,2025-03-05,2254.66,2025-03-29
INV103792,142,2025-02-03,2025-03-05,797.69,2025-02-23
INV103793,16,2025-02-04,2025-03-06,34761.87,2025-03-08
INV103794,37,2025-02-04,2025-03-06,5282.84,2025-04-04
INV103795,39,2025-02-04,2025-03-06,4490.75,2025-05-05
INV103796,39,2025-02-04,2025-03-06,13377.45,2025-04-15
INV103797,46,2025-02-04,2025-04-05,2092.17,2025-04-17
INV103798,90,2025-02-04,2025-03-06,12326.74,2025-03-08
INV103799,111,2025-02-04,2025-03-06,11042.0,2025-03-08
INV103800,130,2025-02-04,2025-03-06,4067.05,2025-03-06
INV103801,147,2025-02-04,2025-03-06,4270.22,2025-03-21
INV103802,1,2025-02-05,2025-03-07,3736.54,2025-03-11
INV103803,10,2025-02-05,2025-04-06,8064.84,2025-05-10
INV103804,21,2025-02-05,2025-03-07,16957.62,2025-04-17
INV103805,25,2025-02-05,2025-03-07,2636.17,2025-03-04
INV103806,39,2025-02-05,2025-03-07,9749.16,2025-04-20
INV103807,40,2025-02-05,2025-04-06,3411.2,2025-04-08
INV103808,52,2025-02-05,2025-03-07,6005.95,2025-04-15
INV103809,52,2025-02-05,2025-03-07,6197.59,2025-04-24
INV103810,73,2025-02-05,2025-03-07,6401.56,2025-03-08
INV103811,86,2025-02-05,2025-03-07,12819.64,2025-03-10
INV103812,92,2025-02-05,2025-03-07,26552.1,2025-04-09
INV103813,117,2025-02-05,2025-03-07,12094.43,2025-03-03
INV103814,123,2025-02-05,2025-04-06,2638.18,2025-04-15
INV103815,1,2025-02-06,2025-03-08,4112.82,2025-03-09
INV103816,49,2025-02-06,2025-03-08,4024.22,2025-03-17
INV103817,61,2025-02-06,2025-03-08,1905.77,2025-03-06
INV103818,66,2025-02-06,2025-03-08,3960.9,2025-03-13
INV103819,74,2025-02-06,2025-04-07,9172.73,2025-04-09
INV103820,82,2025-02-06,2025-03-08,10130.48,2025-04-29
INV103821,95,2025-02-06,2025-04-07,8925.18,2025-04-12
INV103822,107,2025-02-06,2025-03-08,9803.88,2025-03-08
INV103823,132,2025-02-06,2025-03-08,3405.09,2025-03-08
INV103824,8,2025-02-07,2025-04-08,1985.16,2025-04-13
INV103825,10,2025-02-07,2025-04-08,10072.98,2025-04-25
INV103826,28,2025-02-07,2025-03-09,1974.51,2025-04-25
INV103827,39,2025-02-07,2025-03-09,13682.66,2025-04-30
INV103828,53,2025-02-07,2025-04-08,8119.02,2025-04-08
INV103829,72,2025-02-07,2025-03-09,4439.67,2025-03-02
INV103830,145,2025-02-07,2025-03-09,29240.59,2025-03-28
INV103831,1,2025-02-08,2025-03-10,2829.49,2025-03-01
INV103832,4,2025-02-08,2025-04-09,6990.45,2025-04-10
INV103833,48,2025-02-08,2025-04-09,13596.53,2025-04-18
INV103834,66,2025-02-08,2025-03-10,12843.55,2025-03-06
INV103835,77,2025-02-08,2025-03-10,25287.56,2025-03-16
INV103836,80,2025-02-08,2025-04-09,16071.44,2025-04-06
INV103837,80,2025-02-08,2025-04-09,19550.02,2025-04-01
INV103838,89,2025-02-08,2025-03-10,13462.52,2025-03-06
INV103839,90,2025-02-08,2025-03-10,12421.74,2025-03-12
INV103840,98,2025-02-08,2025-03-10,1528.04,2025-04-08
INV103841,116,2025-02-08,2025-03-10,8663.96,2025-03-18
INV103842,18,2025-02-09,2025-03-11,35350.43,2025-03-12
INV103843,33,2025-02-09,2025-03-11,7519.39,2025-03-04
INV103844,64,2025-02-09,2025-03-11,9625.95,2025-03-14
INV103845,66,2025-02-09,2025-03-11,11603.18,2025-03-14
INV103846,84,2025-02-09,2025-03-11,20547.81,2025-03-19
INV103847,97,2025-02-09,2025-03-11,9779.16,2025-03-21
INV103848,110,2025-02-09,2025-03-11,10749.93,2025-03-20
INV103849,112,2025-02-09,2025-04-10,10255.0,2025-04-02
INV103850,124,2025-02-09,2025-04-10,3225.39,2025-04-25
INV103851,1,2025-02-10,2025-03-12,5476.78,2025-03-15
INV103852,2,2025-02-10,2025-03-12,7085.31,2025-03-08
INV103853,17,2025-02-10,2025-03-12,9174.16,2025-03-24
INV103854,21,2025-02-10,2025-03-12,6573.66,2025-04-18
INV103855,27,2025-02-10,2025-03-12,6017.23,2025-03-11
INV103856,46,2025-02-10,2025-04-11,2775.53,2025-04-26
INV103857,66,2025-02-10,2025-03-12,7015.45,2025-03-12
INV103858,72,2025-02-10,2025-03-12,4053.73,2025-03-12
INV103859,74,2025-02-10,2025-04-11,11854.69,2025-04-05
INV103860,75,2025-02-10,2025-03-12,4900.62,2025-03-13
INV103861,86,2025-02-10,2025-03-12,3159.44,2025-03-25
INV103862,96,2025-02-10,2025-03-12,18762.73,2025-03-27
INV103863,131,2025-02-10,2025-03-12,6192.45,2025-04-07
INV103864,149,2025-02-10,2025-03-12,15834.33,2025-04-09
INV103865,19,2025-02-11,2025-03-13,7997.59,2025-03-28
INV103866,72,2025-02-11,2025-03-13,4260.45,2025-03-16
INV103867,73,2025-02-11,2025-03-13,18789.49,2025-03-23
INV103868,76,2025-02-11,2025-03-13,6612.4,2025-04-03
INV103869,86,2025-02-11,2025-03-13,4684.69,2025-03-08
INV103870,95,2025-02-11,2025-04-12,5642.89,2025-05-13
INV103871,109,2025-02-11,2025-04-12,5956.89,2025-05-21
INV103872,115,2025-02-11,2025-03-13,2625.66,2025-03-30
INV103873,126,2025-02-11,2025-03-13,8745.58,2025-04-05
INV103874,139,2025-02-11,2025-03-13,18352.77,2025-04-19
INV103875,148,2025-02-11,2025-04-12,5937.66,2025-04-20
INV103876,14,2025-02-12,2025-03-14,6018.24,2025-03-08
INV103877,43,2025-02-12,2025-04-13,3919.0,2025-04-10
INV103878,53,2025-02-12,2025-04-13,6680.44,2025-04-23
INV103879,55,2025-02-12,2025-03-14,3732.54,2025-04-05
INV103880,63,2025-02-12,2025-03-14,5018.8,2025-03-16
INV103881,71,2025-02-12,2025-03-14,1212.14,2025-03-23
INV103882,80,2025-02-12,2025-04-13,35374.13,2025-04-07
INV103883,106,2025-02-12,2025-03-14,2066.26,2025-03-22
INV103884,134,2025-02-12,2025-03-14,9348.42,2025-03-23
INV103885,149,2025-02-12,2025-03-14,10270.08,2025-04-02
INV103886,2,2025-02-13,2025-03-15,9178.3,2025-03-16
INV103887,8,2025-02-13,2025-04-14,2413.67,2025-04-10
INV103888,15,2025-02-13,2025-04-14,9237.05,2025-04-16
INV103889,34,2025-02-13,2025-03-15,6928.14,2025-04-18
INV103890,41,2025-02-13,2025-03-15,11314.63,2025-03-10
INV103891,71,2025-02-13,2025-03-15,805.28,2025-03-30
INV103892,84,2025-02-13,2025-03-15,62778.78,2025-03-19
INV103893,132,2025-02-13,2025-03-15,3590.4,2025-03-11
INV103894,15,2025-02-14,2025-04-15,8146.95,2025-04-11
INV103895,20,2025-02-14,2025-04-15,19530.73,2025-04-08
INV103896,22,2025-02-14,2025-03-16,10209.76,2025-03-20
INV103897,32,2025-02-14,2025-03-16,9556.01,2025-03-22
INV103898,40,2025-02-14,2025-04-15,4379.32,2025-04-13
INV103899,49,2025-02-14,2025-03-16,11071.66,2025-03-15
INV103900,59,2025-02-14,2025-03-16,2171.0,2025-03-13
INV103901,70,2025-02-14,2025-03-16,3308.61,2025-03-27
INV103902,76,2025-02-14,2025-03-16,8704.96,2025-04-15
INV103903,114,2025-02-14,2025-03-16,5390.93,2025-03-28
INV103904,121,2025-02-14,2025-03-16,11905.44,2025-03-31
INV103905,128,2025-02-14,2025-03-16,9026.46,2025-03-25
INV103906,128,2025-02-14,2025-03-16,4029.13,2025-03-13
INV103907,130,2025-02-14,2025-03-16,4608.62,2025-03-11
INV103908,130,2025-02-14,2025-03-16,6571.65,2025-03-18
INV103909,139,2025-02-14,2025-03-16,15489.75,2025-03-20
INV103910,14,2025-02-15,2025-03-17,4287.15,2025-03-22
INV103911,49,2025-02-15,2025-03-17,25455.54,2025-03-11
INV103912,98,2025-02-15,2025-03-17,714.64,2025-04-27
INV103913,103,2025-02-15,2025-03-17,17055.64,2025-04-28
INV103914,128,2025-02-15,2025-03-17,5907.01,2025-03-26
INV103915,6,2025-02-16,2025-03-18,28110.02,2025-04-13
INV103916,7,2025-02-16,2025-03-18,14153.15,2025-03-16
INV103917,10,2025-02-16,2025-04-17,12831.13,2025-05-10
INV103918,20,2025-02-16,2025-04-17,7088.1,2025-04-17
INV103919,22,2025-02-16,2025-03-18,31952.57,2025-03-18
INV103920,26,2025-02-16,2025-04-17,10861.98,2025-04-20
INV103921,32,2025-02-16,2025-03-18,9569.55,2025-03-19
INV103922,68,2025-02-16,2025-04-17,17668.43,2025-04-16
INV103923,72,2025-02-16,2025-03-18,5995.23,2025-03-27
INV103924,77,2025-02-16,2025-03-18,17757.63,2025-03-16
INV103925,93,2025-02-16,2025-03-18,4638.95,2025-04-09
INV103926,139,2025-02-16,2025-03-18,13744.5,2025-03-29
INV103927,6,2025-02-17,2025-03-19,20164.58,2025-06-10
INV103928,8,2025-02-17,2025-04-18,1105.74,2025-04-21
INV103929,18,2025-02-17,2025-03-19,60053.62,2025-03-16
INV103930,22,2025-02-17,2025-03-19,37368.88,2025-03-19
INV103931,44,2025-02-17,2025-04-18,7860.09,2025-04-16
INV103932,45,2025-02-17,2025-03-19,13019.37,2025-04-22
INV103933,71,2025-02-17,2025-03-19,570.93,2025-03-09
INV103934,84,2025-02-17,2025-03-19,15194.54,2025-03-28
INV103935,97,2025-02-17,2025-03-19,7451.53,2025-04-10
INV103936,100,2025-02-17,2025-03-19,3622.13,2025-03-29
INV103937,115,2025-02-17,2025-03-19,2890.88,2025-04-04
INV103938,123,2025-02-17,2025-04-18,2634.61,2025-04-23
INV103939,125,2025-02-17,2025-04-18,3299.17,2025-04-27
INV103940,136,2025-02-17,2025-03-19,4654.0,2025-05-30
INV103941,4,2025-02-18,2025-04-19,4140.94,2025-04-21
INV103942,12,2025-02-18,2025-03-20,1741.12,2025-03-21
INV103943,32,2025-02-18,2025-03-20,6579.58,2025-03-21
INV103944,42,2025-02-18,2025-04-19,4138.84,2025-04-17
INV103945,50,2025-02-18,2025-03-20,6513.38,2025-04-24
INV103946,57,2025-02-18,2025-04-19,3239.8,2025-04-14
INV103947,70,2025-02-18,2025-03-20,5683.95,2025-03-25
INV103948,74,2025-02-18,2025-04-19,9950.87,2025-04-13
INV103949,92,2025-02-18,2025-03-20,32675.37,2025-05-18
INV103950,105,2025-02-18,2025-03-20,1536.25,2025-04-19
INV103951,116,2025-02-18,2025-03-20,7163.81,2025-03-28
INV103952,144,2025-02-18,2025-03-20,4515.93,2025-04-07
INV103953,1,2025-02-19,2025-03-21,3897.49,2025-03-19
INV103954,5,2025-02-19,2025-03-21,4785.36,2025-03-24
INV103955,115,2025-02-19,2025-03-21,5135.68,2025-04-14
INV103956,23,2025-02-20,2025-03-22,6698.12,2025-03-25
INV103957,40,2025-02-20,2025-04-21,3462.13,2025-04-24
INV103958,40,2025-02-20,2025-04-21,6037.1,2025-04-23
INV103959,48,2025-02-20,2025-04-21,11213.81,2025-04-23
INV103960,63,2025-02-20,2025-03-22,3417.35,2025-03-17
INV103961,69,2025-02-20,2025-03-22,18662.41,2025-04-09
INV103962,87,2025-02-20,2025-03-22,1853.68,2025-04-04
INV103963,94,2025-02-20,2025-03-22,4616.68,2025-03-24
INV103964,95,2025-02-20,2025-04-21,9560.87,2025-05-14
INV103965,114,2025-02-20,2025-03-22,2875.92,2025-05-04
INV103966,141,2025-02-20,2025-03-22,2464.52,2025-03-18
INV103967,6,2025-02-21,2025-03-23,11980.59,2025-05-14
INV103968,14,2025-02-21,2025-03-23,6221.94,2025-03-28
INV103969,30,2025-02-21,2025-03-23,7161.22,2025-03-28
INV103970,37,2025-02-21,2025-03-23,3558.85,2025-05-07
INV103971,55,2025-02-21,2025-03-23,4394.02,2025-03-28
INV103972,94,2025-02-21,2025-03-23,3463.43,2025-03-24
INV103973,117,2025-02-21,2025-03-23,5082.19,2025-03-23
INV103974,149,2025-02-21,2025-03-23,10486.8,2025-04-13
INV103975,13,2025-02-22,2025-03-24,2149.11,2025-04-27
INV103976,18,2025-02-22,2025-03-24,28785.35,2025-03-24
INV103977,26,2025-02-22,2025-04-23,7849.5,2025-04-17
INV103978,35,2025-02-22,2025-03-24,2772.75,2025-04-02
INV103979,45,2025-02-22,2025-03-24,4487.31,2025-05-16
INV103980,47,2025-02-22,2025-03-24,22828.7,2025-04-05
INV103981,73,2025-02-22,2025-03-24,6249.1,2025-04-03
INV103982,77,2025-02-22,2025-03-24,20441.24,2025-03-22
INV103983,101,2025-02-22,2025-03-24,5712.85,2025-03-29
INV103984,134,2025-02-22,2025-03-24,10001.47,2025-03-28
INV103985,45,2025-02-23,2025-03-25,3518.57,2025-06-08
INV103986,69,2025-02-23,2025-03-25,25730.56,2025-04-06
INV103987,72,2025-02-23,2025-03-25,3543.19,2025-03-28
INV103988,72,2025-02-23,2025-03-25,2968.48,2025-03-27
INV103989,86,2025-02-23,2025-03-25,3909.54,2025-03-25
INV103990,115,2025-02-23,2025-03-25,2164.74,2025-04-02
INV103991,120,2025-02-23,2025-04-24,3421.29,2025-04-29
INV103992,142,2025-02-23,2025-03-25,853.48,2025-03-22
INV103993,28,2025-02-24,2025-03-26,1139.86,2025-04-25
INV103994,40,2025-02-24,2025-04-25,2620.14,2025-04-15
INV103995,81,2025-02-24,2025-03-26,3245.12,2025-03-27
INV103996,82,2025-02-24,2025-03-26,14553.86,2025-04-21
INV103997,89,2025-02-24,2025-03-26,19488.73,2025-03-31
INV103998,139,2025-02-24,2025-03-26,8662.01,2025-04-06
INV103999,142,2025-02-24,2025-03-26,937.87,2025-03-16
INV104000,6,2025-02-25,2025-03-27,40797.13,2025-05-14
INV104001,52,2025-02-25,2025-03-27,5770.4,2025-04-09
INV104002,53,2025-02-25,2025-04-26,7821.0,2025-04-27
INV104003,57,2025-02-25,2025-04-26,4889.41,2025-04-30
INV104004,71,2025-02-25,2025-03-27,1582.97,2025-05-08
INV104005,77,2025-02-25,2025-03-27,20372.1,2025-03-27
INV104006,107,2025-02-25,2025-03-27,16586.46,2025-04-03
INV104007,110,2025-02-25,2025-03-27,5656.91,2025-03-24
INV104008,128,2025-02-25,2025-03-27,3951.76,2025-03-24
INV104009,24,2025-02-26,2025-03-28,9519.93,2025-04-05
INV104010,54,2025-02-26,2025-04-27,11957.45,2025-05-01
INV104011,55,2025-02-26,2025-03-28,7594.59,2025-04-15
INV104012,70,2025-02-26,2025-03-28,11737.3,2025-04-08
INV104013,73,2025-02-26,2025-03-28,12528.22,2025-04-02
INV104014,84,2025-02-26,2025-03-28,12281.56,2025-04-02
INV104015,90,2025-02-26,2025-03-28,10189.22,2025-03-30
INV104016,95,2025-02-26,2025-04-27,7453.29,2025-05-13
INV104017,99,2025-02-26,2025-03-28,810.93,2025-03-30
INV104018,101,2025-02-26,2025-03-28,7522.09,2025-03-27
INV104019,4,2025-02-27,2025-04-28,4999.83,2025-04-22
INV104020,18,2025-02-27,2025-03-29,158582.76,2025-04-02
INV104021,25,2025-02-27,2025-03-29,1512.76,2025-03-31
INV104022,25,2025-02-27,2025-03-29,2922.95,2025-03-29
INV104023,35,2025-02-27,2025-03-29,2184.42,2025-03-22
INV104024,66,2025-02-27,2025-03-29,10072.65,2025-03-28
INV104025,119,2025-02-27,2025-04-28,10817.26,2025-06-04
INV104026,127,2025-02-27,2025-03-29,5632.11,2025-04-03
INV104027,15,2025-02-28,2025-04-29,9477.16,2025-05-13
INV104028,27,2025-02-28,2025-03-30,4511.09,2025-04-08
INV104029,42,2025-02-28,2025-04-29,1790.24,2025-04-28
INV104030,42,2025-02-28,2025-04-29,3145.19,2025-05-05
INV104031,51,2025-02-28,2025-03-30,2664.79,2025-04-03
INV104032,51,2025-02-28,2025-03-30,2348.05,2025-04-04
INV104033,52,2025-02-28,2025-03-30,3563.48,2025-04-07
INV104034,54,2025-02-28,2025-04-29,12131.22,2025-05-04
INV104035,61,2025-02-28,2025-03-30,2471.54,2025-03-28
INV104036,75,2025-02-28,2025-03-30,4138.79,2025-04-03
INV104037,144,2025-02-28,2025-03-30,1331.36,2025-04-28
INV104038,150,2025-02-28,2025-03-30,1874.66,2025-03-26
INV104039,4,2025-03-01,2025-04-30,7726.09,2025-04-24
INV104040,30,2025-03-01,2025-03-31,4015.53,2025-03-25
INV104041,63,2025-03-01,2025-03-31,10474.07,2025-04-06
INV104042,86,2025-03-01,2025-03-31,5308.34,2025-03-29
INV104043,86,2025-03-01,2025-03-31,7498.12,2025-04-05
INV104044,120,2025-03-01,2025-04-30,5006.77,2025-05-02
INV104045,122,2025-03-01,2025-03-31,1342.45,2025-04-04
INV104046,122,2025-03-01,2025-03-31,2558.55,2025-04-03
INV104047,22,2025-03-02,2025-04-01,21513.79,2025-03-26
INV104048,37,2025-03-02,2025-04-01,6057.37,2025-04-16
INV104049,41,2025-03-02,2025-04-01,18701.73,2025-04-02
INV104050,86,2025-03-02,2025-04-01,3400.46,2025-03-28
INV104051,93,2025-03-02,2025-04-01,3662.26,2025-05-02
INV104052,102,2025-03-02,2025-04-01,31165.92,2025-04-09
INV104053,105,2025-03-02,2025-04-01,2650.98,2025-03-30
INV104054,111,2025-03-02,2025-04-01,8694.28,2025-03-26
INV104055,113,2025-03-02,2025-05-01,9833.79,2025-05-01
INV104056,125,2025-03-02,2025-05-01,3857.29,2025-04-26
INV104057,5,2025-03-03,2025-04-02,2767.72,2025-04-10
INV104058,7,2025-03-03,2025-04-02,9468.75,2025-03-29
INV104059,11,2025-03-03,2025-04-02,1213.74,2025-04-06
INV104060,15,2025-03-03,2025-05-02,5177.79,2025-05-02
INV104061,29,2025-03-03,2025-04-02,6143.13,2025-05-04
INV104062,32,2025-03-03,2025-04-02,7374.72,2025-03-24
INV104063,58,2025-03-03,2025-04-02,9677.82,2025-04-05
INV104064,17,2025-03-04,2025-04-03,10987.99,2025-04-20
INV104065,20,2025-03-04,2025-05-03,12157.16,2025-05-09
INV104066,24,2025-03-04,2025-04-03,12319.59,2025-03-29
INV104067,40,2025-03-04,2025-05-03,4640.14,2025-05-12
INV104068,44,2025-03-04,2025-05-03,4910.8,2025-04-26
INV104069,86,2025-03-04,2025-04-03,4218.69,2025-04-01
INV104070,100,2025-03-04,2025-04-03,657.05,2025-04-25
INV104071,140,2025-03-04,2025-04-03,3929.29,2025-04-10
INV104072,10,2025-03-05,2025-05-04,5060.21,2025-05-07
INV104073,21,2025-03-05,2025-04-04,9899.73,2025-04-25
INV104074,22,2025-03-05,2025-04-04,11270.2,2025-04-03
INV104075,42,2025-03-05,2025-05-04,3373.7,2025-05-01
INV104076,45,2025-03-05,2025-04-04,5367.45,2025-06-04
INV104077,72,2025-03-05,2025-04-04,1967.15,2025-04-06
INV104078,76,2025-03-05,2025-04-04,4985.52,2025-04-24
INV104079,91,2025-03-05,2025-04-04,6899.75,2025-04-07
INV104080,146,2025-03-05,2025-04-04,26478.96,2025-05-02
INV104081,6,2025-03-06,2025-04-05,31094.9,2025-04-11
INV104082,13,2025-03-06,2025-04-05,3439.21,2025-05-09
INV104083,40,2025-03-06,2025-05-05,6324.95,2025-04-26
INV104084,56,2025-03-06,2025-04-05,7326.17,2025-04-03
INV104085,59,2025-03-06,2025-04-05,2498.6,2025-03-27
INV104086,64,2025-03-06,2025-04-05,4063.43,2025-04-05
INV104087,86,2025-03-06,2025-04-05,6314.24,2025-04-13
INV104088,105,2025-03-06,2025-04-05,1507.64,2025-04-24
INV104089,126,2025-03-06,2025-04-05,2447.94,2025-04-21
INV104090,141,2025-03-06,2025-04-05,2408.34,2025-04-11
INV104091,7,2025-03-07,2025-04-06,20027.94,2025-04-14
INV104092,9,2025-03-07,2025-04-06,7362.61,2025-05-11
INV104093,11,2025-03-07,2025-04-06,1445.54,2025-04-04
INV104094,29,2025-03-07,2025-04-06,8112.35,2025-05-01
INV104095,39,2025-03-07,2025-04-06,5888.85,2025-04-17
INV104096,60,2025-03-07,2025-04-06,11652.34,2025-04-05
INV104097,72,2025-03-07,2025-04-06,2445.41,2025-03-30
INV104098,150,2025-03-07,2025-04-06,5245.29,2025-04-09
INV104099,25,2025-03-08,2025-04-07,2576.48,2025-04-03
INV104100,31,2025-03-08,2025-04-07,1556.54,2025-04-10
INV104101,52,2025-03-08,2025-04-07,3518.58,2025-04-21
INV104102,73,2025-03-08,2025-04-07,14073.42,2025-04-05
INV104103,97,2025-03-08,2025-04-07,5274.64,2025-04-22
INV104104,122,2025-03-08,2025-04-07,4320.33,2025-04-13
INV104105,145,2025-03-08,2025-04-07,52438.18,2025-04-16
INV104106,12,2025-03-09,2025-04-08,3322.34,2025-03-31
INV104107,14,2025-03-09,2025-04-08,3975.39,2025-04-21
INV104108,18,2025-03-09,2025-04-08,62622.43,2025-04-09
INV104109,33,2025-03-09,2025-04-08,7015.92,2025-04-06
INV104110,39,2025-03-09,2025-04-08,9265.76,2025-04-05
INV104111,51,2025-03-09,2025-04-08,2699.63,2025-03-31
INV104112,63,2025-03-09,2025-04-08,4813.41,2025-04-06
INV104113,76,2025-03-09,2025-04-08,12460.7,2025-05-08
INV104114,88,2025-03-09,2025-04-08,3221.58,2025-03-31
INV104115,100,2025-03-09,2025-04-08,3127.24,2025-05-04
INV104116,115,2025-03-09,2025-04-08,1842.03,2025-05-15
INV104117,116,2025-03-09,2025-04-08,6202.69,2025-04-18
INV104118,141,2025-03-09,2025-04-08,2195.39,2025-04-11
INV104119,5,2025-03-10,2025-04-09,2433.17,2025-04-15
INV104120,6,2025-03-10,2025-04-09,52774.65,
INV104121,17,2025-03-10,2025-04-09,15860.0,2025-05-03
INV104122,55,2025-03-10,2025-04-09,5727.23,2025-05-03
INV104123,77,2025-03-10,2025-04-09,13321.23,2025-04-12
INV104124,79,2025-03-10,2025-05-09,6874.45,2025-05-13
INV104125,117,2025-03-10,2025-04-09,7437.23,2025-04-02
INV104126,120,2025-03-10,2025-05-09,2798.93,2025-05-13
INV104127,132,2025-03-10,2025-04-09,3993.77,2025-04-14
INV104128,136,2025-03-10,2025-04-09,1433.04,2025-05-16
INV104129,24,2025-03-11,2025-04-10,6278.0,2025-04-11
INV104130,49,2025-03-11,2025-04-10,10898.63,2025-04-06
INV104131,78,2025-03-11,2025-04-10,1379.66,2025-05-15
INV104132,91,2025-03-11,2025-04-10,9017.22,2025-04-12
INV104133,96,2025-03-11,2025-04-10,23576.28,2025-05-02
INV104134,116,2025-03-11,2025-04-10,9483.18,2025-04-09
INV104135,128,2025-03-11,2025-04-10,4183.29,2025-04-07
INV104136,135,2025-03-11,2025-04-10,25184.11,2025-03-31
INV104137,3,2025-03-12,2025-04-11,2615.67,2025-04-15
INV104138,4,2025-03-12,2025-05-11,5873.15,2025-05-17
INV104139,21,2025-03-12,2025-04-11,23406.95,2025-06-03
INV104140,40,2025-03-12,2025-05-11,6147.56,2025-05-20
INV104141,41,2025-03-12,2025-04-11,36704.24,2025-04-10
INV104142,55,2025-03-12,2025-04-11,8513.8,2025-05-09
INV104143,72,2025-03-12,2025-04-11,6410.38,2025-04-01
INV104144,74,2025-03-12,2025-05-11,10097.7,2025-05-08
INV104145,95,2025-03-12,2025-05-11,14029.75,2025-05-24
INV104146,102,2025-03-12,2025-04-11,17081.41,2025-04-12
INV104147,115,2025-03-12,2025-04-11,1852.76,2025-04-28
INV104148,122,2025-03-12,2025-04-11,1917.36,2025-04-04
INV104149,125,2025-03-12,2025-05-11,4404.97,2025-05-18
INV104150,143,2025-03-12,2025-04-11,57331.9,2025-04-13
INV104151,144,2025-03-12,2025-04-11,1687.34,2025-05-02
INV104152,3,2025-03-13,2025-04-12,5616.3,2025-05-10
INV104153,11,2025-03-13,2025-04-12,1616.43,2025-04-16
INV104154,13,2025-03-13,2025-04-12,3165.47,2025-05-12
INV104155,58,2025-03-13,2025-04-12,8747.62,2025-04-05
INV104156,59,2025-03-13,2025-04-12,2448.46,2025-04-05
INV104157,85,2025-03-13,2025-04-12,5231.38,2025-04-15
INV104158,108,2025-03-13,2025-04-12,4559.62,2025-04-10
INV104159,112,2025-03-13,2025-05-12,4317.46,2025-05-09
INV104160,114,2025-03-13,2025-04-12,7393.78,2025-05-07
INV104161,136,2025-03-13,2025-04-12,6018.28,2025-04-17
INV104162,137,2025-03-13,2025-05-12,3351.76,2025-06-13
INV104163,140,2025-03-13,2025-04-12,2445.6,2025-04-23
INV104164,8,2025-03-14,2025-05-13,4015.57,2025-05-22
INV104165,12,2025-03-14,2025-04-13,4732.88,2025-04-18
INV104166,18,2025-03-14,2025-04-13,83724.89,2025-04-15
INV104167,22,2025-03-14,2025-04-13,31821.37,2025-04-07
INV104168,22,2025-03-14,2025-04-13,39802.5,2025-04-14
INV104169,23,2025-03-14,2025-04-13,5341.12,2025-04-03
INV104170,60,2025-03-14,2025-04-13,12659.21,2025-04-11
INV104171,81,2025-03-14,2025-04-13,2627.69,2025-04-14
INV104172,86,2025-03-14,2025-04-13,6039.91,2025-04-11
INV104173,89,2025-03-14,2025-04-13,4989.16,2025-04-05
INV104174,123,2025-03-14,2025-05-13,10388.85,2025-05-22
INV104175,130,2025-03-14,2025-04-13,7550.1,2025-04-10
INV104176,138,2025-03-14,2025-04-13,12976.55,2025-04-03
INV104177,139,2025-03-14,2025-04-13,7469.31,2025-04-24
INV104178,139,2025-03-14,2025-04-13,6186.7,2025-04-14
INV104179,6,2025-03-15,2025-04-14,32048.18,2025-05-12
INV104180,10,2025-03-15,2025-05-14,8696.63,2025-06-01
INV104181,16,2025-03-15,2025-04-14,25488.64,2025-04-22
INV104182,20,2025-03-15,2025-05-14,19789.09,2025-05-14
INV104183,27,2025-03-15,2025-04-14,4912.73,2025-04-21
INV104184,37,2025-03-15,2025-04-14,2699.77,2025-05-15
INV104185,44,2025-03-15,2025-05-14,4090.83,2025-05-07
INV104186,107,2025-03-15,2025-04-14,13179.01,2025-04-17
INV104187,117,2025-03-15,2025-04-14,9174.85,2025-04-19
INV104188,117,2025-03-15,2025-04-14,11449.88,2025-04-16
INV104189,119,2025-03-15,2025-05-14,5514.68,2025-06-11
INV104190,129,2025-03-15,2025-04-14,4345.33,2025-04-13
INV104191,139,2025-03-15,2025-04-14,11258.61,2025-04-14
INV104192,16,2025-03-16,2025-04-15,36686.66,2025-04-24
INV104193,21,2025-03-16,2025-04-15,26041.95,2025-04-21
INV104194,24,2025-03-16,2025-04-15,7609.77,2025-04-19
INV104195,39,2025-03-16,2025-04-15,5928.59,2025-06-20
INV104196,47,2025-03-16,2025-04-15,29673.51,2025-04-12
INV104197,63,2025-03-16,2025-04-15,7424.19,2025-04-24
INV104198,65,2025-03-16,2025-04-15,789.31,2025-04-17
INV104199,83,2025-03-16,2025-04-15,5544.95,2025-05-02
INV104200,105,2025-03-16,2025-04-15,3067.52,2025-04-30
INV104201,111,2025-03-16,2025-04-15,8962.55,2025-04-15
INV104202,119,2025-03-16,2025-05-15,5657.75,2025-06-23
INV104203,121,2025-03-16,2025-04-15,12208.06,2025-04-14
INV104204,145,2025-03-16,2025-04-15,42420.93,2025-05-04
INV104205,145,2025-03-16,2025-04-15,38974.57,2025-05-23
INV104206,36,2025-03-17,2025-04-16,8410.39,2025-04-14
INV104207,69,2025-03-17,2025-04-16,32200.2,2025-05-08
INV104208,79,2025-03-17,2025-05-16,7368.55,2025-05-20
INV104209,80,2025-03-17,2025-05-16,19125.82,2025-05-17
INV104210,86,2025-03-17,2025-04-16,7631.89,2025-04-25
INV104211,88,2025-03-17,2025-04-16,6872.23,2025-04-14
INV104212,99,2025-03-17,2025-04-16,1959.27,2025-04-17
INV104213,99,2025-03-17,2025-04-16,2062.79,2025-04-11
INV104214,102,2025-03-17,2025-04-16,27706.02,2025-04-25
INV104215,103,2025-03-17,2025-04-16,8330.83,2025-05-06
INV104216,117,2025-03-17,2025-04-16,5901.22,2025-04-18
INV104217,149,2025-03-17,2025-04-16,21118.03,2025-04-29
INV104218,21,2025-03-18,2025-04-17,8243.38,2025-05-25
INV104219,38,2025-03-18,2025-04-17,5437.36,2025-04-26
INV104220,44,2025-03-18,2025-05-17,12762.84,2025-05-22
INV104221,47,2025-03-18,2025-04-17,7175.86,2025-04-23
INV104222,52,2025-03-18,2025-04-17,4570.89,2025-04-29
INV104223,84,2025-03-18,2025-04-17,21565.99,2025-04-16
INV104224,107,2025-03-18,2025-04-17,6804.98,2025-04-20
INV104225,121,2025-03-18,2025-04-17,14511.41,2025-04-24
INV104226,140,2025-03-18,2025-04-17,1481.94,2025-05-15
INV104227,146,2025-03-18,2025-04-17,15270.61,2025-05-12
INV104228,10,2025-03-19,2025-05-18,11135.38,2025-07-01
INV104229,13,2025-03-19,2025-04-18,2300.63,2025-04-13
INV104230,26,2025-03-19,2025-05-18,10147.91,2025-05-23
INV104231,37,2025-03-19,2025-04-18,5126.48,2025-05-02
INV104232,43,2025-03-19,2025-05-18,3546.67,2025-05-20
INV104233,54,2025-03-19,2025-05-18,3544.01,2025-05-24
INV104234,69,2025-03-19,2025-04-18,41782.51,2025-04-17
INV104235,73,2025-03-19,2025-04-18,10869.97,2025-04-09
INV104236,117,2025-03-19,2025-04-18,7473.2,2025-04-15
INV104237,119,2025-03-19,2025-05-18,8378.0,2025-05-14
INV104238,124,2025-03-19,2025-05-18,9696.13,2025-06-17
INV104239,149,2025-03-19,2025-04-18,20630.98,2025-04-16
INV104240,3,2025-03-20,2025-04-19,3059.5,2025-05-17
INV104241,8,2025-03-20,2025-05-19,2854.2,2025-05-22
INV104242,44,2025-03-20,2025-05-19,2774.65,2025-05-20
INV104243,45,2025-03-20,2025-04-19,8200.66,2025-06-19
INV104244,66,2025-03-20,2025-04-19,4731.54,2025-04-20
INV104245,92,2025-03-20,2025-04-19,37454.68,2025-05-16
INV104246,94,2025-03-20,2025-04-19,4370.32,2025-04-18
INV104247,103,2025-03-20,2025-04-19,8724.54,2025-06-03
INV104248,133,2025-03-20,2025-04-19,1533.98,2025-04-19
INV104249,140,2025-03-20,2025-04-19,2249.61,2025-04-26
INV104250,4,2025-03-21,2025-05-20,4811.21,2025-05-23
INV104251,6,2025-03-21,2025-04-20,56035.06,2025-04-10
INV104252,18,2025-03-21,2025-04-20,47402.94,2025-04-16
INV104253,19,2025-03-21,2025-04-20,16346.28,2025-05-06
INV104254,38,2025-03-21,2025-04-20,8013.6,2025-04-19
INV104255,58,2025-03-21,2025-04-20,17394.92,2025-04-24
INV104256,62,2025-03-21,2025-05-20,8657.14,2025-07-04
INV104257,62,2025-03-21,2025-05-20,19861.69,2025-06-20
INV104258,79,2025-03-21,2025-05-20,15185.53,2025-05-19
INV104259,105,2025-03-21,2025-04-20,1962.43,2025-05-22
INV104260,132,2025-03-21,2025-04-20,2693.71,2025-04-15
INV104261,139,2025-03-21,2025-04-20,42740.62,2025-05-21
INV104262,149,2025-03-21,2025-04-20,6147.53,2025-05-20
INV104263,5,2025-03-22,2025-04-21,1922.19,2025-04-24
INV104264,78,2025-03-22,2025-04-21,714.35,2025-04-24
INV104265,109,2025-03-22,2025-05-21,9591.95,2025-06-12
INV104266,113,2025-03-22,2025-05-21,7883.66,2025-05-22
INV104267,126,2025-03-22,2025-04-21,6089.42,2025-05-01
INV104268,140,2025-03-22,2025-04-21,3622.07,2025-05-04
INV104269,140,2025-03-22,2025-04-21,2714.01,2025-05-14
INV104270,141,2025-03-22,2025-04-21,3167.92,2025-04-20
INV104271,149,2025-03-22,2025-04-21,10596.41,2025-05-22
INV104272,27,2025-03-23,2025-04-22,4732.55,2025-04-25
INV104273,37,2025-03-23,2025-04-22,2727.58,2025-04-26
INV104274,64,2025-03-23,2025-04-22,4737.08,2025-04-16
INV104275,89,2025-03-23,2025-04-22,11504.52,2025-04-27
INV104276,94,2025-03-23,2025-04-22,2206.67,2025-04-24
INV104277,96,2025-03-23,2025-04-22,12359.02,2025-05-19
INV104278,106,2025-03-23,2025-04-22,4829.65,2025-04-23
INV104279,126,2025-03-23,2025-04-22,6261.16,2025-05-06
INV104280,141,2025-03-23,2025-04-22,1704.65,2025-04-21
INV104281,149,2025-03-23,2025-04-22,14152.91,2025-05-03
INV104282,4,2025-03-24,2025-05-23,7042.86,2025-06-05
INV104283,9,2025-03-24,2025-04-23,9073.51,2025-05-09
INV104284,26,2025-03-24,2025-05-23,7554.57,2025-05-21
INV104285,51,2025-03-24,2025-04-23,1765.63,2025-04-29
INV104286,51,2025-03-24,2025-04-23,2072.73,2025-04-22
INV104287,125,2025-03-24,2025-05-23,2804.97,2025-05-15
INV104288,46,2025-03-25,2025-05-24,4414.45,2025-06-18
INV104289,48,2025-03-25,2025-05-24,32363.46,2025-06-01
INV104290,63,2025-03-25,2025-04-24,3564.81,2025-04-28
INV104291,113,2025-03-25,2025-05-24,6443.15,2025-05-23
INV104292,130,2025-03-25,2025-04-24,5141.35,2025-04-25
INV104293,135,2025-03-25,2025-04-24,28711.54,2025-06-24
INV104294,5,2025-03-26,2025-04-25,3147.22,2025-04-24
INV104295,32,2025-03-26,2025-04-25,10683.28,2025-04-28
INV104296,45,2025-03-26,2025-04-25,6647.47,
INV104297,49,2025-03-26,2025-04-25,12161.25,2025-04-22
INV104298,62,2025-03-26,2025-05-25,16409.63,2025-06-07
INV104299,82,2025-03-26,2025-04-25,11513.86,2025-06-06
INV104300,115,2025-03-26,2025-04-25,1003.26,2025-05-19
INV104301,117,2025-03-26,2025-04-25,11296.58,2025-04-18
INV104302,131,2025-03-26,2025-04-25,4683.52,2025-06-06
INV104303,134,2025-03-26,2025-04-25,7808.63,2025-05-01
INV104304,143,2025-03-26,2025-04-25,82997.35,2025-04-27
INV104305,25,2025-03-27,2025-04-26,4872.18,2025-04-26
INV104306,25,2025-03-27,2025-04-26,2785.51,2025-05-01
INV104307,28,2025-03-27,2025-04-26,685.82,2025-05-31
INV104308,36,2025-03-27,2025-04-26,5926.51,2025-04-24
INV104309,51,2025-03-27,2025-04-26,3434.79,2025-04-20
INV104310,64,2025-03-27,2025-04-26,9780.82,2025-04-29
INV104311,66,2025-03-27,2025-04-26,5952.87,2025-05-01
INV104312,92,2025-03-27,2025-04-26,17781.76,2025-05-17
INV104313,111,2025-03-27,2025-04-26,9632.86,2025-04-22
INV104314,15,2025-03-28,2025-05-27,2939.06,2025-05-24
INV104315,24,2025-03-28,2025-04-27,11151.1,2025-04-17
INV104316,43,2025-03-28,2025-05-27,2980.98,2025-05-19
INV104317,61,2025-03-28,2025-04-27,1771.22,2025-04-27
INV104318,96,2025-03-28,2025-04-27,8185.19,2025-05-21
INV104319,116,2025-03-28,2025-04-27,10514.45,2025-04-28
INV104320,149,2025-03-28,2025-04-27,9291.75,2025-06-11
INV104321,150,2025-03-28,2025-04-27,5086.25,2025-04-27
INV104322,3,2025-04-01,2025-05-01,4718.99,2025-06-02
INV104323,21,2025-04-01,2025-05-01,18809.08,2025-06-20
INV104324,21,2025-04-01,2025-05-01,8839.06,2025-06-19
INV104325,35,2025-04-01,2025-05-01,3198.83,2025-05-09
INV104326,40,2025-04-01,2025-05-31,6459.66,2025-05-31
INV104327,55,2025-04-01,2025-05-01,8291.16,2025-05-18
INV104328,57,2025-04-01,2025-05-31,2631.49,2025-06-01
INV104329,63,2025-04-01,2025-05-01,3937.1,2025-05-05
INV104330,76,2025-04-01,2025-05-01,14188.07,2025-05-15
INV104331,81,2025-04-01,2025-05-01,2966.11,2025-04-26
INV104332,89,2025-04-01,2025-05-01,14917.37,2025-04-29
INV104333,98,2025-04-01,2025-05-01,2046.41,2025-05-02
INV104334,117,2025-04-01,2025-05-01,10745.42,2025-04-29
INV104335,137,2025-04-01,2025-05-31,4203.19,2025-07-01
INV104336,18,2025-04-02,2025-05-02,81956.85,2025-05-14
INV104337,29,2025-04-02,2025-05-02,4232.73,2025-05-03
INV104338,33,2025-04-02,2025-05-02,5999.77,2025-05-07
INV104339,35,2025-04-02,2025-05-02,2596.82,2025-05-04
INV104340,38,2025-04-02,2025-05-02,14094.95,2025-05-04
INV104341,45,2025-04-02,2025-05-02,6714.42,2025-06-18
INV104342,104,2025-04-02,2025-05-02,11131.88,2025-06-02
INV104343,110,2025-04-02,2025-05-02,5742.52,2025-04-25
INV104344,140,2025-04-02,2025-05-02,5825.95,2025-04-26
INV104345,146,2025-04-02,2025-05-02,21207.32,2025-05-13
INV104346,149,2025-04-02,2025-05-02,14635.81,2025-05-28
INV104347,17,2025-04-03,2025-05-03,12989.89,2025-06-05
INV104348,22,2025-04-03,2025-05-03,11218.37,2025-05-02
INV104349,34,2025-04-03,2025-05-03,16241.33,2025-06-02
INV104350,41,2025-04-03,2025-05-03,44318.96,2025-05-04
INV104351,48,2025-04-03,2025-06-02,9408.97,2025-06-13
INV104352,68,2025-04-03,2025-06-02,6274.96,2025-06-07
INV104353,72,2025-04-03,2025-05-03,1309.41,2025-05-08
INV104354,105,2025-04-03,2025-05-03,3939.58,2025-05-15
INV104355,105,2025-04-03,2025-05-03,2270.08,2025-05-26
INV104356,20,2025-04-04,2025-06-03,21570.57,2025-06-03
INV104357,39,2025-04-04,2025-05-04,5303.22,2025-06-30
INV104358,74,2025-04-04,2025-06-03,27380.54,2025-06-05
INV104359,80,2025-04-04,2025-06-03,22673.23,2025-06-03
INV104360,81,2025-04-04,2025-05-04,1489.93,2025-05-07
INV104361,85,2025-04-04,2025-05-04,2744.29,2025-05-09
INV104362,91,2025-04-04,2025-05-04,7930.41,2025-04-28
INV104363,118,2025-04-04,2025-05-04,3268.89,2025-05-09
INV104364,147,2025-04-04,2025-05-04,3552.76,2025-05-25
INV104365,148,2025-04-04,2025-06-03,6515.63,2025-05-25
INV104366,7,2025-04-05,2025-05-05,14740.56,2025-05-10
INV104367,10,2025-04-05,2025-06-04,8632.89,2025-06-20
INV104368,31,2025-04-05,2025-05-05,2222.19,2025-05-03
INV104369,42,2025-04-05,2025-06-04,4643.3,2025-06-05
INV104370,42,2025-04-05,2025-06-04,3979.68,2025-06-09
INV104371,62,2025-04-05,2025-06-04,14434.76,2025-06-29
INV104372,119,2025-04-05,2025-06-04,6819.58,2025-06-17
INV104373,133,2025-04-05,2025-05-05,1174.36,2025-05-02
INV104374,34,2025-04-06,2025-05-06,6566.53,2025-06-04
INV104375,44,2025-04-06,2025-06-05,12035.04,2025-06-05
INV104376,48,2025-04-06,2025-06-05,14006.83,2025-06-06
INV104377,54,2025-04-06,2025-06-05,4727.48,2025-06-13
INV104378,73,2025-04-06,2025-05-06,9927.09,2025-05-16
INV104379,84,2025-04-06,2025-05-06,11367.96,2025-05-02
INV104380,86,2025-04-06,2025-05-06,5410.68,2025-05-05
INV104381,88,2025-04-06,2025-05-06,17195.94,2025-05-15
INV104382,91,2025-04-06,2025-05-06,4688.04,2025-05-17
INV104383,98,2025-04-06,2025-05-06,715.01,
INV104384,113,2025-04-06,2025-06-05,20584.45,2025-06-11
INV104385,122,2025-04-06,2025-05-06,2913.14,2025-05-11
INV104386,21,2025-04-07,2025-05-07,3849.61,2025-06-12
INV104387,28,2025-04-07,2025-05-07,1960.15,2025-05-14
INV104388,79,2025-04-07,2025-06-06,5779.19,2025-06-15
INV104389,89,2025-04-07,2025-05-07,6850.61,2025-05-03
INV104390,143,2025-04-07,2025-05-07,90820.53,2025-05-02
INV104391,146,2025-04-07,2025-05-07,34376.51,2025-06-19
INV104392,2,2025-04-08,2025-05-08,6813.13,2025-05-10
INV104393,6,2025-04-08,2025-05-08,34079.58,2025-06-03
INV104394,21,2025-04-08,2025-05-08,17989.1,2025-06-14
INV104395,49,2025-04-08,2025-05-08,16440.73,2025-05-10
INV104396,92,2025-04-08,2025-05-08,30293.1,2025-05-11
INV104397,97,2025-04-08,2025-05-08,4740.85,2025-05-23
INV104398,130,2025-04-08,2025-05-08,8896.23,2025-05-12
INV104399,143,2025-04-08,2025-05-08,56197.13,2025-05-12
INV104400,145,2025-04-08,2025-05-08,50588.88,2025-05-31
INV104401,28,2025-04-09,2025-05-09,998.23,2025-05-03
INV104402,41,2025-04-09,2025-05-09,27085.88,2025-05-10
INV104403,44,2025-04-09,2025-06-08,8061.31,2025-06-02
INV104404,97,2025-04-09,2025-05-09,14056.64,2025-05-18
INV104405,101,2025-04-09,2025-05-09,10701.16,2025-04-30
INV104406,101,2025-04-09,2025-05-09,4994.1,2025-05-12
INV104407,138,2025-04-09,2025-05-09,13654.19,2025-05-12
INV104408,147,2025-04-09,2025-05-09,9005.14,2025-05-31
INV104409,21,2025-04-10,2025-05-10,12612.22,2025-05-16
INV104410,35,2025-04-10,2025-05-10,1998.88,2025-05-10
INV104411,64,2025-04-10,2025-05-10,11691.61,2025-05-17
INV104412,84,2025-04-10,2025-05-10,15866.96,2025-05-11
INV104413,87,2025-04-10,2025-05-10,1667.43,2025-06-10
INV104414,89,2025-04-10,2025-05-10,15025.19,2025-05-16
INV104415,111,2025-04-10,2025-05-10,27844.0,2025-05-20
INV104416,112,2025-04-10,2025-06-09,6537.45,2025-06-11
INV104417,137,2025-04-10,2025-06-09,8459.73,2025-07-05
INV104418,7,2025-04-11,2025-05-11,7424.79,2025-05-11
INV104419,17,2025-04-11,2025-05-11,12165.52,2025-05-23
INV104420,41,2025-04-11,2025-05-11,34217.41,2025-05-02
INV104421,48,2025-04-11,2025-06-10,7528.89,2025-06-16
INV104422,51,2025-04-11,2025-05-11,2403.83,2025-05-03
INV104423,56,2025-04-11,2025-05-11,5831.03,2025-05-01
INV104424,76,2025-04-11,2025-05-11,9376.08,2025-05-29
INV104425,86,2025-04-11,2025-05-11,2621.38,2025-05-05
INV104426,125,2025-04-11,2025-06-10,2502.92,2025-06-05
INV104427,125,2025-04-11,2025-06-10,5978.35,2025-06-17
INV104428,132,2025-04-11,2025-05-11,3689.3,2025-05-19
INV104429,144,2025-04-11,2025-05-11,1589.9,2025-06-05
INV104430,150,2025-04-11,2025-05-11,2991.95,2025-05-14
INV104431,5,2025-04-12,2025-05-12,3515.92,2025-05-07
INV104432,21,2025-04-12,2025-05-12,20680.59,2025-07-13
INV104433,31,2025-04-12,2025-05-12,13416.92,2025-05-11
INV104434,35,2025-04-12,2025-05-12,2379.34,2025-05-09
INV104435,54,2025-04-12,2025-06-11,3940.11,2025-06-17
INV104436,65,2025-04-12,2025-05-12,2024.8,2025-05-21
INV104437,69,2025-04-12,2025-05-12,27792.09,2025-05-21
INV104438,72,2025-04-12,2025-05-12,2414.79,2025-05-18
INV104439,117,2025-04-12,2025-05-12,10052.66,2025-05-19
INV104440,123,2025-04-12,2025-06-11,2536.77,2025-06-07
INV104441,139,2025-04-12,2025-05-12,7129.52,2025-05-15
INV104442,144,2025-04-12,2025-05-12,1744.22,2025-06-11
INV104443,3,2025-04-13,2025-05-13,4837.81,2025-05-25
INV104444,6,2025-04-13,2025-05-13,46748.17,2025-07-13
INV104445,26,2025-04-13,2025-06-12,10505.21,2025-06-17
INV104446,35,2025-04-13,2025-05-13,3620.94,2025-05-20
INV104447,35,2025-04-13,2025-05-13,1388.44,2025-05-08
INV104448,40,2025-04-13,2025-06-12,3500.51,2025-06-13
INV104449,64,2025-04-13,2025-05-13,5785.84,2025-05-08
INV104450,73,2025-04-13,2025-05-13,5637.03,2025-05-18
INV104451,80,2025-04-13,2025-06-12,25451.03,2025-06-07
INV104452,105,2025-04-13,2025-05-13,1433.25,2025-05-18
INV104453,106,2025-04-13,2025-05-13,4347.41,2025-05-13
INV104454,106,2025-04-13,2025-05-13,4013.65,2025-05-11
INV104455,113,2025-04-13,2025-06-12,9844.6,2025-06-05
INV104456,121,2025-04-13,2025-05-13,17660.48,2025-05-06
INV104457,128,2025-04-13,2025-05-13,4893.83,2025-05-14
INV104458,128,2025-04-13,2025-05-13,4728.2,2025-05-18
INV104459,136,2025-04-13,2025-05-13,3700.54,2025-07-13
INV104460,139,2025-04-13,2025-05-13,28006.07,2025-05-22
INV104461,15,2025-04-14,2025-06-13,4340.36,2025-06-16
INV104462,38,2025-04-14,2025-05-14,7054.94,2025-05-04
INV104463,72,2025-04-14,2025-05-14,2963.86,2025-05-08
INV104464,95,2025-04-14,2025-06-13,4887.75,2025-06-24
INV104465,101,2025-04-14,2025-05-14,6353.13,2025-05-30
INV104466,107,2025-04-14,2025-05-14,11555.01,2025-05-20
INV104467,121,2025-04-14,2025-05-14,5376.56,2025-05-16
INV104468,132,2025-04-14,2025-05-14,5708.17,2025-05-10
INV104469,134,2025-04-14,2025-05-14,10245.16,2025-05-23
INV104470,147,2025-04-14,2025-05-14,3798.81,2025-06-01
INV104471,11,2025-04-15,2025-05-15,2370.71,2025-05-20
INV104472,23,2025-04-15,2025-05-15,8951.99,2025-05-16
INV104473,25,2025-04-15,2025-05-15,1474.41,2025-05-11
INV104474,33,2025-04-15,2025-05-15,7905.09,2025-05-18
INV104475,34,2025-04-15,2025-05-15,6457.58,2025-06-06
INV104476,57,2025-04-15,2025-06-14,2695.9,2025-06-13
INV104477,62,2025-04-15,2025-06-14,14267.61,2025-07-25
INV104478,70,2025-04-15,2025-05-15,5066.94,2025-05-22
INV104479,77,2025-04-15,2025-05-15,13002.84,2025-05-15
INV104480,85,2025-04-15,2025-05-15,2917.38,2025-05-19
INV104481,85,2025-04-15,2025-05-15,6641.88,2025-05-16
INV104482,96,2025-04-15,2025-05-15,17004.93,2025-06-20
INV104483,96,2025-04-15,2025-05-15,12259.63,2025-05-28
INV104484,122,2025-04-15,2025-05-15,4122.42,2025-05-12
INV104485,147,2025-04-15,2025-05-15,7762.7,2025-05-15
INV104486,11,2025-04-16,2025-05-16,1467.44,2025-05-16
INV104487,17,2025-04-16,2025-05-16,15097.01,2025-06-01
INV104488,19,2025-04-16,2025-05-16,11343.83,2025-06-08
INV104489,25,2025-04-16,2025-05-16,3243.58,2025-05-29
INV104490,35,2025-04-16,2025-05-16,2918.35,2025-05-22
INV104491,71,2025-04-16,2025-05-16,1303.15,2025-05-21
INV104492,72,2025-04-16,2025-05-16,2551.65,2025-05-17
INV104493,85,2025-04-16,2025-05-16,4506.95,2025-05-23
INV104494,102,2025-04-16,2025-05-16,22706.62,2025-05-08
INV104495,135,2025-04-16,2025-05-16,27648.93,2025-07-02
INV104496,141,2025-04-16,2025-05-16,2345.46,2025-05-12
INV104497,18,2025-04-17,2025-05-17,20023.09,2025-05-13
INV104498,20,2025-04-17,2025-06-16,11816.81,2025-06-24
INV104499,25,2025-04-17,2025-05-17,2067.48,2025-05-14
INV104500,42,2025-04-17,2025-06-16,6961.64,2025-06-16
INV104501,49,2025-04-17,2025-05-17,9545.21,2025-05-23
INV104502,49,2025-04-17,2025-05-17,10063.05,2025-05-13
INV104503,63,2025-04-17,2025-05-17,3478.5,2025-05-15
INV104504,67,2025-04-17,2025-05-17,5204.73,2025-05-16
INV104505,90,2025-04-17,2025-05-17,7114.22,2025-05-13
INV104506,115,2025-04-17,2025-05-17,5254.51,2025-06-07
INV104507,123,2025-04-17,2025-06-16,4689.39,2025-06-22
INV104508,136,2025-04-17,2025-05-17,3187.11,2025-07-08
INV104509,42,2025-04-18,2025-06-17,5004.98,2025-06-19
INV104510,89,2025-04-18,2025-05-18,10054.44,2025-05-16
INV104511,98,2025-04-18,2025-05-18,770.53,2025-06-27
INV104512,116,2025-04-18,2025-05-18,8607.56,2025-05-13
INV104513,142,2025-04-18,2025-05-18,537.08,2025-05-15
INV104514,143,2025-04-18,2025-05-18,25256.46,2025-05-20
INV104515,144,2025-04-18,2025-05-18,2185.16,2025-05-30
INV104516,148,2025-04-18,2025-06-17,9938.24,2025-06-17
INV104517,2,2025-04-19,2025-05-19,10743.34,2025-05-25
INV104518,15,2025-04-19,2025-06-18,6232.6,2025-06-15
INV104519,20,2025-04-19,2025-06-18,18666.36,2025-06-26
INV104520,45,2025-04-19,2025-05-19,3205.26,2025-07-30
INV104521,52,2025-04-19,2025-05-19,9201.79,2025-06-18
INV104522,66,2025-04-19,2025-05-19,7801.02,2025-05-23
INV104523,73,2025-04-19,2025-05-19,11589.4,2025-05-22
INV104524,74,2025-04-19,2025-06-18,14724.08,2025-06-14
INV104525,93,2025-04-19,2025-05-19,3523.93,2025-06-18
INV104526,105,2025-04-19,2025-05-19,1915.03,2025-06-26
INV104527,111,2025-04-19,2025-05-19,11410.79,2025-05-20
INV104528,115,2025-04-19,2025-05-19,2320.44,2025-06-08
INV104529,128,2025-04-19,2025-05-19,2458.48,2025-05-23
INV104530,143,2025-04-19,2025-05-19,82658.58,2025-05-17
INV104531,144,2025-04-19,2025-05-19,1280.76,2025-06-07
INV104532,9,2025-04-20,2025-05-20,10230.92,2025-07-04
INV104533,15,2025-04-20,2025-06-19,6789.05,2025-06-18
INV104534,59,2025-04-20,2025-05-20,2477.66,2025-05-19
INV104535,60,2025-04-20,2025-05-20,18976.9,2025-05-16
INV104536,75,2025-04-20,2025-05-20,2878.51,2025-05-19
INV104537,76,2025-04-20,2025-05-20,20401.71,2025-06-03
INV104538,76,2025-04-20,2025-05-20,15542.5,2025-06-03
INV104539,89,2025-04-20,2025-05-20,15245.65,2025-05-25
INV104540,110,2025-04-20,2025-05-20,10979.3,2025-05-21
INV104541,118,2025-04-20,2025-05-20,6290.83,2025-05-28
INV104542,120,2025-04-20,2025-06-19,6851.25,2025-06-22
INV104543,120,2025-04-20,2025-06-19,2679.18,2025-06-19
INV104544,144,2025-04-20,2025-05-20,3169.43,2025-06-23
INV104545,27,2025-04-21,2025-05-21,3120.24,2025-05-23
INV104546,35,2025-04-21,2025-05-21,4133.33,2025-05-21
INV104547,38,2025-04-21,2025-05-21,9861.32,2025-05-20
INV104548,40,2025-04-21,2025-06-20,3338.18,2025-06-10
INV104549,56,2025-04-21,2025-05-21,8952.03,2025-05-20
INV104550,56,2025-04-21,2025-05-21,9925.44,2025-05-21
INV104551,62,2025-04-21,2025-06-20,8296.61,2025-07-09
INV104552,63,2025-04-21,2025-05-21,5538.55,2025-05-16
INV104553,73,2025-04-21,2025-05-21,6524.58,2025-05-30
INV104554,73,2025-04-21,2025-05-21,12741.43,2025-05-24
INV104555,83,2025-04-21,2025-05-21,7907.42,2025-06-22
INV104556,87,2025-04-21,2025-05-21,3375.37,2025-06-17
INV104557,89,2025-04-21,2025-05-21,5921.92,2025-05-28
INV104558,93,2025-04-21,2025-05-21,5156.91,2025-05-19
INV104559,94,2025-04-21,2025-05-21,1647.33,2025-05-21
INV104560,119,2025-04-21,2025-06-20,8361.87,2025-07-11
INV104561,123,2025-04-21,2025-06-20,5621.34,2025-06-27
INV104562,123,2025-04-21,2025-06-20,4207.31,2025-06-22
INV104563,137,2025-04-21,2025-06-20,11917.82,
INV104564,137,2025-04-21,2025-06-20,8960.34,2025-07-07
INV104565,141,2025-04-21,2025-05-21,1506.78,2025-05-23
INV104566,5,2025-04-22,2025-05-22,3525.25,2025-05-21
INV104567,6,2025-04-22,2025-05-22,20620.51,2025-05-29
INV104568,32,2025-04-22,2025-05-22,4357.99,2025-05-19
INV104569,38,2025-04-22,2025-05-22,9575.64,2025-05-19
INV104570,39,2025-04-22,2025-05-22,3592.29,2025-06-25
INV104571,68,2025-04-22,2025-06-21,8448.64,2025-06-24
INV104572,72,2025-04-22,2025-05-22,4601.95,2025-05-24
INV104573,111,2025-04-22,2025-05-22,3778.84,2025-05-12
INV104574,117,2025-04-22,2025-05-22,9139.09,2025-05-22
INV104575,145,2025-04-22,2025-05-22,35581.49,2025-07-07
INV104576,3,2025-04-23,2025-05-23,5384.8,2025-06-10
INV104577,7,2025-04-23,2025-05-23,7986.61,2025-05-30
INV104578,33,2025-04-23,2025-05-23,4708.58,2025-05-19
INV104579,80,2025-04-23,2025-06-22,17247.02,2025-06-20
INV104580,88,2025-04-23,2025-05-23,8560.4,2025-05-21
INV104581,92,2025-04-23,2025-05-23,19685.25,2025-06-09
INV104582,107,2025-04-23,2025-05-23,8878.14,2025-05-18
INV104583,115,2025-04-23,2025-05-23,1879.51,2025-05-22
INV104584,119,2025-04-23,2025-06-22,4117.37,2025-06-25
INV104585,124,2025-04-23,2025-06-22,3062.77,2025-06-24
INV104586,124,2025-04-23,2025-06-22,4006.82,2025-07-23
INV104587,133,2025-04-23,2025-05-23,1191.65,2025-05-23
INV104588,8,2025-04-24,2025-06-23,2111.23,2025-06-25
INV104589,35,2025-04-24,2025-05-24,5600.27,2025-05-26
INV104590,41,2025-04-24,2025-05-24,23859.15,2025-05-25
INV104591,60,2025-04-24,2025-05-24,10479.45,2025-05-29
INV104592,65,2025-04-24,2025-05-24,2140.24,2025-06-08
INV104593,68,2025-04-24,2025-06-23,14425.66,2025-06-19
INV104594,112,2025-04-24,2025-06-23,3797.07,2025-06-15
INV104595,126,2025-04-24,2025-05-24,6225.53,2025-06-12
INV104596,22,2025-04-25,2025-05-25,9939.98,2025-06-02
INV104597,24,2025-04-25,2025-05-25,14780.71,2025-05-30
INV104598,28,2025-04-25,2025-05-25,1247.52,2025-06-28
INV104599,55,2025-04-25,2025-05-25,5211.66,2025-06-15
INV104600,96,2025-04-25,2025-05-25,14096.16,2025-05-31
INV104601,105,2025-04-25,2025-05-25,2492.05,2025-07-11
INV104602,112,2025-04-25,2025-06-24,4311.03,2025-06-25
INV104603,134,2025-04-25,2025-05-25,7347.23,2025-06-06
INV104604,9,2025-04-26,2025-05-26,7764.49,2025-06-29
INV104605,31,2025-04-26,2025-05-26,3607.27,2025-06-01
INV104606,46,2025-04-26,2025-06-25,2343.9,2025-07-22
INV104607,48,2025-04-26,2025-06-25,6901.16,2025-06-20
INV104608,75,2025-04-26,2025-05-26,6567.53,2025-05-18
INV104609,91,2025-04-26,2025-05-26,3519.82,2025-05-18
INV104610,98,2025-04-26,2025-05-26,1084.1,2025-07-21
INV104611,127,2025-04-26,2025-05-26,4120.28,2025-06-03
INV104612,135,2025-04-26,2025-05-26,33835.9,2025-07-27
INV104613,149,2025-04-26,2025-05-26,20161.91,2025-05-21
INV104614,150,2025-04-26,2025-05-26,4955.14,2025-05-23
INV104615,150,2025-04-26,2025-05-26,2120.31,2025-05-27
INV104616,16,2025-04-27,2025-05-27,9915.28,2025-06-09
INV104617,37,2025-04-27,2025-05-27,4370.05,2025-07-08
INV104618,45,2025-04-27,2025-05-27,4521.16,2025-06-17
INV104619,50,2025-04-27,2025-05-27,16336.1,2025-08-10
INV104620,56,2025-04-27,2025-05-27,4344.61,2025-05-28
INV104621,64,2025-04-27,2025-05-27,8172.06,2025-05-27
INV104622,70,2025-04-27,2025-05-27,5878.02,2025-05-25
INV104623,72,2025-04-27,2025-05-27,2327.46,2025-06-01
INV104624,88,2025-04-27,2025-05-27,6041.43,2025-06-02
INV104625,119,2025-04-27,2025-06-26,3349.6,2025-07-02
INV104626,134,2025-04-27,2025-05-27,11752.62,2025-06-04
INV104627,141,2025-04-27,2025-05-27,1702.7,2025-05-28
INV104628,143,2025-04-27,2025-05-27,49573.66,2025-05-29
INV104629,148,2025-04-27,2025-06-26,11478.94,2025-06-28
INV104630,3,2025-04-28,2025-05-28,5458.96,2025-06-23
INV104631,9,2025-04-28,2025-05-28,10630.45,2025-06-26
INV104632,13,2025-04-28,2025-05-28,2710.85,2025-06-17
INV104633,13,2025-04-28,2025-05-28,2538.98,2025-06-08
INV104634,17,2025-04-28,2025-05-28,9495.28,2025-07-22
INV104635,23,2025-04-28,2025-05-28,7484.18,2025-06-07
INV104636,35,2025-04-28,2025-05-28,4398.31,2025-05-23
INV104637,56,2025-04-28,2025-05-28,4901.76,2025-06-02
INV104638,60,2025-04-28,2025-05-28,5660.07,2025-06-01
INV104639,67,2025-04-28,2025-05-28,4387.1,2025-05-25
INV104640,95,2025-04-28,2025-06-27,12491.28,2025-07-20
INV104641,107,2025-04-28,2025-05-28,12014.35,2025-05-23
INV104642,112,2025-04-28,2025-06-27,3582.62,2025-06-29
INV104643,113,2025-04-28,2025-06-27,19283.08,2025-06-26
INV104644,126,2025-04-28,2025-05-28,5790.85,2025-06-18
INV104645,131,2025-04-28,2025-05-28,3679.89,2025-08-17
INV104646,6,2025-05-01,2025-05-31,37468.31,2025-07-16
INV104647,26,2025-05-01,2025-06-30,3816.97,2025-07-02
INV104648,54,2025-05-01,2025-06-30,7296.67,2025-06-22
INV104649,66,2025-05-01,2025-05-31,9248.88,2025-05-31
INV104650,68,2025-05-01,2025-06-30,16278.05,2025-06-25
INV104651,88,2025-05-01,2025-05-31,7312.39,2025-05-29
INV104652,100,2025-05-01,2025-05-31,4095.92,2025-06-29
INV104653,107,2025-05-01,2025-05-31,6728.52,2025-05-24
INV104654,145,2025-05-01,2025-05-31,60441.08,2025-07-05
INV104655,20,2025-05-02,2025-07-01,10317.81,2025-06-29
INV104656,39,2025-05-02,2025-06-01,7266.49,2025-08-16
INV104657,75,2025-05-02,2025-06-01,2656.68,2025-06-06
INV104658,99,2025-05-02,2025-06-01,3106.3,2025-06-06
INV104659,2,2025-05-03,2025-06-02,13114.67,2025-06-03
INV104660,15,2025-05-03,2025-07-02,3230.44,2025-07-06
INV104661,69,2025-05-03,2025-06-02,18494.45,2025-06-20
INV104662,79,2025-05-03,2025-07-02,5766.64,2025-07-08
INV104663,95,2025-05-03,2025-07-02,7257.17,2025-07-10
INV104664,112,2025-05-03,2025-07-02,2821.59,2025-07-04
INV104665,120,2025-05-03,2025-07-02,5706.87,2025-07-01
INV104666,144,2025-05-03,2025-06-02,1966.28,2025-07-05
INV104667,144,2025-05-03,2025-06-02,821.9,2025-06-03
INV104668,146,2025-05-03,2025-06-02,20272.47,2025-06-13
INV104669,149,2025-05-03,2025-06-02,6865.99,2025-06-05
INV104670,33,2025-05-04,2025-06-03,6103.28,2025-05-28
INV104671,42,2025-05-04,2025-07-03,1831.29,2025-07-03
INV104672,57,2025-05-04,2025-07-03,11773.53,2025-07-11
INV104673,60,2025-05-04,2025-06-03,11812.06,2025-05-31
INV104674,60,2025-05-04,2025-06-03,12430.55,2025-06-04
INV104675,102,2025-05-04,2025-06-03,13608.87,2025-05-30
INV104676,103,2025-05-04,2025-06-03,5339.93,2025-06-11
INV104677,129,2025-05-04,2025-06-03,15808.97,2025-06-05
INV104678,12,2025-05-05,2025-06-04,3781.87,2025-05-29
INV104679,12,2025-05-05,2025-06-04,3214.95,2025-06-06
INV104680,28,2025-05-05,2025-06-04,1446.32,2025-06-23
INV104681,60,2025-05-05,2025-06-04,6717.03,2025-06-08
INV104682,68,2025-05-05,2025-07-04,22823.6,2025-07-05
INV104683,77,2025-05-05,2025-06-04,24375.58,2025-06-01
INV104684,115,2025-05-05,2025-06-04,4066.54,2025-06-30
INV104685,142,2025-05-05,2025-06-04,989.23,2025-06-11
INV104686,9,2025-05-06,2025-06-05,25860.62,2025-07-21
INV104687,17,2025-05-06,2025-06-05,36630.9,2025-06-30
INV104688,23,2025-05-06,2025-06-05,7442.31,2025-06-01
INV104689,24,2025-05-06,2025-06-05,7588.6,2025-06-05
INV104690,31,2025-05-06,2025-06-05,7390.14,2025-06-05
INV104691,34,2025-05-06,2025-06-05,14690.46,2025-06-14
INV104692,58,2025-05-06,2025-06-05,8804.65,2025-06-06
INV104693,74,2025-05-06,2025-07-05,10469.74,2025-07-04
INV104694,93,2025-05-06,2025-06-05,4985.44,2025-06-23
INV104695,104,2025-05-06,2025-06-05,9915.49,2025-07-09
INV104696,134,2025-05-06,2025-06-05,6284.52,2025-06-03
INV104697,148,2025-05-06,2025-07-05,3725.29,2025-07-10
INV104698,148,2025-05-06,2025-07-05,5929.28,2025-06-30
INV104699,5,2025-05-07,2025-06-06,2536.58,2025-06-10
INV104700,14,2025-05-07,2025-06-06,2451.9,2025-06-02
INV104701,23,2025-05-07,2025-06-06,14202.41,2025-06-05
INV104702,25,2025-05-07,2025-06-06,3061.7,2025-06-08
INV104703,46,2025-05-07,2025-07-06,3288.03,2025-07-21
INV104704,79,2025-05-07,2025-07-06,6908.03,2025-07-05
INV104705,80,2025-05-07,2025-07-06,16032.01,2025-07-13
INV104706,83,2025-05-07,2025-06-06,6551.31,2025-07-09
INV104707,90,2025-05-07,2025-06-06,19014.51,2025-06-04
INV104708,91,2025-05-07,2025-06-06,2851.88,2025-06-08
INV104709,102,2025-05-07,2025-06-06,15675.61,2025-06-03
INV104710,140,2025-05-07,2025-06-06,4010.17,2025-06-10
INV104711,23,2025-05-08,2025-06-07,11533.49,2025-06-04
INV104712,24,2025-05-08,2025-06-07,4697.38,2025-06-22
INV104713,44,2025-05-08,2025-07-07,8293.89,2025-07-04
INV104714,51,2025-05-08,2025-06-07,3009.56,2025-06-12
INV104715,72,2025-05-08,2025-06-07,1769.76,2025-05-31
INV104716,73,2025-05-08,2025-06-07,6461.82,2025-06-16
INV104717,77,2025-05-08,2025-06-07,10796.26,2025-06-09
INV104718,115,2025-05-08,2025-06-07,4449.71,2025-07-14
INV104719,118,2025-05-08,2025-06-07,6422.23,2025-05-28
INV104720,139,2025-05-08,2025-06-07,13945.89,2025-06-08
INV104721,8,2025-05-09,2025-07-08,1707.74,2025-07-12
INV104722,20,2025-05-09,2025-07-08,12840.97,2025-07-04
INV104723,26,2025-05-09,2025-07-08,11214.21,2025-07-02
INV104724,35,2025-05-09,2025-06-08,3725.42,2025-05-31
INV104725,91,2025-05-09,2025-06-08,6445.58,2025-06-15
INV104726,93,2025-05-09,2025-06-08,2407.7,2025-06-27
INV104727,98,2025-05-09,2025-06-08,1168.43,2025-06-24
INV104728,107,2025-05-09,2025-06-08,16736.24,2025-06-07
INV104729,116,2025-05-09,2025-06-08,12150.65,2025-06-12
INV104730,3,2025-05-10,2025-06-09,6772.03,2025-07-22
INV104731,15,2025-05-10,2025-07-09,3320.16,2025-07-01
INV104732,46,2025-05-10,2025-07-09,6504.26,2025-09-03
INV104733,66,2025-05-10,2025-06-09,15114.46,2025-06-26
INV104734,70,2025-05-10,2025-06-09,4431.11,2025-06-14
INV104735,127,2025-05-10,2025-06-09,3624.17,2025-06-16
INV104736,13,2025-05-11,2025-06-10,4350.24,2025-06-29
INV104737,52,2025-05-11,2025-06-10,3059.49,2025-07-10
INV104738,53,2025-05-11,2025-07-10,9810.73,2025-07-10
INV104739,58,2025-05-11,2025-06-10,5234.74,2025-06-06
INV104740,76,2025-05-11,2025-06-10,22916.06,2025-07-13
INV104741,81,2025-05-11,2025-06-10,1484.79,2025-06-14
INV104742,117,2025-05-11,2025-06-10,11999.32,2025-06-06
INV104743,120,2025-05-11,2025-07-10,4721.56,2025-07-12
INV104744,124,2025-05-11,2025-07-10,2893.3,2025-07-27
INV104745,127,2025-05-11,2025-06-10,6310.71,2025-06-05
INV104746,140,2025-05-11,2025-06-10,5613.34,2025-06-28
INV104747,150,2025-05-11,2025-06-10,3161.7,2025-06-10
INV104748,3,2025-05-12,2025-06-11,4961.95,2025-07-14
INV104749,10,2025-05-12,2025-07-11,6847.65,2025-08-01
INV104750,10,2025-05-12,2025-07-11,8382.38,2025-08-03
INV104751,68,2025-05-12,2025-07-11,14314.36,2025-07-10
INV104752,70,2025-05-12,2025-06-11,7616.58,2025-06-12
INV104753,74,2025-05-12,2025-07-11,14609.72,2025-07-01
INV104754,91,2025-05-12,2025-06-11,8717.51,2025-06-09
INV104755,94,2025-05-12,2025-06-11,2366.83,2025-06-18
INV104756,94,2025-05-12,2025-06-11,2788.78,2025-06-10
INV104757,100,2025-05-12,2025-06-11,2691.2,2025-07-05
INV104758,100,2025-05-12,2025-06-11,2697.18,2025-07-03
INV104759,107,2025-05-12,2025-06-11,8590.6,2025-06-04
INV104760,136,2025-05-12,2025-06-11,3303.29,2025-07-04
INV104761,138,2025-05-12,2025-06-11,9336.85,2025-06-12
INV104762,143,2025-05-12,2025-06-11,106681.22,2025-06-09
INV104763,22,2025-05-13,2025-06-12,34384.73,2025-06-13
INV104764,26,2025-05-13,2025-07-12,8754.73,2025-07-20
INV104765,36,2025-05-13,2025-06-12,8205.62,2025-06-08
INV104766,44,2025-05-13,2025-07-12,5268.61,2025-07-10
INV104767,52,2025-05-13,2025-06-12,9523.38,2025-06-29
INV104768,56,2025-05-13,2025-06-12,12825.57,2025-06-14
INV104769,67,2025-05-13,2025-06-12,1917.94,2025-06-02
INV104770,69,2025-05-13,2025-06-12,30640.64,2025-06-22
INV104771,108,2025-05-13,2025-06-12,3748.81,2025-06-09
INV104772,124,2025-05-13,2025-07-12,3070.84,2025-07-17
INV104773,132,2025-05-13,2025-06-12,4485.56,2025-06-07
INV104774,15,2025-05-14,2025-07-13,2804.31,2025-07-24
INV104775,18,2025-05-14,2025-06-13,30673.63,2025-06-14
INV104776,41,2025-05-14,2025-06-13,35777.73,2025-06-22
INV104777,50,2025-05-14,2025-06-13,6301.54,2025-07-31
INV104778,51,2025-05-14,2025-06-13,5008.07,2025-06-12
INV104779,52,2025-05-14,2025-06-13,9892.13,2025-06-03
INV104780,70,2025-05-14,2025-06-13,8845.96,2025-06-19
INV104781,90,2025-05-14,2025-06-13,4108.09,2025-06-15
INV104782,95,2025-05-14,2025-07-13,9745.37,2025-08-09
INV104783,111,2025-05-14,2025-06-13,9341.69,2025-06-12
INV104784,115,2025-05-14,2025-06-13,1832.93,2025-06-21
INV104785,126,2025-05-14,2025-06-13,5144.03,2025-06-16
INV104786,136,2025-05-14,2025-06-13,6187.75,2025-07-20
INV104787,16,2025-05-15,2025-06-14,29375.69,2025-07-06
INV104788,26,2025-05-15,2025-07-14,7932.17,2025-07-16
INV104789,26,2025-05-15,2025-07-14,6509.86,2025-07-15
INV104790,33,2025-05-15,2025-06-14,2917.79,2025-06-11
INV104791,42,2025-05-15,2025-07-14,1729.79,2025-07-14
INV104792,49,2025-05-15,2025-06-14,13979.73,2025-06-04
INV104793,69,2025-05-15,2025-06-14,24829.87,2025-07-06
INV104794,79,2025-05-15,2025-07-14,7836.07,2025-07-08
INV104795,92,2025-05-15,2025-06-14,14286.21,2025-07-22
INV104796,112,2025-05-15,2025-07-14,5370.52,2025-07-17
INV104797,147,2025-05-15,2025-06-14,6449.01,2025-06-08
INV104798,149,2025-05-15,2025-06-14,9611.34,2025-06-20
INV104799,7,2025-05-16,2025-06-15,6333.36,2025-06-24
INV104800,23,2025-05-16,2025-06-15,6805.07,2025-06-23
INV104801,88,2025-05-16,2025-06-15,7409.47,2025-06-19
INV104802,90,2025-05-16,2025-06-15,8016.98,2025-06-14
INV104803,98,2025-05-16,2025-06-15,806.77,2025-07-06
INV104804,119,2025-05-16,2025-07-15,5256.33,2025-08-31
INV104805,133,2025-05-16,2025-06-15,1210.63,2025-06-21
INV104806,144,2025-05-16,2025-06-15,1621.7,2025-06-29
INV104807,1,2025-05-17,2025-06-16,4174.76,2025-06-12
INV104808,6,2025-05-17,2025-06-16,19016.84,2025-07-29
INV104809,10,2025-05-17,2025-07-16,6567.16,2025-07-22
INV104810,24,2025-05-17,2025-06-16,12060.63,2025-06-14
INV104811,113,2025-05-17,2025-07-16,28108.17,2025-07-25
INV104812,119,2025-05-17,2025-07-16,8135.74,2025-07-30
INV104813,128,2025-05-17,2025-06-16,4391.16,2025-06-14
INV104814,139,2025-05-17,2025-06-16,10904.21,2025-06-27
INV104815,49,2025-05-18,2025-06-17,24682.88,2025-07-02
INV104816,53,2025-05-18,2025-07-17,9376.08,2025-07-17
INV104817,77,2025-05-18,2025-06-17,9272.88,2025-06-23
INV104818,81,2025-05-18,2025-06-17,1912.4,2025-06-21
INV104819,104,2025-05-18,2025-06-17,12096.71,2025-08-03
INV104820,126,2025-05-18,2025-06-17,7044.59,2025-07-10
INV104821,127,2025-05-18,2025-06-17,4632.85,2025-06-12
INV104822,135,2025-05-18,2025-06-17,25814.74,2025-06-08
INV104823,136,2025-05-18,2025-06-17,4876.75,2025-07-09
INV104824,14,2025-05-19,2025-06-18,6324.85,2025-06-13
INV104825,19,2025-05-19,2025-06-18,9530.79,2025-06-27
INV104826,22,2025-05-19,2025-06-18,28735.74,2025-06-11
INV104827,24,2025-05-19,2025-06-18,5997.89,2025-06-13
INV104828,62,2025-05-19,2025-07-18,10622.14,2025-08-04
INV104829,71,2025-05-19,2025-06-18,924.32,2025-07-04
INV104830,80,2025-05-19,2025-07-18,12364.55,2025-07-21
INV104831,117,2025-05-19,2025-06-18,15543.32,2025-06-12
INV104832,131,2025-05-19,2025-06-18,3895.27,2025-07-25
INV104833,15,2025-05-20,2025-07-19,6147.93,2025-07-20
INV104834,56,2025-05-20,2025-06-19,3592.41,2025-06-11
INV104835,63,2025-05-20,2025-06-19,2856.77,2025-06-20
INV104836,90,2025-05-20,2025-06-19,14741.67,2025-06-19
INV104837,94,2025-05-20,2025-06-19,2698.23,2025-06-23
INV104838,147,2025-05-20,2025-06-19,3200.98,2025-07-10
INV104839,15,2025-05-21,2025-07-20,4647.27,2025-07-16
INV104840,24,2025-05-21,2025-06-20,5044.69,2025-06-18
INV104841,30,2025-05-21,2025-06-20,3523.14,2025-06-14
INV104842,44,2025-05-21,2025-07-20,6960.65,2025-07-19
INV104843,80,2025-05-21,2025-07-20,10413.88,2025-07-19
INV104844,117,2025-05-21,2025-06-20,13493.7,2025-06-10
INV104845,122,2025-05-21,2025-06-20,1351.77,2025-06-10
INV104846,135,2025-05-21,2025-06-20,32114.31,2025-08-16
INV104847,139,2025-05-21,2025-06-20,20169.92,2025-07-28
INV104848,140,2025-05-21,2025-06-20,2597.21,2025-06-13
INV104849,144,2025-05-21,2025-06-20,2682.84,2025-07-08
INV104850,8,2025-05-22,2025-07-21,3369.99,2025-07-25
INV104851,20,2025-05-22,2025-07-21,19929.84,2025-07-22
INV104852,31,2025-05-22,2025-06-21,4374.24,2025-06-24
INV104853,31,2025-05-22,2025-06-21,3525.67,2025-06-24
INV104854,56,2025-05-22,2025-06-21,12111.74,2025-06-25
INV104855,74,2025-05-22,2025-07-21,8469.9,2025-07-23
INV104856,132,2025-05-22,2025-06-21,2604.81,2025-06-21
INV104857,132,2025-05-22,2025-06-21,4023.14,2025-06-17
INV104858,145,2025-05-22,2025-06-21,34913.25,2025-06-27
INV104859,149,2025-05-22,2025-06-21,6136.84,2025-06-25
INV104860,8,2025-05-23,2025-07-22,3418.65,2025-07-27
INV104861,45,2025-05-23,2025-06-22,3951.73,2025-07-29
INV104862,72,2025-05-23,2025-06-22,2542.5,2025-06-21
INV104863,75,2025-05-23,2025-06-22,3887.85,2025-06-23
INV104864,113,2025-05-23,2025-07-22,16610.05,2025-07-24
INV104865,114,2025-05-23,2025-06-22,5146.35,2025-07-20
INV104866,122,2025-05-23,2025-06-22,1887.37,2025-06-25
INV104867,140,2025-05-23,2025-06-22,5899.34,2025-07-08
INV104868,71,2025-05-24,2025-06-23,757.97,2025-07-21
INV104869,75,2025-05-24,2025-06-23,2366.6,2025-06-27
INV104870,95,2025-05-24,2025-07-23,4182.33,2025-08-03
INV104871,6,2025-05-25,2025-06-24,30376.11,2025-08-01
INV104872,17,2025-05-25,2025-06-24,10787.46,2025-07-05
INV104873,20,2025-05-25,2025-07-24,10057.49,2025-07-20
INV104874,21,2025-05-25,2025-06-24,19670.18,2025-08-11
INV104875,30,2025-05-25,2025-06-24,6148.24,2025-06-17
INV104876,40,2025-05-25,2025-07-24,2614.72,2025-07-27
INV104877,67,2025-05-25,2025-06-24,4705.31,2025-06-25
INV104878,68,2025-05-25,2025-07-24,15859.43,2025-07-20
INV104879,114,2025-05-25,2025-06-24,2986.2,2025-06-22
INV104880,120,2025-05-25,2025-07-24,3096.09,2025-07-27
INV104881,1,2025-05-26,2025-06-25,6197.65,2025-06-28
INV104882,10,2025-05-26,2025-07-25,20283.91,2025-08-15
INV104883,16,2025-05-26,2025-06-25,12219.48,2025-07-05
INV104884,20,2025-05-26,2025-07-25,16394.4,2025-07-25
INV104885,25,2025-05-26,2025-06-25,1880.7,2025-06-28
INV104886,26,2025-05-26,2025-07-25,8538.74,2025-07-31
INV104887,28,2025-05-26,2025-06-25,868.98,2025-07-22
INV104888,30,2025-05-26,2025-06-25,2061.05,2025-06-30
INV104889,43,2025-05-26,2025-07-25,5226.18,2025-07-29
INV104890,51,2025-05-26,2025-06-25,2402.08,2025-07-03
INV104891,81,2025-05-26,2025-06-25,3568.45,2025-06-15
INV104892,93,2025-05-26,2025-06-25,6267.62,2025-07-14
INV104893,93,2025-05-26,2025-06-25,3495.18,2025-07-02
INV104894,106,2025-05-26,2025-06-25,3676.86,2025-06-23
INV104895,121,2025-05-26,2025-06-25,4662.41,2025-06-24
INV104896,135,2025-05-26,2025-06-25,16120.55,2025-07-17
INV104897,25,2025-05-27,2025-06-26,2689.39,2025-07-04
INV104898,37,2025-05-27,2025-06-26,7357.9,2025-06-30
INV104899,46,2025-05-27,2025-07-26,2733.95,2025-07-23
INV104900,48,2025-05-27,2025-07-26,29483.62,2025-07-23
INV104901,56,2025-05-27,2025-06-26,3371.69,2025-06-23
INV104902,67,2025-05-27,2025-06-26,6298.41,2025-07-01
INV104903,71,2025-05-27,2025-06-26,939.55,2025-07-18
INV104904,85,2025-05-27,2025-06-26,2895.79,2025-07-01
INV104905,97,2025-05-27,2025-06-26,5119.1,2025-07-19
INV104906,98,2025-05-27,2025-06-26,725.82,2025-09-02
INV104907,98,2025-05-27,2025-06-26,772.28,2025-09-24
INV104908,114,2025-05-27,2025-06-26,2758.17,2025-07-16
INV104909,122,2025-05-27,2025-06-26,1702.44,2025-06-22
INV104910,126,2025-05-27,2025-06-26,9902.08,2025-07-23
INV104911,138,2025-05-27,2025-06-26,11472.48,2025-07-03
INV104912,11,2025-05-28,2025-06-27,2694.61,2025-06-23
INV104913,25,2025-05-28,2025-06-27,1339.64,2025-06-26
INV104914,27,2025-05-28,2025-06-27,2804.81,2025-06-29
INV104915,42,2025-05-28,2025-07-27,4777.29,2025-07-30
INV104916,45,2025-05-28,2025-06-27,11465.27,2025-07-18
INV104917,61,2025-05-28,2025-06-27,2410.37,2025-07-08
INV104918,82,2025-05-28,2025-06-27,19171.1,2025-08-13
INV104919,120,2025-05-28,2025-07-27,2866.83,2025-07-27
INV104920,144,2025-05-28,2025-06-27,2699.28,2025-07-01
INV104921,2,2025-06-01,2025-07-01,10830.87,2025-07-04
INV104922,5,2025-06-01,2025-07-01,5161.23,2025-07-04
INV104923,46,2025-06-01,2025-07-31,4744.87,2025-08-13
INV104924,53,2025-06-01,2025-07-31,8158.49,2025-07-31
INV104925,62,2025-06-01,2025-07-31,10856.82,2025-07-22
INV104926,99,2025-06-01,2025-07-01,2579.12,2025-07-14
INV104927,101,2025-06-01,2025-07-01,5513.91,2025-07-07
INV104928,124,2025-06-01,2025-07-31,3941.54,2025-08-30
INV104929,145,2025-06-01,2025-07-01,39628.63,2025-07-24
INV104930,1,2025-06-02,2025-07-02,2576.39,2025-07-04
INV104931,7,2025-06-02,2025-07-02,12179.95,2025-07-06
INV104932,26,2025-06-02,2025-08-01,8742.26,2025-08-04
INV104933,41,2025-06-02,2025-07-02,19829.63,2025-07-11
INV104934,53,2025-06-02,2025-08-01,15341.8,2025-07-31
INV104935,81,2025-06-02,2025-07-02,3408.72,2025-07-02
INV104936,120,2025-06-02,2025-08-01,8054.88,2025-07-31
INV104937,137,2025-06-02,2025-08-01,4129.09,2025-08-23
INV104938,138,2025-06-02,2025-07-02,3631.5,2025-06-29
INV104939,138,2025-06-02,2025-07-02,11748.36,2025-07-05
INV104940,150,2025-06-02,2025-07-02,6655.12,2025-07-02
INV104941,7,2025-06-03,2025-07-03,17280.38,2025-07-01
INV104942,22,2025-06-03,2025-07-03,28831.46,2025-07-03
INV104943,27,2025-06-03,2025-07-03,5039.4,2025-07-03
INV104944,32,2025-06-03,2025-07-03,11227.26,2025-07-07
INV104945,49,2025-06-03,2025-07-03,5523.93,2025-07-03
INV104946,58,2025-06-03,2025-07-03,6490.96,2025-07-06
INV104947,64,2025-06-03,2025-07-03,4742.41,2025-07-01
INV104948,68,2025-06-03,2025-08-02,13425.45,2025-08-04
INV104949,70,2025-06-03,2025-07-03,4357.14,2025-07-07
INV104950,79,2025-06-03,2025-08-02,8330.34,2025-08-02
INV104951,124,2025-06-03,2025-08-02,3663.23,2025-08-25
INV104952,132,2025-06-03,2025-07-03,3630.85,2025-07-09
INV104953,141,2025-06-03,2025-07-03,1121.82,2025-07-02
INV104954,141,2025-06-03,2025-07-03,2620.55,2025-07-04
INV104955,142,2025-06-03,2025-07-03,894.86,2025-07-12
INV104956,143,2025-06-03,2025-07-03,111031.56,2025-07-11
INV104957,5,2025-06-04,2025-07-04,1931.46,2025-07-06
INV104958,9,2025-06-04,2025-07-04,5670.92,2025-07-27
INV104959,12,2025-06-04,2025-07-04,4594.96,2025-07-02
INV104960,29,2025-06-04,2025-07-04,2684.22,2025-07-21
INV104961,37,2025-06-04,2025-07-04,7673.81,2025-07-07
INV104962,39,2025-06-04,2025-07-04,9012.76,2025-08-13
INV104963,48,2025-06-04,2025-08-03,20014.31,2025-08-05
INV104964,53,2025-06-04,2025-08-03,11371.93,2025-08-06
INV104965,84,2025-06-04,2025-07-04,10040.25,2025-07-11
INV104966,96,2025-06-04,2025-07-04,13685.2,2025-08-03
INV104967,108,2025-06-04,2025-07-04,4639.08,2025-07-03
INV104968,117,2025-06-04,2025-07-04,6835.46,2025-07-14
INV104969,133,2025-06-04,2025-07-04,1024.39,2025-07-12
INV104970,134,2025-06-04,2025-07-04,4391.03,2025-07-08
INV104971,136,2025-06-04,2025-07-04,3157.85,2025-08-17
INV104972,136,2025-06-04,2025-07-04,3494.73,2025-09-02
INV104973,143,2025-06-04,2025-07-04,56218.17,2025-07-06
INV104974,3,2025-06-05,2025-07-05,2986.52,2025-07-25
INV104975,10,2025-06-05,2025-08-04,6566.17,2025-08-22
INV104976,10,2025-06-05,2025-08-04,6637.08,2025-08-23
INV104977,46,2025-06-05,2025-08-04,3689.4,2025-08-02
INV104978,52,2025-06-05,2025-07-05,4476.62,2025-07-20
INV104979,53,2025-06-05,2025-08-04,6161.27,2025-08-03
INV104980,58,2025-06-05,2025-07-05,4993.72,2025-07-12
INV104981,64,2025-06-05,2025-07-05,7625.16,2025-07-11
INV104982,67,2025-06-05,2025-07-05,3915.68,2025-06-27
INV104983,72,2025-06-05,2025-07-05,3471.86,2025-07-10
INV104984,77,2025-06-05,2025-07-05,17004.05,2025-07-18
INV104985,87,2025-06-05,2025-07-05,3102.46,2025-08-09
INV104986,97,2025-06-05,2025-07-05,5230.29,2025-08-02
INV104987,104,2025-06-05,2025-07-05,16220.76,2025-07-26
INV104988,108,2025-06-05,2025-07-05,3575.27,2025-07-04
INV104989,111,2025-06-05,2025-07-05,15661.02,2025-07-02
INV104990,114,2025-06-05,2025-07-05,4419.34,2025-07-25
INV104991,143,2025-06-05,2025-07-05,47464.92,2025-07-10
INV104992,143,2025-06-05,2025-07-05,70528.96,2025-07-04
INV104993,5,2025-06-06,2025-07-06,2046.77,2025-07-11
INV104994,8,2025-06-06,2025-08-05,2302.89,2025-08-08
INV104995,59,2025-06-06,2025-07-06,3316.58,2025-07-06
INV104996,62,2025-06-06,2025-08-05,8602.06,2025-08-17
INV104997,107,2025-06-06,2025-07-06,6317.96,2025-07-08
INV104998,113,2025-06-06,2025-08-05,13390.03,2025-08-07
INV104999,125,2025-06-06,2025-08-05,2925.94,2025-08-11
INV105000,144,2025-06-06,2025-07-06,1710.91,2025-07-24
INV105001,5,2025-06-07,2025-07-07,5202.26,2025-07-12
INV105002,15,2025-06-07,2025-08-06,8093.06,2025-08-24
INV105003,25,2025-06-07,2025-07-07,3004.03,2025-07-03
INV105004,37,2025-06-07,2025-07-07,6387.71,2025-07-28
INV105005,46,2025-06-07,2025-08-06,3104.59,2025-08-31
INV105006,55,2025-06-07,2025-07-07,7209.44,2025-08-10
INV105007,63,2025-06-07,2025-07-07,5198.3,2025-07-11
INV105008,66,2025-06-07,2025-07-07,10669.92,2025-07-18
INV105009,79,2025-06-07,2025-08-06,5012.2,2025-08-07
INV105010,112,2025-06-07,2025-08-06,6322.33,2025-08-05
INV105011,114,2025-06-07,2025-07-07,10833.53,2025-08-11
INV105012,147,2025-06-07,2025-07-07,5357.97,2025-07-25
INV105013,57,2025-06-08,2025-08-07,4255.01,2025-08-09
INV105014,61,2025-06-08,2025-07-08,1667.15,2025-07-11
INV105015,73,2025-06-08,2025-07-08,6457.59,2025-07-09
INV105016,79,2025-06-08,2025-08-07,3265.94,2025-08-09
INV105017,108,2025-06-08,2025-07-08,1733.97,2025-07-14
INV105018,116,2025-06-08,2025-07-08,4693.25,2025-07-06
INV105019,135,2025-06-08,2025-07-08,23340.14,2025-07-06
INV105020,143,2025-06-08,2025-07-08,79133.15,2025-07-09
INV105021,148,2025-06-08,2025-08-07,9780.59,2025-08-15
INV105022,11,2025-06-09,2025-07-09,2011.51,2025-07-06
INV105023,26,2025-06-09,2025-08-08,7176.11,2025-08-18
INV105024,57,2025-06-09,2025-08-08,7315.61,2025-08-11
INV105025,75,2025-06-09,2025-07-09,4513.06,2025-07-06
INV105026,79,2025-06-09,2025-08-08,4636.82,2025-08-08
INV105027,124,2025-06-09,2025-08-08,3434.1,2025-09-10
INV105028,128,2025-06-09,2025-07-09,2234.71,2025-07-07
INV105029,145,2025-06-09,2025-07-09,100118.52,2025-08-07
INV105030,147,2025-06-09,2025-07-09,6267.73,2025-07-27
INV105031,5,2025-06-10,2025-07-10,3685.14,2025-06-30
INV105032,5,2025-06-10,2025-07-10,3798.97,2025-07-12
INV105033,22,2025-06-10,2025-07-10,18566.91,2025-07-10
INV105034,36,2025-06-10,2025-07-10,6432.85,2025-07-12
INV105035,38,2025-06-10,2025-07-10,5836.4,2025-07-08
INV105036,45,2025-06-10,2025-07-10,3810.82,2025-08-20
INV105037,46,2025-06-10,2025-08-09,2041.58,2025-08-23
INV105038,53,2025-06-10,2025-08-09,6768.04,2025-08-10
INV105039,84,2025-06-10,2025-07-10,17509.13,2025-07-19
INV105040,93,2025-06-10,2025-07-10,5760.31,2025-07-06
INV105041,109,2025-06-10,2025-08-09,12897.78,2025-08-28
INV105042,114,2025-06-10,2025-07-10,6636.04,2025-07-15
INV105043,128,2025-06-10,2025-07-10,3535.76,2025-07-13
INV105044,149,2025-06-10,2025-07-10,12561.27,2025-08-10
INV105045,7,2025-06-11,2025-07-11,10823.68,2025-07-21
INV105046,11,2025-06-11,2025-07-11,2180.79,2025-07-11
INV105047,22,2025-06-11,2025-07-11,12768.19,2025-07-18
INV105048,53,2025-06-11,2025-08-10,6098.52,2025-08-07
INV105049,102,2025-06-11,2025-07-11,25133.68,2025-07-14
INV105050,107,2025-06-11,2025-07-11,8613.32,2025-07-16
INV105051,117,2025-06-11,2025-07-11,13128.45,2025-07-08
INV105052,121,2025-06-11,2025-07-11,18208.82,2025-07-14
INV105053,141,2025-06-11,2025-07-11,2486.26,2025-07-16
INV105054,30,2025-06-12,2025-07-12,2698.85,2025-07-17
INV105055,65,2025-06-12,2025-07-12,2251.05,2025-08-10
INV105056,65,2025-06-12,2025-07-12,1779.57,2025-07-13
INV105057,66,2025-06-12,2025-07-12,4263.16,2025-07-05
INV105058,68,2025-06-12,2025-08-11,22621.35,2025-08-11
INV105059,90,2025-06-12,2025-07-12,11556.19,2025-07-16
INV105060,129,2025-06-12,2025-07-12,11462.51,2025-07-11
INV105061,36,2025-06-13,2025-07-13,10289.83,2025-07-11
INV105062,40,2025-06-13,2025-08-12,3681.36,2025-08-08
INV105063,57,2025-06-13,2025-08-12,5492.73,2025-08-16
INV105064,88,2025-06-13,2025-07-13,6376.28,2025-07-15
INV105065,88,2025-06-13,2025-07-13,9242.84,2025-07-13
INV105066,106,2025-06-13,2025-07-13,4082.4,2025-07-04
INV105067,123,2025-06-13,2025-08-12,4426.48,2025-08-11
INV105068,127,2025-06-13,2025-07-13,7506.94,2025-07-19
INV105069,150,2025-06-13,2025-07-13,3423.55,2025-07-11
INV105070,32,2025-06-14,2025-07-14,14014.46,2025-07-29
INV105071,65,2025-06-14,2025-07-14,1792.07,2025-08-22
INV105072,79,2025-06-14,2025-08-13,5290.42,2025-09-07
INV105073,93,2025-06-14,2025-07-14,4709.46,2025-07-28
INV105074,99,2025-06-14,2025-07-14,2635.1,2025-07-23
INV105075,109,2025-06-14,2025-08-13,9808.14,2025-10-08
INV105076,110,2025-06-14,2025-07-14,4370.81,2025-07-22
INV105077,130,2025-06-14,2025-07-14,2811.67,2025-07-17
INV105078,139,2025-06-14,2025-07-14,18318.7,2025-07-27
INV105079,14,2025-06-15,2025-07-15,3590.13,2025-07-15
INV105080,22,2025-06-15,2025-07-15,30000.63,2025-07-12
INV105081,40,2025-06-15,2025-08-14,6674.77,2025-08-23
INV105082,47,2025-06-15,2025-07-15,10892.86,2025-07-16
INV105083,50,2025-06-15,2025-07-15,10353.99,2025-09-25
INV105084,26,2025-06-16,2025-08-15,8979.47,2025-08-13
INV105085,56,2025-06-16,2025-07-16,17720.31,2025-07-30
INV105086,60,2025-06-16,2025-07-16,8963.72,2025-07-11
INV105087,100,2025-06-16,2025-07-16,2991.87,2025-07-31
INV105088,119,2025-06-16,2025-08-15,8151.82,2025-08-25
INV105089,139,2025-06-16,2025-07-16,19722.35,2025-08-21
INV105090,145,2025-06-16,2025-07-16,42495.19,2025-07-22
INV105091,10,2025-06-17,2025-08-16,6158.36,2025-09-09
INV105092,12,2025-06-17,2025-07-17,2602.79,2025-07-19
INV105093,19,2025-06-17,2025-07-17,18157.36,2025-08-11
INV105094,28,2025-06-17,2025-07-17,1347.93,2025-08-16
INV105095,31,2025-06-17,2025-07-17,2321.38,2025-07-15
INV105096,84,2025-06-17,2025-07-17,9317.24,2025-07-21
INV105097,92,2025-06-17,2025-07-17,8216.97,2025-07-31
INV105098,113,2025-06-17,2025-08-16,13501.74,2025-08-16
INV105099,120,2025-06-17,2025-08-16,2256.15,2025-08-16
INV105100,126,2025-06-17,2025-07-17,5625.29,2025-07-19
INV105101,144,2025-06-17,2025-07-17,2171.31,2025-08-03
INV105102,15,2025-06-18,2025-08-17,2432.26,2025-08-25
INV105103,18,2025-06-18,2025-07-18,28644.93,2025-07-15
INV105104,39,2025-06-18,2025-07-18,12374.64,2025-10-19
INV105105,75,2025-06-18,2025-07-18,3976.25,2025-07-17
INV105106,103,2025-06-18,2025-07-18,8296.62,2025-08-17
INV105107,127,2025-06-18,2025-07-18,4722.78,2025-07-20
INV105108,129,2025-06-18,2025-07-18,7058.24,2025-07-17
INV105109,131,2025-06-18,2025-07-18,8018.78,2025-08-20
INV105110,143,2025-06-18,2025-07-18,31736.15,2025-07-23
INV105111,9,2025-06-19,2025-07-19,8424.04,2025-09-05
INV105112,12,2025-06-19,2025-07-19,1660.75,2025-07-23
INV105113,22,2025-06-19,2025-07-19,32686.08,2025-07-23
INV105114,32,2025-06-19,2025-07-19,16999.8,2025-07-16
INV105115,39,2025-06-19,2025-07-19,4154.36,2025-08-10
INV105116,48,2025-06-19,2025-08-18,34182.85,2025-08-21
INV105117,86,2025-06-19,2025-07-19,5092.05,2025-07-18
INV105118,95,2025-06-19,2025-08-18,12259.23,2025-09-24
INV105119,100,2025-06-19,2025-07-19,3968.98,2025-08-02
INV105120,124,2025-06-19,2025-08-18,2654.24,2025-09-03
INV105121,136,2025-06-19,2025-07-19,2028.16,
INV105122,22,2025-06-20,2025-07-20,26294.76,2025-07-22
INV105123,39,2025-06-20,2025-07-20,8545.28,2025-07-10
INV105124,54,2025-06-20,2025-08-19,3485.43,2025-08-15
INV105125,75,2025-06-20,2025-07-20,3798.59,2025-07-28
INV105126,81,2025-06-20,2025-07-20,1883.17,2025-07-26
INV105127,90,2025-06-20,2025-07-20,23337.13,2025-07-30
INV105128,101,2025-06-20,2025-07-20,8107.43,2025-07-25
INV105129,104,2025-06-20,2025-07-20,14748.72,2025-08-07
INV105130,107,2025-06-20,2025-07-20,9154.28,2025-07-23
INV105131,111,2025-06-20,2025-07-20,7702.77,2025-07-20
INV105132,115,2025-06-20,2025-07-20,1999.27,2025-08-16
INV105133,133,2025-06-20,2025-07-20,1866.99,2025-07-21
INV105134,136,2025-06-20,2025-07-20,2197.99,2025-08-14
INV105135,12,2025-06-21,2025-07-21,2211.84,2025-07-19
INV105136,24,2025-06-21,2025-07-21,4028.07,2025-07-27
INV105137,31,2025-06-21,2025-07-21,6478.94,2025-07-26
INV105138,33,2025-06-21,2025-07-21,4203.54,2025-07-16
INV105139,50,2025-06-21,2025-07-21,3537.13,2025-08-18
INV105140,62,2025-06-21,2025-08-20,12289.62,2025-09-27
INV105141,67,2025-06-21,2025-07-21,2709.56,2025-07-21
INV105142,70,2025-06-21,2025-07-21,6662.47,2025-07-30
INV105143,150,2025-06-21,2025-07-21,7565.47,2025-07-29
INV105144,16,2025-06-22,2025-07-22,22913.32,2025-08-02
INV105145,35,2025-06-22,2025-07-22,2994.89,2025-07-23
INV105146,70,2025-06-22,2025-07-22,8730.53,2025-07-25
INV105147,78,2025-06-22,2025-07-22,857.07,2025-08-06
INV105148,82,2025-06-22,2025-07-22,12624.35,2025-09-14
INV105149,91,2025-06-22,2025-07-22,4492.1,2025-07-16
INV105150,99,2025-06-22,2025-07-22,1388.86,2025-07-26
INV105151,145,2025-06-22,2025-07-22,32205.52,2025-08-06
INV105152,147,2025-06-22,2025-07-22,7565.44,2025-08-02
INV105153,3,2025-06-23,2025-07-23,2485.14,2025-08-15
INV105154,28,2025-06-23,2025-07-23,1015.4,2025-08-28
INV105155,34,2025-06-23,2025-07-23,6106.09,2025-08-08
INV105156,53,2025-06-23,2025-08-22,3906.0,2025-08-22
INV105157,65,2025-06-23,2025-07-23,1188.98,2025-08-12
INV105158,96,2025-06-23,2025-07-23,21329.41,2025-08-15
INV105159,111,2025-06-23,2025-07-23,8858.19,2025-07-25
INV105160,116,2025-06-23,2025-07-23,8163.12,2025-07-22
INV105161,116,2025-06-23,2025-07-23,4790.36,2025-07-28
INV105162,119,2025-06-23,2025-08-22,4661.51,2025-09-21
INV105163,121,2025-06-23,2025-07-23,16346.32,2025-07-19
INV105164,132,2025-06-23,2025-07-23,2763.89,2025-07-26
INV105165,145,2025-06-23,2025-07-23,30922.24,2025-08-13
INV105166,10,2025-06-24,2025-08-23,3990.5,2025-09-20
INV105167,28,2025-06-24,2025-07-24,5107.78,2025-08-26
INV105168,30,2025-06-24,2025-07-24,3852.56,2025-07-29
INV105169,62,2025-06-24,2025-08-23,25364.18,2025-09-24
INV105170,73,2025-06-24,2025-07-24,7575.65,2025-07-21
INV105171,75,2025-06-24,2025-07-24,4836.66,2025-07-28
INV105172,86,2025-06-24,2025-07-24,5948.32,2025-07-27
INV105173,95,2025-06-24,2025-08-23,10166.41,2025-09-17
INV105174,104,2025-06-24,2025-07-24,13723.42,2025-08-08
INV105175,116,2025-06-24,2025-07-24,12826.2,2025-07-27
INV105176,123,2025-06-24,2025-08-23,9884.11,2025-08-28
INV105177,128,2025-06-24,2025-07-24,6997.87,2025-08-03
INV105178,150,2025-06-24,2025-07-24,4087.13,2025-07-23
INV105179,4,2025-06-25,2025-08-24,5043.66,2025-08-24
INV105180,45,2025-06-25,2025-07-25,3585.75,2025-10-05
INV105181,97,2025-06-25,2025-07-25,6942.0,2025-08-16
INV105182,97,2025-06-25,2025-07-25,9913.35,2025-08-18
INV105183,99,2025-06-25,2025-07-25,1326.68,2025-08-06
INV105184,106,2025-06-25,2025-07-25,3031.38,2025-08-02
INV105185,129,2025-06-25,2025-07-25,9837.88,2025-07-19
INV105186,133,2025-06-25,2025-07-25,809.48,2025-07-30
INV105187,137,2025-06-25,2025-08-24,5639.95,2025-09-01
INV105188,143,2025-06-25,2025-07-25,117469.86,2025-07-26
INV105189,20,2025-06-26,2025-08-25,16120.8,2025-09-04
INV105190,20,2025-06-26,2025-08-25,12925.08,2025-08-23
INV105191,21,2025-06-26,2025-07-26,15955.68,2025-09-12
INV105192,22,2025-06-26,2025-07-26,24935.25,2025-07-24
INV105193,27,2025-06-26,2025-07-26,2639.5,2025-07-25
INV105194,34,2025-06-26,2025-07-26,7620.46,2025-08-27
INV105195,39,2025-06-26,2025-07-26,4969.18,2025-08-11
INV105196,54,2025-06-26,2025-08-25,14144.2,2025-09-07
INV105197,66,2025-06-26,2025-07-26,9297.73,2025-07-17
INV105198,72,2025-06-26,2025-07-26,2422.38,2025-07-25
INV105199,73,2025-06-26,2025-07-26,8131.95,2025-07-24
INV105200,74,2025-06-26,2025-08-25,19912.77,2025-08-26
INV105201,95,2025-06-26,2025-08-25,4860.86,2025-09-04
INV105202,122,2025-06-26,2025-07-26,2480.73,2025-07-29
INV105203,128,2025-06-26,2025-07-26,3197.0,2025-07-25
INV105204,3,2025-06-27,2025-07-27,8028.32,2025-08-27
INV105205,4,2025-06-27,2025-08-26,6589.34,2025-08-17
INV105206,7,2025-06-27,2025-07-27,7114.62,2025-07-30
INV105207,16,2025-06-27,2025-07-27,20292.68,2025-08-22
INV105208,52,2025-06-27,2025-07-27,7245.67,2025-08-16
INV105209,52,2025-06-27,2025-07-27,3768.0,2025-08-08
INV105210,67,2025-06-27,2025-07-27,7863.71,2025-08-06
INV105211,88,2025-06-27,2025-07-27,5282.77,2025-08-01
INV105212,110,2025-06-27,2025-07-27,7741.52,2025-08-06
INV105213,111,2025-06-27,2025-07-27,9878.73,2025-07-28
INV105214,117,2025-06-27,2025-07-27,10143.23,2025-08-04
INV105215,130,2025-06-27,2025-07-27,8812.24,2025-08-01
INV105216,136,2025-06-27,2025-07-27,1212.93,2025-10-02
INV105217,142,2025-06-27,2025-07-27,815.29,2025-07-23
INV105218,142,2025-06-27,2025-07-27,385.84,2025-07-27
INV105219,2,2025-06-28,2025-07-28,14485.68,2025-07-27
INV105220,3,2025-06-28,2025-07-28,2244.51,2025-08-15
INV105221,11,2025-06-28,2025-07-28,3805.41,2025-08-09
INV105222,52,2025-06-28,2025-07-28,7886.66,2025-08-08
INV105223,64,2025-06-28,2025-07-28,4302.2,2025-08-02
INV105224,80,2025-06-28,2025-08-27,17918.02,2025-08-26
INV105225,87,2025-06-28,2025-07-28,2661.63,2025-08-16
INV105226,91,2025-06-28,2025-07-28,5081.15,2025-07-19
INV105227,97,2025-06-28,2025-07-28,20551.57,2025-08-10
INV105228,105,2025-06-28,2025-07-28,2682.74,2025-09-06
INV105229,116,2025-06-28,2025-07-28,7265.77,2025-07-26
INV105230,134,2025-06-28,2025-07-28,11731.04,2025-07-31
INV105231,137,2025-06-28,2025-08-27,9314.37,2025-09-01
INV105232,145,2025-06-28,2025-07-28,31243.84,2025-08-23
INV105233,25,2025-07-01,2025-07-31,872.4,2025-08-04
INV105234,38,2025-07-01,2025-07-31,23041.4,2025-08-09
INV105235,42,2025-07-01,2025-08-30,4436.68,2025-08-30
INV105236,50,2025-07-01,2025-07-31,9739.37,2025-08-09
INV105237,78,2025-07-01,2025-07-31,1050.47,2025-08-27
INV105238,81,2025-07-01,2025-07-31,3119.01,2025-08-07
INV105239,90,2025-07-01,2025-07-31,12219.75,2025-07-30
INV105240,98,2025-07-01,2025-07-31,493.55,2025-10-01
INV105241,99,2025-07-01,2025-07-31,3206.49,2025-07-25
INV105242,101,2025-07-01,2025-07-31,12645.92,2025-07-29
INV105243,105,2025-07-01,2025-07-31,4667.12,2025-08-06
INV105244,111,2025-07-01,2025-07-31,19093.99,2025-08-04
INV105245,111,2025-07-01,2025-07-31,4814.36,2025-08-06
INV105246,111,2025-07-01,2025-07-31,13674.25,2025-07-30
INV105247,5,2025-07-02,2025-08-01,2050.77,2025-07-27
INV105248,38,2025-07-02,2025-08-01,15290.22,2025-08-02
INV105249,50,2025-07-02,2025-08-01,21229.19,2025-09-10
INV105250,73,2025-07-02,2025-08-01,8431.98,2025-08-05
INV105251,78,2025-07-02,2025-08-01,683.3,2025-08-21
INV105252,100,2025-07-02,2025-08-01,4469.28,2025-08-12
INV105253,112,2025-07-02,2025-08-31,6441.56,2025-08-31
INV105254,136,2025-07-02,2025-08-01,2557.39,2025-09-26
INV105255,143,2025-07-02,2025-08-01,145825.63,2025-07-28
INV105256,10,2025-07-03,2025-09-01,4334.61,2025-09-12
INV105257,21,2025-07-03,2025-08-02,17133.88,2025-09-12
INV105258,34,2025-07-03,2025-08-02,8354.22,2025-09-01
INV105259,36,2025-07-03,2025-08-02,7718.16,2025-08-02
INV105260,36,2025-07-03,2025-08-02,6808.88,2025-07-27
INV105261,63,2025-07-03,2025-08-02,3827.7,2025-07-29
INV105262,63,2025-07-03,2025-08-02,6121.38,2025-08-03
INV105263,75,2025-07-03,2025-08-02,2817.56,2025-08-03
INV105264,80,2025-07-03,2025-09-01,18017.11,2025-08-24
INV105265,90,2025-07-03,2025-08-02,8649.97,2025-07-25
INV105266,93,2025-07-03,2025-08-02,9649.6,2025-07-27
INV105267,99,2025-07-03,2025-08-02,1038.57,2025-08-06
INV105268,115,2025-07-03,2025-08-02,1666.13,2025-08-28
INV105269,127,2025-07-03,2025-08-02,6011.4,2025-08-03
INV105270,132,2025-07-03,2025-08-02,1867.35,2025-07-28
INV105271,148,2025-07-03,2025-09-01,4602.12,2025-09-09
INV105272,149,2025-07-03,2025-08-02,11081.42,2025-08-25
INV105273,46,2025-07-04,2025-09-02,3789.9,2025-10-06
INV105274,77,2025-07-04,2025-08-03,16409.13,2025-07-26
INV105275,79,2025-07-04,2025-09-02,12214.85,2025-09-01
INV105276,84,2025-07-04,2025-08-03,13017.27,2025-08-04
INV105277,90,2025-07-04,2025-08-03,8074.41,2025-08-05
INV105278,2,2025-07-05,2025-08-04,9365.27,2025-08-13
INV105279,2,2025-07-05,2025-08-04,5756.42,2025-08-09
INV105280,60,2025-07-05,2025-08-04,5637.85,2025-08-06
INV105281,72,2025-07-05,2025-08-04,2120.12,2025-07-31
INV105282,98,2025-07-05,2025-08-04,772.42,2025-09-30
INV105283,106,2025-07-05,2025-08-04,1532.54,2025-08-04
INV105284,108,2025-07-05,2025-08-04,4068.4,2025-08-02
INV105285,110,2025-07-05,2025-08-04,3334.99,2025-07-29
INV105286,120,2025-07-05,2025-09-03,1177.42,2025-09-06
INV105287,122,2025-07-05,2025-08-04,2863.04,2025-08-08
INV105288,125,2025-07-05,2025-09-03,4004.67,2025-09-02
INV105289,146,2025-07-05,2025-08-04,22043.32,2025-09-01
INV105290,2,2025-07-06,2025-08-05,14195.55,2025-08-07
INV105291,17,2025-07-06,2025-08-05,19067.29,2025-08-19
INV105292,33,2025-07-06,2025-08-05,6122.6,2025-08-02
INV105293,50,2025-07-06,2025-08-05,10257.1,2025-10-13
INV105294,70,2025-07-06,2025-08-05,9751.03,2025-08-02
INV105295,102,2025-07-06,2025-08-05,15313.63,2025-08-04
INV105296,120,2025-07-06,2025-09-04,2348.33,2025-09-04
INV105297,120,2025-07-06,2025-09-04,3378.21,2025-09-01
INV105298,127,2025-07-06,2025-08-05,4562.47,2025-08-06
INV105299,18,2025-07-07,2025-08-06,66627.99,2025-08-14
INV105300,21,2025-07-07,2025-08-06,7185.23,2025-09-21
INV105301,117,2025-07-07,2025-08-06,8525.55,2025-08-10
INV105302,125,2025-07-07,2025-09-05,3788.8,2025-09-13
INV105303,129,2025-07-07,2025-08-06,14349.55,2025-08-04
INV105304,130,2025-07-07,2025-08-06,8063.17,2025-08-11
INV105305,146,2025-07-07,2025-08-06,21588.54,2025-08-25
INV105306,2,2025-07-08,2025-08-07,14470.0,2025-08-11
INV105307,17,2025-07-08,2025-08-07,17138.1,2025-09-02
INV105308,21,2025-07-08,2025-08-07,9702.96,2025-08-12
INV105309,31,2025-07-08,2025-08-07,6820.62,2025-08-09
INV105310,39,2025-07-08,2025-08-07,5866.96,2025-10-12
INV105311,43,2025-07-08,2025-09-06,4585.78,2025-08-29
INV105312,58,2025-07-08,2025-08-07,6958.53,2025-08-13
INV105313,63,2025-07-08,2025-08-07,5363.2,2025-08-03
INV105314,69,2025-07-08,2025-08-07,10250.43,2025-08-28
INV105315,73,2025-07-08,2025-08-07,10016.91,2025-08-12
INV105316,89,2025-07-08,2025-08-07,4359.44,2025-08-12
INV105317,93,2025-07-08,2025-08-07,5890.99,2025-08-14
INV105318,101,2025-07-08,2025-08-07,8747.98,2025-08-07
INV105319,105,2025-07-08,2025-08-07,2924.97,2025-08-18
INV105320,107,2025-07-08,2025-08-07,4804.33,2025-08-04
INV105321,121,2025-07-08,2025-08-07,18134.83,2025-08-12
INV105322,13,2025-07-09,2025-08-08,5069.48,2025-08-17
INV105323,15,2025-07-09,2025-09-07,4724.91,2025-09-06
INV105324,16,2025-07-09,2025-08-08,22079.75,2025-08-22
INV105325,30,2025-07-09,2025-08-08,6927.54,2025-08-14
INV105326,47,2025-07-09,2025-08-08,16503.33,2025-08-11
INV105327,63,2025-07-09,2025-08-08,6211.51,2025-08-06
INV105328,80,2025-07-09,2025-09-07,19470.19,2025-09-03
INV105329,82,2025-07-09,2025-08-08,32835.68,2025-11-04
INV105330,85,2025-07-09,2025-08-08,8077.29,2025-08-05
INV105331,93,2025-07-09,2025-08-08,2251.72,2025-09-07
INV105332,137,2025-07-09,2025-09-07,7674.28,2025-10-03
INV105333,7,2025-07-10,2025-08-09,8886.26,2025-08-08
INV105334,17,2025-07-10,2025-08-09,19968.64,2025-09-17
INV105335,26,2025-07-10,2025-09-08,9413.8,2025-09-13
INV105336,45,2025-07-10,2025-08-09,2402.29,2025-10-14
INV105337,45,2025-07-10,2025-08-09,6171.99,2025-09-07
INV105338,53,2025-07-10,2025-09-08,6313.6,2025-09-06
INV105339,67,2025-07-10,2025-08-09,1809.78,2025-08-07
INV105340,68,2025-07-10,2025-09-08,21047.88,2025-09-08
INV105341,73,2025-07-10,2025-08-09,10346.78,2025-08-13
INV105342,77,2025-07-10,2025-08-09,12569.98,2025-08-04
INV105343,87,2025-07-10,2025-08-09,723.96,2025-08-22
INV105344,92,2025-07-10,2025-08-09,15770.34,2025-08-14
INV105345,113,2025-07-10,2025-09-08,18191.02,2025-09-12
INV105346,132,2025-07-10,2025-08-09,2148.27,2025-08-06
INV105347,147,2025-07-10,2025-08-09,3323.58,2025-08-08
INV105348,21,2025-07-11,2025-08-10,15964.71,2025-10-03
INV105349,54,2025-07-11,2025-09-09,4354.16,2025-09-16
INV105350,59,2025-07-11,2025-08-10,2234.6,2025-08-13
INV105351,65,2025-07-11,2025-08-10,1517.22,2025-08-31
INV105352,76,2025-07-11,2025-08-10,13593.27,2025-08-16
INV105353,78,2025-07-11,2025-08-10,553.17,2025-08-24
INV105354,85,2025-07-11,2025-08-10,7194.66,2025-08-17
INV105355,112,2025-07-11,2025-09-09,3357.87,2025-09-12
INV105356,112,2025-07-11,2025-09-09,4369.05,2025-09-14
INV105357,141,2025-07-11,2025-08-10,3644.16,2025-08-15
INV105358,30,2025-07-12,2025-08-11,4052.76,2025-08-07
INV105359,34,2025-07-12,2025-08-11,8219.38,2025-09-04
INV105360,55,2025-07-12,2025-08-11,9022.49,2025-08-10
INV105361,63,2025-07-12,2025-08-11,6708.2,2025-08-09
INV105362,88,2025-07-12,2025-08-11,5893.43,2025-08-19
INV105363,89,2025-07-12,2025-08-11,5519.38,2025-08-10
INV105364,101,2025-07-12,2025-08-11,11148.37,2025-08-18
INV105365,111,2025-07-12,2025-08-11,5725.36,2025-08-03
INV105366,148,2025-07-12,2025-09-10,6776.27,2025-09-14
INV105367,5,2025-07-13,2025-08-12,3402.98,2025-08-20
INV105368,6,2025-07-13,2025-08-12,14069.52,2025-10-10
INV105369,59,2025-07-13,2025-08-12,5830.47,2025-08-18
INV105370,86,2025-07-13,2025-08-12,3654.67,2025-08-09
INV105371,91,2025-07-13,2025-08-12,12375.28,2025-08-14
INV105372,106,2025-07-13,2025-08-12,4197.64,2025-08-11
INV105373,118,2025-07-13,2025-08-12,5611.98,2025-08-02
INV105374,118,2025-07-13,2025-08-12,5203.6,2025-08-12
INV105375,121,2025-07-13,2025-08-12,25451.35,2025-08-19
INV105376,122,2025-07-13,2025-08-12,2280.99,2025-08-12
INV105377,122,2025-07-13,2025-08-12,4153.76,2025-08-22
INV105378,143,2025-07-13,2025-08-12,26339.86,2025-08-15
INV105379,145,2025-07-13,2025-08-12,101011.76,2025-09-05
INV105380,34,2025-07-14,2025-08-13,5396.73,2025-09-01
INV105381,59,2025-07-14,2025-08-13,3094.15,2025-08-08
INV105382,92,2025-07-14,2025-08-13,8021.55,2025-09-13
INV105383,94,2025-07-14,2025-08-13,4799.68,2025-08-09
INV105384,99,2025-07-14,2025-08-13,1644.9,2025-08-18
INV105385,109,2025-07-14,2025-09-12,9385.12,2025-09-14
INV105386,132,2025-07-14,2025-08-13,3470.89,2025-08-19
INV105387,146,2025-07-14,2025-08-13,17879.35,2025-08-18
INV105388,2,2025-07-15,2025-08-14,5258.89,2025-08-10
INV105389,13,2025-07-15,2025-08-14,5476.75,2025-09-04
INV105390,14,2025-07-15,2025-08-14,3376.18,2025-08-25
INV105391,17,2025-07-15,2025-08-14,15670.48,2025-09-18
INV105392,21,2025-07-15,2025-08-14,21187.16,2025-09-09
INV105393,30,2025-07-15,2025-08-14,3828.21,2025-08-15
INV105394,51,2025-07-15,2025-08-14,2907.92,2025-08-15
INV105395,65,2025-07-15,2025-08-14,1143.75,2025-09-19
INV105396,73,2025-07-15,2025-08-14,5696.76,2025-08-22
INV105397,82,2025-07-15,2025-08-14,10637.35,2025-08-06
INV105398,86,2025-07-15,2025-08-14,8202.53,2025-08-09
INV105399,100,2025-07-15,2025-08-14,3631.46,2025-09-06
INV105400,116,2025-07-15,2025-08-14,13010.07,2025-08-19
INV105401,136,2025-07-15,2025-08-14,1719.66,2025-11-08
INV105402,137,2025-07-15,2025-09-13,5397.19,2025-10-07
INV105403,139,2025-07-15,2025-08-14,8652.98,2025-08-07
INV105404,147,2025-07-15,2025-08-14,5090.68,2025-09-15
INV105405,4,2025-07-16,2025-09-14,3404.12,2025-09-19
INV105406,4,2025-07-16,2025-09-14,7091.99,2025-09-09
INV105407,39,2025-07-16,2025-08-15,10764.89,2025-10-14
INV105408,55,2025-07-16,2025-08-15,2981.97,2025-08-14
INV105409,60,2025-07-16,2025-08-15,13273.82,2025-08-13
INV105410,62,2025-07-16,2025-09-14,8419.68,2025-09-13
INV105411,84,2025-07-16,2025-08-15,17249.41,2025-08-13
INV105412,88,2025-07-16,2025-08-15,4784.44,2025-08-18
INV105413,94,2025-07-16,2025-08-15,3987.85,2025-08-20
INV105414,25,2025-07-17,2025-08-16,1988.78,2025-08-14
INV105415,49,2025-07-17,2025-08-16,6254.2,2025-08-14
INV105416,62,2025-07-17,2025-09-15,9881.93,2025-10-01
INV105417,68,2025-07-17,2025-09-15,15741.58,2025-09-20
INV105418,81,2025-07-17,2025-08-16,3984.42,2025-08-24
INV105419,87,2025-07-17,2025-08-16,1166.17,2025-09-05
INV105420,87,2025-07-17,2025-08-16,891.16,2025-09-09
INV105421,94,2025-07-17,2025-08-16,2392.59,2025-08-11
INV105422,148,2025-07-17,2025-09-15,7483.53,2025-09-22
INV105423,4,2025-07-18,2025-09-16,4395.2,2025-09-18
INV105424,5,2025-07-18,2025-08-17,3649.38,2025-08-22
INV105425,47,2025-07-18,2025-08-17,10860.74,2025-08-15
INV105426,51,2025-07-18,2025-08-17,1950.01,2025-08-15
INV105427,104,2025-07-18,2025-08-17,9739.89,2025-09-08
INV105428,111,2025-07-18,2025-08-17,18032.39,2025-08-18
INV105429,129,2025-07-18,2025-08-17,9633.07,2025-08-17
INV105430,149,2025-07-18,2025-08-17,6730.42,2025-09-10
INV105431,2,2025-07-19,2025-08-18,15867.22,2025-08-15
INV105432,10,2025-07-19,2025-09-17,7293.93,2025-10-15
INV105433,12,2025-07-19,2025-08-18,2372.43,2025-08-22
INV105434,14,2025-07-19,2025-08-18,4404.87,2025-08-23
INV105435,81,2025-07-19,2025-08-18,1209.57,2025-08-23
INV105436,116,2025-07-19,2025-08-18,4594.64,2025-08-21
INV105437,116,2025-07-19,2025-08-18,8226.16,2025-08-10
INV105438,132,2025-07-19,2025-08-18,1359.64,2025-08-13
INV105439,135,2025-07-19,2025-08-18,13695.05,2025-11-11
INV105440,143,2025-07-19,2025-08-18,65244.95,2025-08-19
INV105441,145,2025-07-19,2025-08-18,35278.57,2025-09-20
INV105442,149,2025-07-19,2025-08-18,14227.83,2025-09-22
INV105443,54,2025-07-20,2025-09-18,7640.77,2025-09-16
INV105444,57,2025-07-20,2025-09-18,5789.9,2025-09-21
INV105445,61,2025-07-20,2025-08-19,3222.96,2025-08-22
INV105446,65,2025-07-20,2025-08-19,1659.54,2025-09-15
INV105447,66,2025-07-20,2025-08-19,4063.44,2025-08-19
INV105448,66,2025-07-20,2025-08-19,5870.69,2025-08-17
INV105449,79,2025-07-20,2025-09-18,7987.54,2025-09-18
INV105450,98,2025-07-20,2025-08-19,1907.19,2025-08-21
INV105451,105,2025-07-20,2025-08-19,3966.49,2025-08-14
INV105452,115,2025-07-20,2025-08-19,3089.54,2025-09-03
INV105453,141,2025-07-20,2025-08-19,1902.32,2025-08-17
INV105454,33,2025-07-21,2025-08-20,5674.78,2025-08-28
INV105455,50,2025-07-21,2025-08-20,12572.61,2025-09-15
INV105456,113,2025-07-21,2025-09-19,8218.23,2025-09-25
INV105457,143,2025-07-21,2025-08-20,83691.81,2025-08-18
INV105458,149,2025-07-21,2025-08-20,14394.31,2025-08-31
INV105459,29,2025-07-22,2025-08-21,11897.91,2025-09-10
INV105460,50,2025-07-22,2025-08-21,12737.93,2025-09-20
INV105461,78,2025-07-22,2025-08-21,1082.47,2025-09-16
INV105462,79,2025-07-22,2025-09-20,5286.61,2025-09-16
INV105463,139,2025-07-22,2025-08-21,16178.76,2025-09-03
INV105464,1,2025-07-23,2025-08-22,3074.68,2025-08-21
INV105465,4,2025-07-23,2025-09-21,5344.85,2025-09-21
INV105466,6,2025-07-23,2025-08-22,42051.25,2025-10-04
INV105467,45,2025-07-23,2025-08-22,7904.49,2025-10-14
INV105468,59,2025-07-23,2025-08-22,3191.74,2025-08-23
INV105469,67,2025-07-23,2025-08-22,7157.2,2025-09-01
INV105470,76,2025-07-23,2025-08-22,7575.33,2025-09-16
INV105471,80,2025-07-23,2025-09-21,28377.9,2025-09-16
INV105472,87,2025-07-23,2025-08-22,1680.96,2025-09-21
INV105473,94,2025-07-23,2025-08-22,8551.91,2025-09-06
INV105474,101,2025-07-23,2025-08-22,6541.31,2025-08-31
INV105475,110,2025-07-23,2025-08-22,5695.76,2025-08-20
INV105476,124,2025-07-23,2025-09-21,1977.37,2025-11-10
INV105477,126,2025-07-23,2025-08-22,5483.93,2025-09-14
INV105478,131,2025-07-23,2025-08-22,11435.81,2025-10-30
INV105479,138,2025-07-23,2025-08-22,15116.26,2025-08-27
INV105480,139,2025-07-23,2025-08-22,8906.97,2025-10-03
INV105481,149,2025-07-23,2025-08-22,11272.8,2025-09-06
INV105482,150,2025-07-23,2025-08-22,3650.2,2025-08-24
INV105483,5,2025-07-24,2025-08-23,3379.03,2025-08-18
INV105484,6,2025-07-24,2025-08-23,27348.14,2025-09-29
INV105485,47,2025-07-24,2025-08-23,19395.5,2025-08-21
INV105486,73,2025-07-24,2025-08-23,8821.63,2025-08-23
INV105487,76,2025-07-24,2025-08-23,16968.08,2025-09-14
INV105488,83,2025-07-24,2025-08-23,5664.93,2025-10-21
INV105489,86,2025-07-24,2025-08-23,10026.74,2025-08-27
INV105490,87,2025-07-24,2025-08-23,2128.36,2025-09-15
INV105491,89,2025-07-24,2025-08-23,4406.1,2025-08-25
INV105492,105,2025-07-24,2025-08-23,3786.05,2025-08-21
INV105493,112,2025-07-24,2025-09-22,7215.24,2025-09-13
INV105494,116,2025-07-24,2025-08-23,11444.6,2025-08-17
INV105495,135,2025-07-24,2025-08-23,32077.29,2025-08-13
INV105496,55,2025-07-25,2025-08-24,6330.9,2025-09-04
INV105497,110,2025-07-25,2025-08-24,5198.27,2025-09-04
INV105498,132,2025-07-25,2025-08-24,2154.15,2025-08-28
INV105499,138,2025-07-25,2025-08-24,7486.91,2025-08-28
INV105500,139,2025-07-25,2025-08-24,5716.65,2025-08-24
INV105501,141,2025-07-25,2025-08-24,2524.11,2025-08-27
INV105502,142,2025-07-25,2025-08-24,876.27,2025-08-24
INV105503,146,2025-07-25,2025-08-24,21279.72,2025-09-29
INV105504,149,2025-07-25,2025-08-24,7653.09,2025-08-30
INV105505,11,2025-07-26,2025-08-25,1167.09,2025-08-30
INV105506,25,2025-07-26,2025-08-25,1310.95,2025-08-27
INV105507,30,2025-07-26,2025-08-25,5869.91,2025-08-26
INV105508,56,2025-07-26,2025-08-25,12487.11,2025-08-26
INV105509,60,2025-07-26,2025-08-25,9306.06,2025-08-27
INV105510,66,2025-07-26,2025-08-25,5927.77,2025-08-19
INV105511,72,2025-07-26,2025-08-25,2804.99,2025-08-25
INV105512,80,2025-07-26,2025-09-24,13086.48,2025-09-17
INV105513,89,2025-07-26,2025-08-25,8318.7,2025-08-25
INV105514,94,2025-07-26,2025-08-25,4056.46,2025-08-27
INV105515,95,2025-07-26,2025-09-24,8166.17,2025-10-31
INV105516,120,2025-07-26,2025-09-24,2477.12,2025-09-23
INV105517,127,2025-07-26,2025-08-25,2483.09,2025-08-23
INV105518,136,2025-07-26,2025-08-25,2060.61,2025-10-26
INV105519,139,2025-07-26,2025-08-25,14321.39,2025-09-03
INV105520,2,2025-07-27,2025-08-26,4152.44,2025-08-28
INV105521,14,2025-07-27,2025-08-26,6440.12,2025-08-28
INV105522,23,2025-07-27,2025-08-26,6663.9,2025-08-23
INV105523,23,2025-07-27,2025-08-26,7642.23,2025-08-27
INV105524,33,2025-07-27,2025-08-26,3093.14,2025-08-16
INV105525,51,2025-07-27,2025-08-26,2901.36,2025-09-04
INV105526,59,2025-07-27,2025-08-26,1223.66,2025-08-29
INV105527,60,2025-07-27,2025-08-26,13914.66,2025-08-30
INV105528,71,2025-07-27,2025-08-26,1106.33,2025-09-15
INV105529,80,2025-07-27,2025-09-25,15574.92,2025-09-20
INV105530,88,2025-07-27,2025-08-26,8955.33,2025-08-30
INV105531,91,2025-07-27,2025-08-26,12509.39,2025-08-30
INV105532,110,2025-07-27,2025-08-26,7109.21,2025-09-04
INV105533,116,2025-07-27,2025-08-26,4927.55,2025-08-28
INV105534,116,2025-07-27,2025-08-26,5900.64,2025-08-28
INV105535,128,2025-07-27,2025-08-26,9249.19,2025-09-02
INV105536,148,2025-07-27,2025-09-25,2759.76,2025-09-27
INV105537,1,2025-07-28,2025-08-27,3942.14,2025-09-15
INV105538,23,2025-07-28,2025-08-27,11290.29,2025-08-24
INV105539,85,2025-07-28,2025-08-27,4377.72,2025-08-24
INV105540,97,2025-07-28,2025-08-27,9479.22,2025-10-04
INV105541,109,2025-07-28,2025-09-26,10257.69,2025-11-27
INV105542,145,2025-07-28,2025-08-27,131835.06,2025-09-11
INV105543,149,2025-07-28,2025-08-27,9040.19,2025-09-30
INV105544,17,2025-08-01,2025-08-31,23751.04,2025-10-06
INV105545,25,2025-08-01,2025-08-31,1474.61,2025-08-24
INV105546,50,2025-08-01,2025-08-31,9626.34,2025-09-30
INV105547,51,2025-08-01,2025-08-31,2270.88,2025-09-04
INV105548,58,2025-08-01,2025-08-31,10476.43,2025-09-02
INV105549,60,2025-08-01,2025-08-31,13784.27,2025-08-23
INV105550,66,2025-08-01,2025-08-31,12293.1,2025-08-29
INV105551,73,2025-08-01,2025-08-31,4557.69,2025-08-31
INV105552,76,2025-08-01,2025-08-31,8293.38,2025-09-20
INV105553,94,2025-08-01,2025-08-31,7316.16,2025-09-01
INV105554,104,2025-08-01,2025-08-31,8219.02,2025-09-14
INV105555,116,2025-08-01,2025-08-31,4862.32,2025-08-30
INV105556,117,2025-08-01,2025-08-31,8914.22,2025-08-31
INV105557,118,2025-08-01,2025-08-31,4533.9,2025-08-24
INV105558,125,2025-08-01,2025-09-30,3095.63,2025-09-28
INV105559,132,2025-08-01,2025-08-31,4743.29,2025-08-31
INV105560,132,2025-08-01,2025-08-31,5251.67,2025-09-03
INV105561,144,2025-08-01,2025-08-31,1168.82,2025-09-30
INV105562,33,2025-08-02,2025-09-01,5801.09,2025-08-24
INV105563,54,2025-08-02,2025-10-01,8820.0,2025-10-03
INV105564,54,2025-08-02,2025-10-01,2992.4,2025-10-09
INV105565,67,2025-08-02,2025-09-01,2834.91,2025-08-30
INV105566,72,2025-08-02,2025-09-01,3511.01,2025-09-01
INV105567,83,2025-08-02,2025-09-01,6970.04,
INV105568,96,2025-08-02,2025-09-01,28429.91,2025-09-27
INV105569,105,2025-08-02,2025-09-01,2005.09,2025-09-22
INV105570,135,2025-08-02,2025-09-01,22601.8,2025-11-16
INV105571,143,2025-08-02,2025-09-01,108103.92,2025-08-30
INV105572,9,2025-08-03,2025-09-02,7360.05,2025-11-17
INV105573,116,2025-08-03,2025-09-02,9564.71,2025-09-07
INV105574,134,2025-08-03,2025-09-02,4963.94,2025-09-06
INV105575,138,2025-08-03,2025-09-02,7947.72,2025-09-19
INV105576,28,2025-08-04,2025-09-03,1875.75,2025-08-31
INV105577,29,2025-08-04,2025-09-03,8708.05,2025-09-26
INV105578,32,2025-08-04,2025-09-03,10095.26,2025-09-05
INV105579,40,2025-08-04,2025-10-03,6495.89,2025-10-08
INV105580,52,2025-08-04,2025-09-03,3530.33,2025-09-26
INV105581,97,2025-08-04,2025-09-03,9212.23,2025-09-22
INV105582,99,2025-08-04,2025-09-03,1247.46,2025-09-06
INV105583,106,2025-08-04,2025-09-03,7339.6,2025-09-05
INV105584,113,2025-08-04,2025-10-03,13259.04,2025-10-05
INV105585,114,2025-08-04,2025-09-03,4009.16,2025-10-09
INV105586,129,2025-08-04,2025-09-03,15147.2,2025-09-03
INV105587,130,2025-08-04,2025-09-03,7017.9,2025-09-02
INV105588,130,2025-08-04,2025-09-03,7723.91,2025-09-08
INV105589,139,2025-08-04,2025-09-03,10053.48,2025-09-21
INV105590,148,2025-08-04,2025-10-03,5420.38,2025-10-14
INV105591,4,2025-08-05,2025-10-04,4916.8,2025-10-01
INV105592,7,2025-08-05,2025-09-04,13045.76,2025-09-07
INV105593,33,2025-08-05,2025-09-04,4903.88,2025-09-13
INV105594,53,2025-08-05,2025-10-04,7857.62,2025-09-28
INV105595,62,2025-08-05,2025-10-04,16630.08,2025-11-06
INV105596,72,2025-08-05,2025-09-04,1835.99,2025-08-30
INV105597,99,2025-08-05,2025-09-04,1228.28,2025-09-09
INV105598,112,2025-08-05,2025-10-04,6844.52,2025-10-05
INV105599,11,2025-08-06,2025-09-05,2384.41,2025-09-04
INV105600,18,2025-08-06,2025-09-05,43897.16,2025-09-18
INV105601,38,2025-08-06,2025-09-05,11823.01,2025-09-08
INV105602,45,2025-08-06,2025-09-05,9003.84,2025-10-10
INV105603,54,2025-08-06,2025-10-05,9254.46,2025-10-11
INV105604,57,2025-08-06,2025-10-05,6263.47,2025-10-07
INV105605,65,2025-08-06,2025-09-05,3711.95,2025-09-29
INV105606,80,2025-08-06,2025-10-05,16091.96,2025-10-05
INV105607,110,2025-08-06,2025-09-05,3208.61,2025-09-16
INV105608,120,2025-08-06,2025-10-05,3580.61,2025-10-13
INV105609,144,2025-08-06,2025-09-05,1440.53,2025-09-26
INV105610,16,2025-08-07,2025-09-06,47215.1,2025-09-30
INV105611,19,2025-08-07,2025-09-06,11834.53,2025-09-17
INV105612,23,2025-08-07,2025-09-06,5986.38,2025-09-08
INV105613,34,2025-08-07,2025-09-06,5996.21,2025-10-01
INV105614,42,2025-08-07,2025-10-06,2780.04,2025-10-06
INV105615,87,2025-08-07,2025-09-06,1594.58,2025-10-08
INV105616,89,2025-08-07,2025-09-06,9515.48,2025-09-11
INV105617,111,2025-08-07,2025-09-06,16382.89,2025-09-05
INV105618,115,2025-08-07,2025-09-06,1583.18,2025-09-30
INV105619,135,2025-08-07,2025-09-06,29629.25,
INV105620,20,2025-08-08,2025-10-07,15692.61,2025-10-15
INV105621,26,2025-08-08,2025-10-07,10763.62,2025-10-11
INV105622,28,2025-08-08,2025-09-07,730.12,2025-09-08
INV105623,44,2025-08-08,2025-10-07,4147.34,2025-10-08
INV105624,51,2025-08-08,2025-09-07,3032.29,2025-09-05
INV105625,76,2025-08-08,2025-09-07,6699.42,2025-10-17
INV105626,90,2025-08-08,2025-09-07,15548.64,2025-09-10
INV105627,114,2025-08-08,2025-09-07,4304.01,2025-09-13
INV105628,127,2025-08-08,2025-09-07,6709.8,2025-08-30
INV105629,127,2025-08-08,2025-09-07,2644.81,2025-09-08
INV105630,129,2025-08-08,2025-09-07,6907.18,2025-09-04
INV105631,138,2025-08-08,2025-09-07,16424.27,2025-09-08
INV105632,141,2025-08-08,2025-09-07,1004.75,2025-09-05
INV105633,8,2025-08-09,2025-10-08,2077.14,2025-10-07
INV105634,52,2025-08-09,2025-09-08,2205.45,2025-09-12
INV105635,60,2025-08-09,2025-09-08,8922.42,2025-09-11
INV105636,62,2025-08-09,2025-10-08,18369.97,2025-10-06
INV105637,78,2025-08-09,2025-09-08,721.92,2025-09-08
INV105638,92,2025-08-09,2025-09-08,15380.0,2025-09-19
INV105639,99,2025-08-09,2025-09-08,1675.42,2025-09-11
INV105640,99,2025-08-09,2025-09-08,2003.67,2025-09-07
INV105641,103,2025-08-09,2025-09-08,5004.99,2025-10-09
INV105642,113,2025-08-09,2025-10-08,9706.16,2025-10-09
INV105643,133,2025-08-09,2025-09-08,1941.57,2025-09-04
INV105644,141,2025-08-09,2025-09-08,2450.81,2025-09-05
INV105645,2,2025-08-10,2025-09-09,9989.02,2025-09-21
INV105646,9,2025-08-10,2025-09-09,2756.22,2025-12-07
INV105647,48,2025-08-10,2025-10-09,22344.74,2025-10-10
INV105648,54,2025-08-10,2025-10-09,3323.96,2025-10-05
INV105649,61,2025-08-10,2025-09-09,2540.85,2025-09-04
INV105650,75,2025-08-10,2025-09-09,5672.09,2025-09-13
INV105651,83,2025-08-10,2025-09-09,3622.25,2025-10-27
INV105652,84,2025-08-10,2025-09-09,16335.07,2025-09-17
INV105653,91,2025-08-10,2025-09-09,4497.77,2025-09-12
INV105654,104,2025-08-10,2025-09-09,11747.82,
INV105655,122,2025-08-10,2025-09-09,2192.25,2025-09-08
INV105656,125,2025-08-10,2025-10-09,2055.57,2025-10-15
INV105657,131,2025-08-10,2025-09-09,9209.5,2025-10-02
INV105658,134,2025-08-10,2025-09-09,15921.88,2025-09-07
INV105659,139,2025-08-10,2025-09-09,7716.78,2025-10-09
INV105660,150,2025-08-10,2025-09-09,5514.5,2025-09-04
INV105661,15,2025-08-11,2025-10-10,5640.02,2025-10-10
INV105662,32,2025-08-11,2025-09-10,6557.73,2025-09-16
INV105663,45,2025-08-11,2025-09-10,3898.91,2025-10-10
INV105664,56,2025-08-11,2025-09-10,5818.12,2025-09-10
INV105665,58,2025-08-11,2025-09-10,11191.51,2025-09-10
INV105666,88,2025-08-11,2025-09-10,4854.06,2025-09-21
INV105667,93,2025-08-11,2025-09-10,3337.12,2025-10-14
INV105668,96,2025-08-11,2025-09-10,13354.72,2025-09-20
INV105669,101,2025-08-11,2025-09-10,10384.64,2025-09-12
INV105670,114,2025-08-11,2025-09-10,4614.6,2025-09-27
INV105671,119,2025-08-11,2025-10-10,5918.27,2025-11-16
INV105672,128,2025-08-11,2025-09-10,3144.8,2025-09-07
INV105673,129,2025-08-11,2025-09-10,13622.58,2025-09-16
INV105674,135,2025-08-11,2025-09-10,23320.44,2025-10-08
INV105675,143,2025-08-11,2025-09-10,37183.15,2025-09-13
INV105676,144,2025-08-11,2025-09-10,1665.46,2025-10-15
INV105677,149,2025-08-11,2025-09-10,11994.71,2025-10-11
INV105678,7,2025-08-12,2025-09-11,26223.39,2025-09-18
INV105679,13,2025-08-12,2025-09-11,6742.58,2025-10-21
INV105680,16,2025-08-12,2025-09-11,15784.01,2025-10-03
INV105681,75,2025-08-12,2025-09-11,8306.95,2025-09-16
INV105682,90,2025-08-12,2025-09-11,12583.95,2025-09-01
INV105683,111,2025-08-12,2025-09-11,9713.65,2025-09-08
INV105684,114,2025-08-12,2025-09-11,5853.15,2025-09-21
INV105685,136,2025-08-12,2025-09-11,2839.7,2025-10-14
INV105686,5,2025-08-13,2025-09-12,4014.67,2025-09-09
INV105687,14,2025-08-13,2025-09-12,4050.1,2025-09-16
INV105688,27,2025-08-13,2025-09-12,2124.49,2025-09-16
INV105689,75,2025-08-13,2025-09-12,2506.47,2025-09-11
INV105690,82,2025-08-13,2025-09-12,10743.73,2025-12-02
INV105691,95,2025-08-13,2025-10-12,15004.75,2025-11-12
INV105692,104,2025-08-13,2025-09-12,25912.24,2025-10-07
INV105693,108,2025-08-13,2025-09-12,4604.8,2025-09-12
INV105694,120,2025-08-13,2025-10-12,4180.34,2025-10-11
INV105695,126,2025-08-13,2025-09-12,2363.92,2025-11-04
INV105696,147,2025-08-13,2025-09-12,5830.89,2025-10-08
INV105697,8,2025-08-14,2025-10-13,2026.14,2025-10-07
INV105698,21,2025-08-14,2025-09-13,8949.72,2025-11-06
INV105699,23,2025-08-14,2025-09-13,20198.56,2025-09-24
INV105700,26,2025-08-14,2025-10-13,7504.52,2025-10-18
INV105701,53,2025-08-14,2025-10-13,9111.47,2025-10-16
INV105702,66,2025-08-14,2025-09-13,9717.03,2025-09-08
INV105703,72,2025-08-14,2025-09-13,5940.79,2025-09-19
INV105704,81,2025-08-14,2025-09-13,2059.28,2025-09-20
INV105705,84,2025-08-14,2025-09-13,18997.8,2025-09-09
INV105706,88,2025-08-14,2025-09-13,8195.89,2025-09-14
INV105707,93,2025-08-14,2025-09-13,3209.95,2025-10-06
INV105708,105,2025-08-14,2025-09-13,1649.39,2025-09-03
INV105709,136,2025-08-14,2025-09-13,3163.83,2025-10-22
INV105710,149,2025-08-14,2025-09-13,13948.27,2025-09-30
INV105711,15,2025-08-15,2025-10-14,2110.17,2025-10-15
INV105712,42,2025-08-15,2025-10-14,5544.96,2025-10-15
INV105713,43,2025-08-15,2025-10-14,4344.16,2025-10-21
INV105714,89,2025-08-15,2025-09-14,15479.87,2025-09-12
INV105715,116,2025-08-15,2025-09-14,4212.88,2025-09-23
INV105716,121,2025-08-15,2025-09-14,14807.13,2025-09-22
INV105717,121,2025-08-15,2025-09-14,12529.77,2025-09-15
INV105718,129,2025-08-15,2025-09-14,12315.99,2025-09-11
INV105719,138,2025-08-15,2025-09-14,7167.49,2025-09-07
INV105720,9,2025-08-16,2025-09-15,5758.55,2025-11-29
INV105721,34,2025-08-16,2025-09-15,8058.49,2025-10-11
INV105722,47,2025-08-16,2025-09-15,12242.07,2025-09-19
INV105723,78,2025-08-16,2025-09-15,893.72,2025-10-10
INV105724,95,2025-08-16,2025-10-15,9349.47,2025-10-29
INV105725,98,2025-08-16,2025-09-15,1289.4,2025-10-26
INV105726,100,2025-08-16,2025-09-15,3222.49,2025-11-04
INV105727,130,2025-08-16,2025-09-15,7574.87,2025-09-10
INV105728,149,2025-08-16,2025-09-15,11113.34,2025-10-09
INV105729,1,2025-08-17,2025-09-16,3631.99,2025-09-08
INV105730,17,2025-08-17,2025-09-16,23703.76,2025-10-20
INV105731,29,2025-08-17,2025-09-16,7300.78,2025-09-28
INV105732,36,2025-08-17,2025-09-16,7253.61,2025-09-12
INV105733,44,2025-08-17,2025-10-16,5144.93,2025-10-22
INV105734,56,2025-08-17,2025-09-16,9839.94,2025-09-22
INV105735,68,2025-08-17,2025-10-16,8706.84,2025-10-20
INV105736,84,2025-08-17,2025-09-16,10264.22,2025-09-13
INV105737,87,2025-08-17,2025-09-16,1427.63,2025-10-02
INV105738,99,2025-08-17,2025-09-16,3792.39,2025-09-21
INV105739,113,2025-08-17,2025-10-16,14496.24,2025-10-22
INV105740,127,2025-08-17,2025-09-16,4797.28,2025-09-20
INV105741,130,2025-08-17,2025-09-16,3397.47,2025-09-19
INV105742,130,2025-08-17,2025-09-16,7856.53,2025-09-20
INV105743,150,2025-08-17,2025-09-16,5789.23,2025-09-21
INV105744,14,2025-08-18,2025-09-17,7231.89,2025-09-17
INV105745,33,2025-08-18,2025-09-17,3663.71,2025-09-22
INV105746,79,2025-08-18,2025-10-17,9531.64,2025-10-09
INV105747,79,2025-08-18,2025-10-17,6643.36,2025-10-16
INV105748,107,2025-08-18,2025-09-17,13909.66,2025-09-20
INV105749,114,2025-08-18,2025-09-17,6343.49,2025-09-12
INV105750,117,2025-08-18,2025-09-17,12397.57,2025-09-21
INV105751,125,2025-08-18,2025-10-17,3740.08,2025-10-14
INV105752,127,2025-08-18,2025-09-17,3436.13,2025-09-08
INV105753,9,2025-08-19,2025-09-18,4597.63,
INV105754,30,2025-08-19,2025-09-18,5133.99,2025-09-23
INV105755,30,2025-08-19,2025-09-18,3257.9,2025-09-19
INV105756,34,2025-08-19,2025-09-18,6354.58,2025-09-24
INV105757,40,2025-08-19,2025-10-18,1610.22,2025-10-22
INV105758,42,2025-08-19,2025-10-18,2107.6,2025-10-17
INV105759,43,2025-08-19,2025-10-18,2832.89,2025-10-19
INV105760,50,2025-08-19,2025-09-18,16224.13,2025-11-22
INV105761,54,2025-08-19,2025-10-18,5563.34,2025-10-17
INV105762,56,2025-08-19,2025-09-18,6961.8,2025-09-15
INV105763,92,2025-08-19,2025-09-18,23289.44,2025-09-20
INV105764,118,2025-08-19,2025-09-18,5755.32,2025-09-19
INV105765,145,2025-08-19,2025-09-18,52484.43,2025-09-24
INV105766,149,2025-08-19,2025-09-18,9164.53,2025-10-18
INV105767,20,2025-08-20,2025-10-19,24858.42,2025-10-18
INV105768,28,2025-08-20,2025-09-19,741.11,2025-09-24
INV105769,35,2025-08-20,2025-09-19,4449.34,2025-09-18
INV105770,39,2025-08-20,2025-09-19,8181.04,2025-11-23
INV105771,50,2025-08-20,2025-09-19,9531.86,2025-10-29
INV105772,59,2025-08-20,2025-09-19,1447.05,2025-09-15
INV105773,70,2025-08-20,2025-09-19,4528.02,2025-09-25
INV105774,114,2025-08-20,2025-09-19,4233.03,
INV105775,117,2025-08-20,2025-09-19,6384.32,2025-09-21
INV105776,123,2025-08-20,2025-10-19,3438.31,2025-10-12
INV105777,6,2025-08-21,2025-09-20,40046.51,
INV105778,19,2025-08-21,2025-09-20,6404.31,2025-09-30
INV105779,35,2025-08-21,2025-09-20,2267.08,2025-09-24
INV105780,46,2025-08-21,2025-10-20,5053.81,2025-11-08
INV105781,56,2025-08-21,2025-09-20,5200.25,2025-09-17
INV105782,59,2025-08-21,2025-09-20,7441.74,2025-09-24
INV105783,62,2025-08-21,2025-10-20,9107.05,2025-11-30
INV105784,76,2025-08-21,2025-09-20,22486.57,2025-10-09
INV105785,82,2025-08-21,2025-09-20,10575.72,2025-10-28
INV105786,85,2025-08-21,2025-09-20,4232.87,2025-09-24
INV105787,95,2025-08-21,2025-10-20,5487.53,2025-11-03
INV105788,104,2025-08-21,2025-09-20,29652.88,2025-10-22
INV105789,123,2025-08-21,2025-10-20,2846.32,2025-10-12
INV105790,135,2025-08-21,2025-09-20,32064.36,2025-10-29
INV105791,149,2025-08-21,2025-09-20,9040.98,2025-09-18
INV105792,11,2025-08-22,2025-09-21,1839.12,2025-09-16
INV105793,33,2025-08-22,2025-09-21,4506.91,2025-10-02
INV105794,56,2025-08-22,2025-09-21,5495.91,2025-09-24
INV105795,61,2025-08-22,2025-09-21,3940.63,2025-09-21
INV105796,67,2025-08-22,2025-09-21,3210.15,2025-09-18
INV105797,70,2025-08-22,2025-09-21,5317.85,2025-09-17
INV105798,78,2025-08-22,2025-09-21,918.61,2025-09-25
INV105799,78,2025-08-22,2025-09-21,1207.53,2025-09-18
INV105800,128,2025-08-22,2025-09-21,2889.85,2025-09-23
INV105801,129,2025-08-22,2025-09-21,17288.77,2025-09-26
INV105802,131,2025-08-22,2025-09-21,6866.17,2025-10-14
INV105803,150,2025-08-22,2025-09-21,1960.21,2025-09-25
INV105804,7,2025-08-23,2025-09-22,10786.02,2025-09-25
INV105805,8,2025-08-23,2025-10-22,2918.99,2025-10-23
INV105806,47,2025-08-23,2025-09-22,11266.45,2025-09-25
INV105807,56,2025-08-23,2025-09-22,14198.56,2025-09-26
INV105808,61,2025-08-23,2025-09-22,2717.89,2025-09-20
INV105809,72,2025-08-23,2025-09-22,2108.55,2025-09-23
INV105810,93,2025-08-23,2025-09-22,3550.65,2025-10-07
INV105811,109,2025-08-23,2025-10-22,15443.76,2025-12-11
INV105812,114,2025-08-23,2025-09-22,5130.31,2025-10-05
INV105813,59,2025-08-24,2025-09-23,3896.09,2025-09-22
INV105814,94,2025-08-24,2025-09-23,2372.38,2025-09-22
INV105815,104,2025-08-24,2025-09-23,17324.72,2025-10-10
INV105816,113,2025-08-24,2025-10-23,19521.34,2025-10-25
INV105817,7,2025-08-25,2025-09-24,9087.11,2025-09-14
INV105818,9,2025-08-25,2025-09-24,6600.03,
INV105819,32,2025-08-25,2025-09-24,10847.64,2025-09-25
INV105820,48,2025-08-25,2025-10-24,15231.24,2025-10-27
INV105821,54,2025-08-25,2025-10-24,5034.45,2025-10-26
INV105822,69,2025-08-25,2025-09-24,45632.23,2025-10-20
INV105823,82,2025-08-25,2025-09-24,9189.86,2025-11-06
INV105824,114,2025-08-25,2025-09-24,3197.61,2025-10-13
INV105825,116,2025-08-25,2025-09-24,9134.11,2025-09-23
INV105826,122,2025-08-25,2025-09-24,1271.76,2025-09-18
INV105827,132,2025-08-25,2025-09-24,4484.26,2025-09-27
INV105828,51,2025-08-26,2025-09-25,1818.97,2025-10-01
INV105829,58,2025-08-26,2025-09-25,9886.01,2025-09-20
INV105830,81,2025-08-26,2025-09-25,4194.67,2025-09-23
INV105831,116,2025-08-26,2025-09-25,12257.82,2025-09-19
INV105832,149,2025-08-26,2025-09-25,6190.76,2025-10-26
INV105833,14,2025-08-27,2025-09-26,4878.99,2025-10-01
INV105834,52,2025-08-27,2025-09-26,5438.26,2025-09-24
INV105835,95,2025-08-27,2025-10-26,7883.87,2025-11-04
INV105836,114,2025-08-27,2025-09-26,6155.1,2025-10-12
INV105837,128,2025-08-27,2025-09-26,9125.19,2025-09-29
INV105838,138,2025-08-27,2025-09-26,10641.4,2025-09-30
INV105839,147,2025-08-27,2025-09-26,6429.3,2025-11-09
INV105840,26,2025-08-28,2025-10-27,7797.8,2025-11-02
INV105841,40,2025-08-28,2025-10-27,6439.03,2025-10-31
INV105842,65,2025-08-28,2025-09-27,1448.01,2025-10-14
INV105843,78,2025-08-28,2025-09-27,671.79,2025-10-16
INV105844,84,2025-08-28,2025-09-27,16313.19,2025-10-02
INV105845,97,2025-08-28,2025-09-27,9012.8,2025-10-10
INV105846,112,2025-08-28,2025-10-27,2616.64,2025-10-26
INV105847,119,2025-08-28,2025-10-27,3803.39,2025-11-14
INV105848,131,2025-08-28,2025-09-27,5167.55,2025-11-20
INV105849,135,2025-08-28,2025-09-27,41718.45,2025-10-10
INV105850,138,2025-08-28,2025-09-27,4443.53,2025-09-28
INV105851,139,2025-08-28,2025-09-27,16726.89,2025-10-25
INV105852,9,2025-09-01,2025-10-01,6743.6,2025-12-18
INV105853,23,2025-09-01,2025-10-01,10858.97,2025-10-04
INV105854,36,2025-09-01,2025-10-01,5450.53,2025-10-02
INV105855,54,2025-09-01,2025-10-31,4933.51,2025-10-24
INV105856,61,2025-09-01,2025-10-01,1303.93,2025-09-29
INV105857,61,2025-09-01,2025-10-01,2075.42,2025-10-03
INV105858,61,2025-09-01,2025-10-01,1718.87,2025-09-28
INV105859,67,2025-09-01,2025-10-01,5142.73,2025-10-05
INV105860,69,2025-09-01,2025-10-01,52901.85,2025-10-17
INV105861,107,2025-09-01,2025-10-01,5881.8,2025-09-21
INV105862,121,2025-09-01,2025-10-01,15024.07,2025-10-05
INV105863,138,2025-09-01,2025-10-01,14228.24,2025-10-08
INV105864,143,2025-09-01,2025-10-01,30450.12,2025-10-05
INV105865,3,2025-09-02,2025-10-02,5718.35,2025-10-28
INV105866,7,2025-09-02,2025-10-02,26286.11,2025-10-10
INV105867,22,2025-09-02,2025-10-02,24168.3,2025-09-28
INV105868,27,2025-09-02,2025-10-02,2679.85,2025-09-29
INV105869,55,2025-09-02,2025-10-02,7798.6,2025-10-30
INV105870,90,2025-09-02,2025-10-02,16824.72,2025-10-07
INV105871,93,2025-09-02,2025-10-02,3976.39,2025-11-01
INV105872,105,2025-09-02,2025-10-02,1095.22,2025-10-28
INV105873,116,2025-09-02,2025-10-02,16311.46,2025-10-05
INV105874,119,2025-09-02,2025-11-01,6062.77,2025-12-02
INV105875,30,2025-09-03,2025-10-03,3236.92,2025-09-29
INV105876,35,2025-09-03,2025-10-03,2458.26,2025-10-13
INV105877,50,2025-09-03,2025-10-03,12769.5,2025-10-06
INV105878,51,2025-09-03,2025-10-03,3685.92,2025-10-08
INV105879,92,2025-09-03,2025-10-03,34950.23,2025-10-13
INV105880,93,2025-09-03,2025-10-03,2687.23,2025-10-23
INV105881,96,2025-09-03,2025-10-03,10931.17,2025-10-12
INV105882,131,2025-09-03,2025-10-03,8411.93,2025-11-21
INV105883,132,2025-09-03,2025-10-03,3455.36,2025-10-10
INV105884,135,2025-09-03,2025-10-03,53392.86,2025-12-04
INV105885,148,2025-09-03,2025-11-02,8541.29,2025-11-01
INV105886,9,2025-09-04,2025-10-04,7854.76,2025-12-30
INV105887,31,2025-09-04,2025-10-04,4910.22,2025-10-08
INV105888,36,2025-09-04,2025-10-04,20548.55,2025-09-26
INV105889,40,2025-09-04,2025-11-03,4284.52,2025-11-05
INV105890,45,2025-09-04,2025-10-04,5110.54,2025-11-14
INV105891,49,2025-09-04,2025-10-04,11104.42,2025-10-02
INV105892,51,2025-09-04,2025-10-04,2044.37,2025-09-30
INV105893,58,2025-09-04,2025-10-04,10088.36,2025-10-10
INV105894,67,2025-09-04,2025-10-04,1942.16,2025-10-08
INV105895,70,2025-09-04,2025-10-04,8196.01,2025-10-07
INV105896,75,2025-09-04,2025-10-04,2771.79,2025-10-11
INV105897,76,2025-09-04,2025-10-04,13356.4,2025-11-14
INV105898,101,2025-09-04,2025-10-04,6842.63,2025-10-05
INV105899,130,2025-09-04,2025-10-04,3592.31,2025-10-07
INV105900,19,2025-09-05,2025-10-05,19882.25,2025-10-28
INV105901,42,2025-09-05,2025-11-04,3941.07,2025-10-27
INV105902,58,2025-09-05,2025-10-05,4201.43,2025-10-03
INV105903,66,2025-09-05,2025-10-05,9141.1,2025-10-13
INV105904,81,2025-09-05,2025-10-05,2613.79,2025-09-30
INV105905,112,2025-09-05,2025-11-04,3126.86,2025-11-08
INV105906,14,2025-09-06,2025-10-06,4386.14,2025-10-11
INV105907,18,2025-09-06,2025-10-06,23282.77,2025-10-06
INV105908,61,2025-09-06,2025-10-06,3023.15,2025-10-02
INV105909,65,2025-09-06,2025-10-06,1976.82,2025-11-20
INV105910,70,2025-09-06,2025-10-06,4108.87,2025-10-10
INV105911,105,2025-09-06,2025-10-06,1886.14,2025-10-20
INV105912,107,2025-09-06,2025-10-06,8507.06,2025-09-30
INV105913,111,2025-09-06,2025-10-06,4267.07,2025-09-30
INV105914,140,2025-09-06,2025-10-06,2624.6,2025-11-22
INV105915,141,2025-09-06,2025-10-06,903.39,2025-10-12
INV105916,143,2025-09-06,2025-10-06,57121.79,2025-10-14
INV105917,150,2025-09-06,2025-10-06,4605.78,2025-09-26
INV105918,150,2025-09-06,2025-10-06,5158.99,2025-10-03
INV105919,17,2025-09-07,2025-10-07,8596.63,2025-11-04
INV105920,17,2025-09-07,2025-10-07,8686.81,2025-10-20
INV105921,17,2025-09-07,2025-10-07,12753.63,2025-11-10
INV105922,27,2025-09-07,2025-10-07,2684.65,2025-10-10
INV105923,61,2025-09-07,2025-10-07,2532.5,2025-10-08
INV105924,66,2025-09-07,2025-10-07,6941.21,2025-10-08
INV105925,68,2025-09-07,2025-11-06,21415.59,2025-11-06
INV105926,133,2025-09-07,2025-10-07,1430.02,2025-10-05
INV105927,145,2025-09-07,2025-10-07,79438.25,2025-11-12
INV105928,15,2025-09-08,2025-11-07,6452.14,2025-11-06
INV105929,58,2025-09-08,2025-10-08,10443.22,2025-10-15
INV105930,82,2025-09-08,2025-10-08,14079.65,2025-11-10
INV105931,86,2025-09-08,2025-10-08,4678.04,2025-10-11
INV105932,94,2025-09-08,2025-10-08,3564.05,2025-10-15
INV105933,97,2025-09-08,2025-10-08,11103.02,2025-10-27
INV105934,129,2025-09-08,2025-10-08,7888.9,2025-10-12
INV105935,135,2025-09-08,2025-10-08,17904.53,2025-10-21
INV105936,111,2025-09-09,2025-10-09,5594.31,2025-10-04
INV105937,111,2025-09-09,2025-10-09,6048.13,2025-10-14
INV105938,115,2025-09-09,2025-10-09,3326.85,2025-10-28
INV105939,115,2025-09-09,2025-10-09,1094.59,2025-09-29
INV105940,121,2025-09-09,2025-10-09,9481.53,2025-10-03
INV105941,131,2025-09-09,2025-10-09,3799.1,2025-11-07
INV105942,132,2025-09-09,2025-10-09,5123.02,2025-10-11
INV105943,146,2025-09-09,2025-10-09,16251.88,2025-10-04
INV105944,148,2025-09-09,2025-11-08,4367.99,2025-11-06
INV105945,13,2025-09-10,2025-10-10,3980.29,2025-10-24
INV105946,36,2025-09-10,2025-10-10,8544.76,2025-10-06
INV105947,49,2025-09-10,2025-10-10,12079.86,2025-10-07
INV105948,69,2025-09-10,2025-10-10,37183.88,2025-10-28
INV105949,69,2025-09-10,2025-10-10,21921.66,2025-11-25
INV105950,94,2025-09-10,2025-10-10,3092.31,2025-10-07
INV105951,102,2025-09-10,2025-10-10,33476.22,2025-10-11
INV105952,135,2025-09-10,2025-10-10,20137.31,2025-11-19
INV105953,18,2025-09-11,2025-10-11,33250.56,2025-10-14
INV105954,20,2025-09-11,2025-11-10,6829.74,2025-11-09
INV105955,23,2025-09-11,2025-10-11,3596.79,2025-10-11
INV105956,37,2025-09-11,2025-10-11,5881.74,2025-10-23
INV105957,74,2025-09-11,2025-11-10,7828.9,2025-11-14
INV105958,82,2025-09-11,2025-10-11,12067.48,2025-11-02
INV105959,82,2025-09-11,2025-10-11,22469.97,2026-01-07
INV105960,82,2025-09-11,2025-10-11,18805.44,2025-12-01
INV105961,124,2025-09-11,2025-11-10,1759.42,2025-12-10
INV105962,130,2025-09-11,2025-10-11,6008.66,2025-10-17
INV105963,142,2025-09-11,2025-10-11,632.37,2025-10-17
INV105964,145,2025-09-11,2025-10-11,66272.76,2025-10-24
INV105965,14,2025-09-12,2025-10-12,2182.22,2025-10-14
INV105966,19,2025-09-12,2025-10-12,16554.26,2025-11-29
INV105967,21,2025-09-12,2025-10-12,11213.52,2025-12-09
INV105968,57,2025-09-12,2025-11-11,6765.79,2025-11-12
INV105969,76,2025-09-12,2025-10-12,8640.54,2025-11-02
INV105970,79,2025-09-12,2025-11-11,7873.89,2025-11-16
INV105971,95,2025-09-12,2025-11-11,22095.67,2025-12-21
INV105972,105,2025-09-12,2025-10-12,1276.37,2025-10-23
INV105973,120,2025-09-12,2025-11-11,6222.64,2025-11-07
INV105974,135,2025-09-12,2025-10-12,19483.59,2025-11-27
INV105975,136,2025-09-12,2025-10-12,2431.22,2025-11-30
INV105976,138,2025-09-12,2025-10-12,26064.81,2025-10-18
INV105977,141,2025-09-12,2025-10-12,1970.69,2025-10-21
INV105978,16,2025-09-13,2025-10-13,33043.28,2025-10-13
INV105979,50,2025-09-13,2025-10-13,6644.57,2025-11-26
INV105980,90,2025-09-13,2025-10-13,8831.53,2025-10-13
INV105981,94,2025-09-13,2025-10-13,1585.35,2025-10-15
INV105982,110,2025-09-13,2025-10-13,13968.16,2025-10-24
INV105983,128,2025-09-13,2025-10-13,2397.05,2025-10-06
INV105984,133,2025-09-13,2025-10-13,2209.65,2025-10-20
INV105985,147,2025-09-13,2025-10-13,3667.47,2025-11-08
INV105986,19,2025-09-14,2025-10-14,11946.08,2025-10-26
INV105987,21,2025-09-14,2025-10-14,9862.64,2025-12-10
INV105988,37,2025-09-14,2025-10-14,6242.21,2025-10-26
INV105989,56,2025-09-14,2025-10-14,6590.79,2025-10-17
INV105990,63,2025-09-14,2025-10-14,3722.24,2025-10-21
INV105991,90,2025-09-14,2025-10-14,10320.97,2025-10-12
INV105992,95,2025-09-14,2025-11-13,5184.09,
INV105993,95,2025-09-14,2025-11-13,11401.25,2025-12-11
INV105994,105,2025-09-14,2025-10-14,2109.99,2025-10-29
INV105995,130,2025-09-14,2025-10-14,5117.99,2025-10-18
INV105996,134,2025-09-14,2025-10-14,4773.95,2025-10-11
INV105997,13,2025-09-15,2025-10-15,6624.66,2025-11-15
INV105998,21,2025-09-15,2025-10-15,7614.48,2025-12-12
INV105999,71,2025-09-15,2025-10-15,913.26,2025-10-20
INV106000,81,2025-09-15,2025-10-15,1149.47,2025-10-13
INV106001,87,2025-09-15,2025-10-15,2163.71,2025-10-14
INV106002,124,2025-09-15,2025-11-14,5481.44,2025-11-22
INV106003,130,2025-09-15,2025-10-15,9375.86,2025-10-28
INV106004,142,2025-09-15,2025-10-15,747.83,2025-10-14
INV106005,18,2025-09-16,2025-10-16,72004.57,2025-10-21
INV106006,20,2025-09-16,2025-11-15,11339.24,2025-11-12
INV106007,38,2025-09-16,2025-10-16,12642.65,2025-10-16
INV106008,98,2025-09-16,2025-10-16,763.26,2025-11-26
INV106009,121,2025-09-16,2025-10-16,18483.7,2025-10-24
INV106010,121,2025-09-16,2025-10-16,14316.67,2025-10-08
INV106011,134,2025-09-16,2025-10-16,6665.92,2025-10-16
INV106012,10,2025-09-17,2025-11-16,7660.85,2025-11-23
INV106013,13,2025-09-17,2025-10-17,3730.27,2025-11-05
INV106014,24,2025-09-17,2025-10-17,8574.68,2025-10-12
INV106015,45,2025-09-17,2025-10-17,8512.39,
INV106016,65,2025-09-17,2025-10-17,1594.23,2025-10-30
INV106017,71,2025-09-17,2025-10-17,1023.8,2025-11-20
INV106018,49,2025-09-18,2025-10-18,8507.58,2025-10-16
INV106019,57,2025-09-18,2025-11-17,2962.45,2025-11-14
INV106020,66,2025-09-18,2025-10-18,2483.98,2025-10-18
INV106021,83,2025-09-18,2025-10-18,8857.82,2025-12-23
INV106022,85,2025-09-18,2025-10-18,9195.69,2025-10-17
INV106023,103,2025-09-18,2025-10-18,9072.79,2025-11-09
INV106024,110,2025-09-18,2025-10-18,6773.25,2025-10-21
INV106025,136,2025-09-18,2025-10-18,2618.5,2025-12-20
INV106026,140,2025-09-18,2025-10-18,5171.01,2025-10-31
INV106027,13,2025-09-19,2025-10-19,4111.23,2025-11-25
INV106028,39,2025-09-19,2025-10-19,4840.5,2025-12-14
INV106029,68,2025-09-19,2025-11-18,18399.88,2025-11-27
INV106030,71,2025-09-19,2025-10-19,1338.29,2025-10-11
INV106031,104,2025-09-19,2025-10-19,15791.72,2025-10-11
INV106032,109,2025-09-19,2025-11-18,10442.12,2025-12-14
INV106033,143,2025-09-19,2025-10-19,52489.36,2025-10-17
INV106034,150,2025-09-19,2025-10-19,2689.25,2025-10-21
INV106035,7,2025-09-20,2025-10-20,7236.27,2025-10-28
INV106036,17,2025-09-20,2025-10-20,17813.09,2025-11-24
INV106037,22,2025-09-20,2025-10-20,35543.82,2025-10-14
INV106038,30,2025-09-20,2025-10-20,2040.45,2025-10-18
INV106039,65,2025-09-20,2025-10-20,1353.98,2025-10-27
INV106040,66,2025-09-20,2025-10-20,5186.85,2025-10-21
INV106041,89,2025-09-20,2025-10-20,10533.79,2025-10-17
INV106042,121,2025-09-20,2025-10-20,17406.53,2025-10-25
INV106043,146,2025-09-20,2025-10-20,8811.09,2025-11-21
INV106044,148,2025-09-20,2025-11-19,15460.28,2025-11-24
INV106045,20,2025-09-21,2025-11-20,14099.38,2025-11-28
INV106046,45,2025-09-21,2025-10-21,14104.95,2025-12-25
INV106047,57,2025-09-21,2025-11-20,7882.9,2025-11-26
INV106048,69,2025-09-21,2025-10-21,16052.35,2025-10-11
INV106049,83,2025-09-21,2025-10-21,9572.53,2025-12-04
INV106050,114,2025-09-21,2025-10-21,3499.47,2025-11-16
INV106051,123,2025-09-21,2025-11-20,3757.69,2025-11-20
INV106052,3,2025-09-22,2025-10-22,4624.91,2025-11-03
INV106053,24,2025-09-22,2025-10-22,3905.89,2025-10-20
INV106054,33,2025-09-22,2025-10-22,5890.2,2025-10-23
INV106055,35,2025-09-22,2025-10-22,2909.79,2025-10-15
INV106056,44,2025-09-22,2025-11-21,8553.32,2025-11-27
INV106057,73,2025-09-22,2025-10-22,3958.58,2025-10-25
INV106058,96,2025-09-22,2025-10-22,32285.15,2025-11-11
INV106059,128,2025-09-22,2025-10-22,3619.89,2025-10-23
INV106060,129,2025-09-22,2025-10-22,9302.95,2025-10-15
INV106061,130,2025-09-22,2025-10-22,3928.5,2025-10-18
INV106062,139,2025-09-22,2025-10-22,19410.1,2025-11-26
INV106063,33,2025-09-23,2025-10-23,4771.57,2025-10-19
INV106064,33,2025-09-23,2025-10-23,5562.15,2025-10-29
INV106065,55,2025-09-23,2025-10-23,6093.8,2025-11-20
INV106066,65,2025-09-23,2025-10-23,1153.63,2025-11-25
INV106067,72,2025-09-23,2025-10-23,3803.87,2025-10-20
INV106068,83,2025-09-23,2025-10-23,3809.16,2025-12-06
INV106069,95,2025-09-23,2025-11-22,22814.91,2025-12-28
INV106070,98,2025-09-23,2025-10-23,739.41,2025-12-06
INV106071,108,2025-09-23,2025-10-23,4618.01,2025-10-22
INV106072,126,2025-09-23,2025-10-23,4619.31,2025-11-18
INV106073,128,2025-09-23,2025-10-23,3057.45,2025-10-25
INV106074,130,2025-09-23,2025-10-23,6870.56,2025-10-28
INV106075,130,2025-09-23,2025-10-23,5582.81,2025-10-25
INV106076,139,2025-09-23,2025-10-23,9010.19,2025-11-01
INV106077,144,2025-09-23,2025-10-23,2078.41,2025-11-20
INV106078,4,2025-09-24,2025-11-23,4136.92,2025-11-21
INV106079,6,2025-09-24,2025-10-24,22902.88,2025-11-28
INV106080,11,2025-09-24,2025-10-24,2036.84,2025-10-29
INV106081,18,2025-09-24,2025-10-24,62673.48,2025-10-30
INV106082,43,2025-09-24,2025-11-23,4447.6,2025-11-18
INV106083,46,2025-09-24,2025-11-23,3912.62,2025-12-15
INV106084,48,2025-09-24,2025-11-23,27872.38,2025-11-17
INV106085,56,2025-09-24,2025-10-24,6946.72,2025-10-27
INV106086,105,2025-09-24,2025-10-24,1248.61,2025-11-06
INV106087,10,2025-09-25,2025-11-24,6371.29,2025-12-16
INV106088,16,2025-09-25,2025-10-25,14400.77,2025-11-18
INV106089,28,2025-09-25,2025-10-25,421.84,2025-10-31
INV106090,50,2025-09-25,2025-10-25,11968.41,2025-12-22
INV106091,70,2025-09-25,2025-10-25,5369.54,2025-10-29
INV106092,83,2025-09-25,2025-10-25,9507.03,2025-11-14
INV106093,84,2025-09-25,2025-10-25,10276.89,2025-10-22
INV106094,91,2025-09-25,2025-10-25,6658.24,2025-10-21
INV106095,105,2025-09-25,2025-10-25,3132.27,2025-11-18
INV106096,131,2025-09-25,2025-10-25,5491.95,2025-11-09
INV106097,13,2025-09-26,2025-10-26,5861.0,2025-11-04
INV106098,22,2025-09-26,2025-10-26,30399.53,2025-10-16
INV106099,23,2025-09-26,2025-10-26,11322.4,2025-10-22
INV106100,33,2025-09-26,2025-10-26,3639.0,2025-10-24
INV106101,55,2025-09-26,2025-10-26,14308.65,2025-11-25
INV106102,63,2025-09-26,2025-10-26,3621.56,2025-10-30
INV106103,79,2025-09-26,2025-11-25,5245.33,2025-11-21
INV106104,100,2025-09-26,2025-10-26,4470.74,2025-11-08
INV106105,105,2025-09-26,2025-10-26,1690.3,2025-11-30
INV106106,110,2025-09-26,2025-10-26,4768.62,2025-10-21
INV106107,115,2025-09-26,2025-10-26,1445.99,2025-10-16
INV106108,126,2025-09-26,2025-10-26,6773.7,2025-11-23
INV106109,3,2025-09-27,2025-10-27,4933.98,2025-11-13
INV106110,10,2025-09-27,2025-11-26,11539.93,2026-01-02
INV106111,27,2025-09-27,2025-10-27,2662.03,2025-11-03
INV106112,57,2025-09-27,2025-11-26,8964.13,2025-11-16
INV106113,59,2025-09-27,2025-10-27,2470.85,2025-10-28
INV106114,84,2025-09-27,2025-10-27,13618.01,2025-11-05
INV106115,93,2025-09-27,2025-10-27,3452.74,2025-11-30
INV106116,107,2025-09-27,2025-10-27,18505.92,2025-10-29
INV106117,130,2025-09-27,2025-10-27,5404.51,2025-11-03
INV106118,138,2025-09-27,2025-10-27,4077.12,2025-10-28
INV106119,149,2025-09-27,2025-10-27,13344.48,2025-11-09
INV106120,8,2025-09-28,2025-11-27,1357.69,2025-11-24
INV106121,17,2025-09-28,2025-10-28,11727.53,2025-11-27
INV106122,21,2025-09-28,2025-10-28,13372.5,2025-12-22
INV106123,50,2025-09-28,2025-10-28,9277.47,2025-11-12
INV106124,74,2025-09-28,2025-11-27,8794.54,2025-11-29
INV106125,84,2025-09-28,2025-10-28,10298.22,2025-10-31
INV106126,138,2025-09-28,2025-10-28,10163.07,2025-10-18
INV106127,148,2025-09-28,2025-11-27,5853.03,2025-11-24
INV106128,18,2025-10-01,2025-10-31,31053.2,2025-10-27
INV106129,56,2025-10-01,2025-10-31,9244.64,2025-10-29
INV106130,58,2025-10-01,2025-10-31,7197.04,2025-11-05
INV106131,61,2025-10-01,2025-10-31,1697.8,2025-11-02
INV106132,82,2025-10-01,2025-10-31,9549.11,2025-11-27
INV106133,90,2025-10-01,2025-10-31,13849.04,2025-10-23
INV106134,122,2025-10-01,2025-10-31,1854.97,2025-11-06
INV106135,136,2025-10-01,2025-10-31,1720.64,2025-11-27
INV106136,147,2025-10-01,2025-10-31,3189.57,2025-11-21
INV106137,35,2025-10-02,2025-11-01,3655.57,2025-10-25
INV106138,58,2025-10-02,2025-11-01,9765.48,2025-11-04
INV106139,72,2025-10-02,2025-11-01,3398.86,2025-10-26
INV106140,82,2025-10-02,2025-11-01,10786.42,2025-12-01
INV106141,111,2025-10-02,2025-11-01,8641.34,2025-10-27
INV106142,117,2025-10-02,2025-11-01,6802.56,2025-11-06
INV106143,149,2025-10-02,2025-11-01,8209.98,2025-12-10
INV106144,68,2025-10-03,2025-12-02,9876.65,2025-12-05
INV106145,87,2025-10-03,2025-11-02,2753.24,2025-11-07
INV106146,97,2025-10-03,2025-11-02,10764.66,2025-11-20
INV106147,98,2025-10-03,2025-11-02,757.22,2025-11-19
INV106148,122,2025-10-03,2025-11-02,5578.59,2025-11-13
INV106149,133,2025-10-03,2025-11-02,2203.05,2025-11-04
INV106150,146,2025-10-03,2025-11-02,15247.23,2025-11-11
INV106151,149,2025-10-03,2025-11-02,8174.47,2025-11-13
INV106152,4,2025-10-04,2025-12-03,1819.91,2025-12-02
INV106153,19,2025-10-04,2025-11-03,20096.71,2025-11-19
INV106154,38,2025-10-04,2025-11-03,10596.63,2025-11-05
INV106155,47,2025-10-04,2025-11-03,19528.89,2025-10-31
INV106156,62,2025-10-04,2025-12-03,11703.85,2025-12-15
INV106157,79,2025-10-04,2025-12-03,9278.86,2025-12-03
INV106158,122,2025-10-04,2025-11-03,2424.38,2025-11-04
INV106159,126,2025-10-04,2025-11-03,5292.51,2025-12-06
INV106160,126,2025-10-04,2025-11-03,6413.75,2025-12-03
INV106161,144,2025-10-04,2025-11-03,1407.55,2025-11-29
INV106162,3,2025-10-05,2025-11-04,4502.71,2025-11-09
INV106163,13,2025-10-05,2025-11-04,2450.7,2025-11-08
INV106164,16,2025-10-05,2025-11-04,17123.82,2025-11-28
INV106165,17,2025-10-05,2025-11-04,5073.4,2025-11-22
INV106166,20,2025-10-05,2025-12-04,10195.58,2025-12-08
INV106167,25,2025-10-05,2025-11-04,5026.96,2025-11-04
INV106168,31,2025-10-05,2025-11-04,3071.22,2025-11-09
INV106169,78,2025-10-05,2025-11-04,570.04,2025-10-27
INV106170,83,2025-10-05,2025-11-04,2947.18,2025-12-08
INV106171,111,2025-10-05,2025-11-04,6426.17,2025-11-11
INV106172,111,2025-10-05,2025-11-04,5703.05,2025-11-05
INV106173,114,2025-10-05,2025-11-04,2332.18,2025-11-13
INV106174,115,2025-10-05,2025-11-04,2562.56,2025-11-15
INV106175,119,2025-10-05,2025-12-04,5791.0,2025-12-03
INV106176,121,2025-10-05,2025-11-04,35793.4,2025-11-05
INV106177,122,2025-10-05,2025-11-04,1177.05,2025-11-15
INV106178,122,2025-10-05,2025-11-04,1941.61,2025-11-02
INV106179,135,2025-10-05,2025-11-04,23941.9,2025-12-30
INV106180,144,2025-10-05,2025-11-04,2508.66,2025-12-02
INV106181,5,2025-10-06,2025-11-05,3851.87,2025-11-08
INV106182,17,2025-10-06,2025-11-05,7151.49,2025-11-25
INV106183,69,2025-10-06,2025-11-05,19374.98,2025-12-10
INV106184,72,2025-10-06,2025-11-05,2383.72,2025-11-01
INV106185,110,2025-10-06,2025-11-05,7301.8,2025-10-26
INV106186,130,2025-10-06,2025-11-05,8499.34,2025-11-04
INV106187,141,2025-10-06,2025-11-05,1564.98,2025-11-11
INV106188,148,2025-10-06,2025-12-05,6254.51,2025-12-06
INV106189,11,2025-10-07,2025-11-06,1729.02,2025-11-09
INV106190,30,2025-10-07,2025-11-06,5427.15,2025-11-07
INV106191,33,2025-10-07,2025-11-06,10907.96,2025-11-09
INV106192,36,2025-10-07,2025-11-06,11364.67,2025-11-13
INV106193,70,2025-10-07,2025-11-06,6140.8,2025-10-30
INV106194,90,2025-10-07,2025-11-06,10922.88,2025-11-04
INV106195,92,2025-10-07,2025-11-06,28678.86,2025-12-11
INV106196,149,2025-10-07,2025-11-06,16431.91,2025-11-23
INV106197,150,2025-10-07,2025-11-06,1559.4,2025-11-11
INV106198,19,2025-10-08,2025-11-07,9335.72,2025-11-16
INV106199,28,2025-10-08,2025-11-07,1581.94,2025-12-08
INV106200,28,2025-10-08,2025-11-07,1517.71,2025-11-30
INV106201,42,2025-10-08,2025-12-07,5239.23,2025-12-15
INV106202,43,2025-10-08,2025-12-07,6002.58,2025-12-15
INV106203,56,2025-10-08,2025-11-07,6134.53,2025-11-01
INV106204,76,2025-10-08,2025-11-07,15082.59,2025-12-06
INV106205,80,2025-10-08,2025-12-07,18392.84,2025-12-11
INV106206,80,2025-10-08,2025-12-07,31572.57,2025-12-13
INV106207,90,2025-10-08,2025-11-07,12369.54,2025-11-13
INV106208,100,2025-10-08,2025-11-07,2694.0,2025-11-10
INV106209,109,2025-10-08,2025-12-07,14331.48,2026-02-03
INV106210,122,2025-10-08,2025-11-07,2764.92,2025-11-09
INV106211,124,2025-10-08,2025-12-07,3729.01,2026-01-28
INV106212,132,2025-10-08,2025-11-07,2247.41,2025-11-11
INV106213,10,2025-10-09,2025-12-08,4532.39,2025-12-30
INV106214,23,2025-10-09,2025-11-08,16051.34,2025-11-08
INV106215,35,2025-10-09,2025-11-08,2674.59,2025-11-18
INV106216,61,2025-10-09,2025-11-08,2077.6,2025-11-05
INV106217,68,2025-10-09,2025-12-08,17199.67,2025-12-13
INV106218,83,2025-10-09,2025-11-08,3732.01,2026-01-11
INV106219,85,2025-10-09,2025-11-08,6393.88,2025-11-09
INV106220,120,2025-10-09,2025-12-08,3265.14,2025-11-30
INV106221,124,2025-10-09,2025-12-08,3226.49,2025-12-18
INV106222,132,2025-10-09,2025-11-08,1993.87,2025-10-31
INV106223,150,2025-10-09,2025-11-08,7089.29,2025-11-11
INV106224,13,2025-10-10,2025-11-09,3404.73,2025-12-03
INV106225,24,2025-10-10,2025-11-09,9355.33,2025-11-05
INV106226,26,2025-10-10,2025-12-09,7021.27,2025-12-13
INV106227,51,2025-10-10,2025-11-09,3994.04,2025-11-03
INV106228,112,2025-10-10,2025-12-09,5265.38,2025-12-06
INV106229,112,2025-10-10,2025-12-09,3858.15,2025-12-14
INV106230,133,2025-10-10,2025-11-09,1359.69,2025-11-05
INV106231,35,2025-10-11,2025-11-10,4332.71,2025-11-05
INV106232,39,2025-10-11,2025-11-10,10477.19,2025-12-21
INV106233,70,2025-10-11,2025-11-10,6852.0,2025-11-08
INV106234,100,2025-10-11,2025-11-10,4398.46,2025-12-06
INV106235,106,2025-10-11,2025-11-10,2333.31,2025-11-07
INV106236,113,2025-10-11,2025-12-10,16291.0,2025-11-30
INV106237,140,2025-10-11,2025-11-10,3044.04,2025-12-06
INV106238,5,2025-10-12,2025-11-11,2887.53,2025-11-13
INV106239,18,2025-10-12,2025-11-11,32372.77,2025-11-14
INV106240,21,2025-10-12,2025-11-11,18706.47,2026-01-18
INV106241,24,2025-10-12,2025-11-11,5467.86,2025-11-15
INV106242,42,2025-10-12,2025-12-11,2373.28,2025-12-15
INV106243,48,2025-10-12,2025-12-11,22945.49,2025-12-21
INV106244,57,2025-10-12,2025-12-11,5154.96,2025-12-04
INV106245,78,2025-10-12,2025-11-11,1097.24,2025-11-14
INV106246,94,2025-10-12,2025-11-11,2793.9,2025-11-07
INV106247,108,2025-10-12,2025-11-11,4935.78,2025-11-06
INV106248,117,2025-10-12,2025-11-11,9072.95,2025-11-20
INV106249,133,2025-10-12,2025-11-11,1114.52,2025-11-13
INV106250,49,2025-10-13,2025-11-12,11384.04,2025-11-05
INV106251,51,2025-10-13,2025-11-12,5026.62,2025-11-17
INV106252,64,2025-10-13,2025-11-12,4538.33,2025-11-11
INV106253,121,2025-10-13,2025-11-12,11541.51,2025-11-11
INV106254,123,2025-10-13,2025-12-12,4973.37,2025-12-17
INV106255,130,2025-10-13,2025-11-12,10662.88,2025-11-13
INV106256,133,2025-10-13,2025-11-12,1167.34,2025-11-18
INV106257,143,2025-10-13,2025-11-12,31021.57,2025-11-07
INV106258,144,2025-10-13,2025-11-12,1394.27,2025-11-28
INV106259,145,2025-10-13,2025-11-12,91736.74,2025-11-18
INV106260,2,2025-10-14,2025-11-13,10904.79,2025-11-22
INV106261,4,2025-10-14,2025-12-13,9288.76,2025-12-23
INV106262,12,2025-10-14,2025-11-13,3706.15,2025-11-15
INV106263,15,2025-10-14,2025-12-13,5850.46,2025-12-11
INV106264,47,2025-10-14,2025-11-13,16821.98,2025-11-10
INV106265,49,2025-10-14,2025-11-13,10653.03,2025-11-17
INV106266,75,2025-10-14,2025-11-13,2380.62,2025-11-03
INV106267,80,2025-10-14,2025-12-13,20203.22,2025-12-11
INV106268,85,2025-10-14,2025-11-13,3806.74,2025-11-15
INV106269,94,2025-10-14,2025-11-13,2548.19,2025-11-19
INV106270,113,2025-10-14,2025-12-13,18756.83,2025-12-15
INV106271,120,2025-10-14,2025-12-13,4789.49,2025-12-07
INV106272,126,2025-10-14,2025-11-13,2391.08,2025-12-08
INV106273,149,2025-10-14,2025-11-13,22614.16,2025-12-06
INV106274,23,2025-10-15,2025-11-14,7019.25,2025-11-16
INV106275,38,2025-10-15,2025-11-14,12659.01,2025-11-08
INV106276,58,2025-10-15,2025-11-14,6016.62,2025-11-17
INV106277,60,2025-10-15,2025-11-14,14957.34,2025-11-16
INV106278,61,2025-10-15,2025-11-14,5040.15,2025-11-11
INV106279,77,2025-10-15,2025-11-14,23355.65,2025-11-17
INV106280,86,2025-10-15,2025-11-14,4126.19,2025-11-22
INV106281,112,2025-10-15,2025-12-14,2945.83,2025-12-20
INV106282,150,2025-10-15,2025-11-14,3639.87,2025-11-16
INV106283,21,2025-10-16,2025-11-15,14169.47,2025-11-11
INV106284,58,2025-10-16,2025-11-15,8165.76,2025-11-13
INV106285,89,2025-10-16,2025-11-15,5777.4,2025-11-18
INV106286,103,2025-10-16,2025-11-15,10180.99,2025-12-19
INV106287,107,2025-10-16,2025-11-15,12364.19,2025-11-14
INV106288,116,2025-10-16,2025-11-15,10087.56,2025-11-14
INV106289,122,2025-10-16,2025-11-15,1343.71,2025-11-26
INV106290,124,2025-10-16,2025-12-15,8483.1,2026-01-06
INV106291,134,2025-10-16,2025-11-15,6713.88,2025-11-21
INV106292,141,2025-10-16,2025-11-15,2004.43,2025-11-16
INV106293,143,2025-10-16,2025-11-15,84177.98,2025-11-16
INV106294,150,2025-10-16,2025-11-15,4021.77,2025-11-15
INV106295,39,2025-10-17,2025-11-16,11749.33,2026-01-20
INV106296,64,2025-10-17,2025-11-16,9836.98,2025-11-14
INV106297,69,2025-10-17,2025-11-16,23636.9,2025-11-11
INV106298,91,2025-10-17,2025-11-16,8247.31,2025-11-19
INV106299,117,2025-10-17,2025-11-16,5047.0,2025-11-13
INV106300,124,2025-10-17,2025-12-16,6647.3,2026-01-03
INV106301,137,2025-10-17,2025-12-16,8304.77,2026-01-28
INV106302,21,2025-10-18,2025-11-17,17176.68,2026-01-15
INV106303,42,2025-10-18,2025-12-17,5165.86,2025-12-18
INV106304,75,2025-10-18,2025-11-17,2406.21,2025-11-23
INV106305,78,2025-10-18,2025-11-17,939.69,2025-12-10
INV106306,86,2025-10-18,2025-11-17,3977.06,2025-11-24
INV106307,111,2025-10-18,2025-11-17,12294.66,2025-11-16
INV106308,116,2025-10-18,2025-11-17,7419.91,2025-11-22
INV106309,121,2025-10-18,2025-11-17,16108.75,2025-11-18
INV106310,122,2025-10-18,2025-11-17,3137.37,2025-11-20
INV106311,148,2025-10-18,2025-12-17,7292.01,2025-12-09
INV106312,9,2025-10-19,2025-11-18,5012.78,2026-02-19
INV106313,10,2025-10-19,2025-12-18,9228.54,2026-01-04
INV106314,15,2025-10-19,2025-12-18,6060.64,2025-12-18
INV106315,34,2025-10-19,2025-11-18,6589.46,2025-12-03
INV106316,45,2025-10-19,2025-11-18,5815.03,
INV106317,77,2025-10-19,2025-11-18,16314.42,2025-11-13
INV106318,81,2025-10-19,2025-11-18,1777.2,2025-11-23
INV106319,81,2025-10-19,2025-11-18,1641.42,2025-11-22
INV106320,96,2025-10-19,2025-11-18,26165.96,2025-12-02
INV106321,134,2025-10-19,2025-11-18,10328.72,2025-11-28
INV106322,4,2025-10-20,2025-12-19,6164.66,2025-12-21
INV106323,16,2025-10-20,2025-11-19,13449.0,2025-11-29
INV106324,27,2025-10-20,2025-11-19,4322.35,2025-11-20
INV106325,44,2025-10-20,2025-12-19,7905.78,2025-12-18
INV106326,53,2025-10-20,2025-12-19,20434.99,2026-01-02
INV106327,83,2025-10-20,2025-11-19,8023.28,2026-01-04
INV106328,103,2025-10-20,2025-11-19,9862.66,2025-12-18
INV106329,103,2025-10-20,2025-11-19,5720.66,2025-12-10
INV106330,123,2025-10-20,2025-12-19,4444.59,2025-12-16
INV106331,143,2025-10-20,2025-11-19,95791.12,2025-11-23
INV106332,146,2025-10-20,2025-11-19,30942.38,2026-01-10
INV106333,27,2025-10-21,2025-11-20,3275.5,2025-11-20
INV106334,35,2025-10-21,2025-11-20,2521.73,2025-11-24
INV106335,48,2025-10-21,2025-12-20,12653.25,2025-12-27
INV106336,71,2025-10-21,2025-11-20,735.34,2025-11-13
INV106337,73,2025-10-21,2025-11-20,6868.03,2025-11-25
INV106338,120,2025-10-21,2025-12-20,3556.52,2025-12-20
INV106339,138,2025-10-21,2025-11-20,10118.37,2025-11-21
INV106340,146,2025-10-21,2025-11-20,19997.15,2025-12-04
INV106341,16,2025-10-22,2025-11-21,33167.64,2025-11-11
INV106342,23,2025-10-22,2025-11-21,6113.74,2025-11-18
INV106343,29,2025-10-22,2025-11-21,2747.49,2025-12-20
INV106344,44,2025-10-22,2025-12-21,6115.8,2025-12-13
INV106345,51,2025-10-22,2025-11-21,1827.94,2025-12-03
INV106346,66,2025-10-22,2025-11-21,6188.1,2025-11-19
INV106347,80,2025-10-22,2025-12-21,17581.18,2025-12-20
INV106348,98,2025-10-22,2025-11-21,1348.64,2025-11-16
INV106349,109,2025-10-22,2025-12-21,34566.64,2026-01-08
INV106350,129,2025-10-22,2025-11-21,10916.4,2025-11-20
INV106351,147,2025-10-22,2025-11-21,3595.72,2025-12-11
INV106352,5,2025-10-23,2025-11-22,3725.13,2025-11-26
INV106353,9,2025-10-23,2025-11-22,5694.86,2026-02-06
INV106354,19,2025-10-23,2025-11-22,8051.94,2026-01-01
INV106355,79,2025-10-23,2025-12-22,6601.06,2025-12-14
INV106356,89,2025-10-23,2025-11-22,6281.4,2025-11-22
INV106357,137,2025-10-23,2025-12-22,5717.47,2026-01-18
INV106358,149,2025-10-23,2025-11-22,10729.46,2025-12-06
INV106359,6,2025-10-24,2025-11-23,14320.47,2025-12-23
INV106360,25,2025-10-24,2025-11-23,3930.18,2025-11-17
INV106361,35,2025-10-24,2025-11-23,5214.78,2025-11-18
INV106362,44,2025-10-24,2025-12-23,4873.08,2025-12-26
INV106363,44,2025-10-24,2025-12-23,6653.12,2025-12-25
INV106364,57,2025-10-24,2025-12-23,10763.49,2025-12-20
INV106365,77,2025-10-24,2025-11-23,10494.67,2025-11-13
INV106366,83,2025-10-24,2025-11-23,6570.1,2025-11-30
INV106367,85,2025-10-24,2025-11-23,10234.65,2025-12-03
INV106368,103,2025-10-24,2025-11-23,6842.5,2025-11-27
INV106369,113,2025-10-24,2025-12-23,17285.89,2025-12-29
INV106370,114,2025-10-24,2025-11-23,6455.13,2025-12-16
INV106371,141,2025-10-24,2025-11-23,1294.13,2025-11-16
INV106372,32,2025-10-25,2025-11-24,10625.53,2025-11-22
INV106373,56,2025-10-25,2025-11-24,6021.62,2025-11-30
INV106374,64,2025-10-25,2025-11-24,9720.33,2025-11-23
INV106375,71,2025-10-25,2025-11-24,1454.41,
INV106376,79,2025-10-25,2025-12-24,4045.06,2025-12-28
INV106377,79,2025-10-25,2025-12-24,12222.7,2025-12-25
INV106378,102,2025-10-25,2025-11-24,43864.46,2025-11-25
INV106379,124,2025-10-25,2025-12-24,3492.87,2026-01-11
INV106380,137,2025-10-25,2025-12-24,7399.76,2026-01-24
INV106381,140,2025-10-25,2025-11-24,1694.68,2025-11-24
INV106382,144,2025-10-25,2025-11-24,1594.87,2026-01-03
INV106383,81,2025-10-26,2025-11-25,1322.86,2025-11-26
INV106384,88,2025-10-26,2025-11-25,5951.27,2025-11-25
INV106385,107,2025-10-26,2025-11-25,9478.94,2025-11-22
INV106386,108,2025-10-26,2025-11-25,10351.88,2025-12-03
INV106387,111,2025-10-26,2025-11-25,13113.02,2025-11-25
INV106388,116,2025-10-26,2025-11-25,4804.3,2025-11-26
INV106389,120,2025-10-26,2025-12-25,3895.92,2026-01-06
INV106390,137,2025-10-26,2025-12-25,4061.67,2026-01-23
INV106391,147,2025-10-26,2025-11-25,7017.51,2026-01-04
INV106392,148,2025-10-26,2025-12-25,5472.68,2025-12-27
INV106393,8,2025-10-27,2025-12-26,2314.93,2026-01-03
INV106394,16,2025-10-27,2025-11-26,23666.17,2025-12-04
INV106395,33,2025-10-27,2025-11-26,10438.76,2025-11-25
INV106396,67,2025-10-27,2025-11-26,2165.11,2025-11-28
INV106397,76,2025-10-27,2025-11-26,11313.54,2025-12-28
INV106398,79,2025-10-27,2025-12-26,11421.36,2025-12-23
INV106399,88,2025-10-27,2025-11-26,7939.07,2025-12-08
INV106400,92,2025-10-27,2025-11-26,12465.2,2025-12-14
INV106401,121,2025-10-27,2025-11-26,11553.54,2025-11-30
INV106402,6,2025-10-28,2025-11-27,11669.9,2025-12-22
INV106403,11,2025-10-28,2025-11-27,1927.75,2025-11-26
INV106404,15,2025-10-28,2025-12-27,6244.86,2025-12-25
INV106405,38,2025-10-28,2025-11-27,20835.1,2025-11-25
INV106406,40,2025-10-28,2025-12-27,5900.29,2025-12-31
INV106407,46,2025-10-28,2025-12-27,1886.03,2025-12-30
INV106408,79,2025-10-28,2025-12-27,3017.0,2025-12-21
INV106409,84,2025-10-28,2025-11-27,26811.16,2025-11-28
INV106410,134,2025-10-28,2025-11-27,9986.29,2025-12-09
INV106411,141,2025-10-28,2025-11-27,2309.41,2025-11-27
INV106412,30,2025-11-01,2025-12-01,5381.04,2025-12-05
INV106413,61,2025-11-01,2025-12-01,1419.56,2025-12-08
INV106414,62,2025-11-01,2025-12-31,17367.02,2026-01-25
INV106415,68,2025-11-01,2025-12-31,24041.78,2025-12-26
INV106416,81,2025-11-01,2025-12-01,3474.75,2025-12-03
INV106417,124,2025-11-01,2025-12-31,2066.46,2026-01-20
INV106418,130,2025-11-01,2025-12-01,6478.6,2025-12-10
INV106419,135,2025-11-01,2025-12-01,19706.72,2026-01-01
INV106420,141,2025-11-01,2025-12-01,1304.43,2025-11-27
INV106421,144,2025-11-01,2025-12-01,2335.83,2026-01-14
INV106422,63,2025-11-02,2025-12-02,4379.72,2025-12-13
INV106423,65,2025-11-02,2025-12-02,1244.03,2026-01-04
INV106424,85,2025-11-02,2025-12-02,3879.85,2025-12-07
INV106425,93,2025-11-02,2025-12-02,3648.39,2026-01-04
INV106426,104,2025-11-02,2025-12-02,12891.11,2026-01-02
INV106427,138,2025-11-02,2025-12-02,17760.61,2025-12-10
INV106428,142,2025-11-02,2025-12-02,904.77,2025-12-07
INV106429,3,2025-11-03,2025-12-03,5200.26,2026-01-21
INV106430,23,2025-11-03,2025-12-03,8261.06,2025-12-03
INV106431,24,2025-11-03,2025-12-03,8543.61,2025-12-01
INV106432,31,2025-11-03,2025-12-03,1383.58,2025-11-29
INV106433,60,2025-11-03,2025-12-03,10807.65,2025-12-07
INV106434,103,2025-11-03,2025-12-03,5695.21,2025-12-13
INV106435,113,2025-11-03,2026-01-02,19647.24,2025-12-24
INV106436,113,2025-11-03,2026-01-02,16046.14,2026-01-04
INV106437,118,2025-11-03,2025-12-03,9128.81,2025-12-04
INV106438,131,2025-11-03,2025-12-03,3601.23,2026-03-13
INV106439,132,2025-11-03,2025-12-03,2386.84,2025-12-01
INV106440,21,2025-11-04,2025-12-04,13377.69,2025-12-22
INV106441,22,2025-11-04,2025-12-04,13913.73,2025-12-08
INV106442,30,2025-11-04,2025-12-04,3258.62,2025-12-10
INV106443,55,2025-11-04,2025-12-04,5752.99,2025-12-28
INV106444,61,2025-11-04,2025-12-04,2443.2,2025-12-09
INV106445,79,2025-11-04,2026-01-03,4453.23,2026-01-01
INV106446,116,2025-11-04,2025-12-04,12071.29,2025-12-06
INV106447,130,2025-11-04,2025-12-04,4924.45,2025-12-07
INV106448,133,2025-11-04,2025-12-04,1408.91,2025-12-01
INV106449,138,2025-11-04,2025-12-04,11446.89,2025-12-03
INV106450,50,2025-11-05,2025-12-05,12986.12,2026-01-26
INV106451,56,2025-11-05,2025-12-05,5792.97,2025-12-14
INV106452,106,2025-11-05,2025-12-05,6356.22,2025-12-03
INV106453,116,2025-11-05,2025-12-05,12291.74,2025-12-11
INV106454,125,2025-11-05,2026-01-04,2792.41,2026-01-03
INV106455,141,2025-11-05,2025-12-05,2100.97,2025-12-01
INV106456,144,2025-11-05,2025-12-05,1820.4,2026-01-02
INV106457,145,2025-11-05,2025-12-05,37371.06,2025-12-02
INV106458,29,2025-11-06,2025-12-06,7443.83,2026-01-06
INV106459,66,2025-11-06,2025-12-06,13463.59,2025-12-06
INV106460,103,2025-11-06,2025-12-06,7074.2,2025-11-28
INV106461,112,2025-11-06,2026-01-05,4691.06,2026-01-02
INV106462,120,2025-11-06,2026-01-05,3238.95,2026-01-13
INV106463,126,2025-11-06,2025-12-06,3395.79,2025-12-30
INV106464,7,2025-11-07,2025-12-07,13197.61,2025-12-13
INV106465,28,2025-11-07,2025-12-07,976.62,2025-12-22
INV106466,56,2025-11-07,2025-12-07,6039.22,2025-12-19
INV106467,73,2025-11-07,2025-12-07,7070.05,2025-12-09
INV106468,106,2025-11-07,2025-12-07,2174.71,2025-12-07
INV106469,110,2025-11-07,2025-12-07,3868.2,2025-12-16
INV106470,117,2025-11-07,2025-12-07,5073.29,2025-12-05
INV106471,143,2025-11-07,2025-12-07,35596.17,2025-12-05
INV106472,150,2025-11-07,2025-12-07,3348.98,2025-12-04
INV106473,5,2025-11-08,2025-12-08,3375.45,2025-12-13
INV106474,39,2025-11-08,2025-12-08,7055.13,2026-01-26
INV106475,65,2025-11-08,2025-12-08,1089.13,2025-12-24
INV106476,85,2025-11-08,2025-12-08,4303.17,2025-12-09
INV106477,85,2025-11-08,2025-12-08,7753.13,2025-12-08
INV106478,93,2025-11-08,2025-12-08,2947.99,2026-01-08
INV106479,98,2025-11-08,2025-12-08,1957.16,2026-02-28
INV106480,104,2025-11-08,2025-12-08,10069.59,2025-12-01
INV106481,109,2025-11-08,2026-01-07,9392.2,2026-03-03
INV106482,117,2025-11-08,2025-12-08,5651.63,2025-12-02
INV106483,123,2025-11-08,2026-01-07,5611.35,2026-01-05
INV106484,125,2025-11-08,2026-01-07,5111.61,2026-01-18
INV106485,125,2025-11-08,2026-01-07,4892.39,2026-01-14
INV106486,127,2025-11-08,2025-12-08,6929.5,2025-12-12
INV106487,143,2025-11-08,2025-12-08,65538.29,2025-11-28
INV106488,147,2025-11-08,2025-12-08,4231.59,2025-12-19
INV106489,147,2025-11-08,2025-12-08,6005.84,2025-12-22
INV106490,26,2025-11-09,2026-01-08,12433.69,2026-01-12
INV106491,28,2025-11-09,2025-12-09,712.4,2025-12-10
INV106492,34,2025-11-09,2025-12-09,5339.29,2025-12-15
INV106493,36,2025-11-09,2025-12-09,4337.46,2025-12-14
INV106494,68,2025-11-09,2026-01-08,14206.54,2026-01-11
INV106495,91,2025-11-09,2025-12-09,4853.72,2025-12-04
INV106496,126,2025-11-09,2025-12-09,2812.01,2026-01-07
INV106497,131,2025-11-09,2025-12-09,2715.77,2026-02-13
INV106498,140,2025-11-09,2025-12-09,5710.13,2026-01-10
INV106499,148,2025-11-09,2026-01-08,8782.3,2026-01-07
INV106500,3,2025-11-10,2025-12-10,4014.86,2026-01-14
INV106501,12,2025-11-10,2025-12-10,4909.92,2025-12-14
INV106502,22,2025-11-10,2025-12-10,25843.63,2025-12-08
INV106503,43,2025-11-10,2026-01-09,3034.57,2026-01-17
INV106504,75,2025-11-10,2025-12-10,2238.7,2025-12-13
INV106505,95,2025-11-10,2026-01-09,9113.64,2026-02-07
INV106506,102,2025-11-10,2025-12-10,33082.57,2025-12-23
INV106507,116,2025-11-10,2025-12-10,6813.34,2025-12-06
INV106508,120,2025-11-10,2026-01-09,2530.46,2026-01-18
INV106509,121,2025-11-10,2025-12-10,19880.54,2025-12-15
INV106510,130,2025-11-10,2025-12-10,12493.23,2025-12-07
INV106511,133,2025-11-10,2025-12-10,1484.7,2025-12-07
INV106512,137,2025-11-10,2026-01-09,13591.88,2026-02-09
INV106513,7,2025-11-11,2025-12-11,8061.72,2025-12-11
INV106514,8,2025-11-11,2026-01-10,1020.22,2026-01-24
INV106515,9,2025-11-11,2025-12-11,6943.55,2026-01-05
INV106516,56,2025-11-11,2025-12-11,4450.03,2025-12-05
INV106517,57,2025-11-11,2026-01-10,8075.27,2026-01-18
INV106518,63,2025-11-11,2025-12-11,4081.31,2025-12-13
INV106519,66,2025-11-11,2025-12-11,9648.57,2025-12-13
INV106520,66,2025-11-11,2025-12-11,4808.64,2025-12-12
INV106521,114,2025-11-11,2025-12-11,7101.4,2026-01-06
INV106522,128,2025-11-11,2025-12-11,1552.98,2025-12-09
INV106523,137,2025-11-11,2026-01-10,6961.57,2026-02-16
INV106524,143,2025-11-11,2025-12-11,139353.33,2025-12-25
INV106525,3,2025-11-12,2025-12-12,12089.64,2026-01-25
INV106526,41,2025-11-12,2025-12-12,18172.49,2025-12-05
INV106527,52,2025-11-12,2025-12-12,1849.85,2025-12-15
INV106528,84,2025-11-12,2025-12-12,17963.49,2025-12-12
INV106529,85,2025-11-12,2025-12-12,4043.12,2025-12-12
INV106530,93,2025-11-12,2025-12-12,6748.24,2026-01-19
INV106531,98,2025-11-12,2025-12-12,611.59,2026-02-23
INV106532,129,2025-11-12,2025-12-12,10453.83,2025-12-15
INV106533,11,2025-11-13,2025-12-13,2019.16,2025-12-16
INV106534,13,2025-11-13,2025-12-13,6538.34,2025-12-13
INV106535,19,2025-11-13,2025-12-13,17703.22,2026-01-12
INV106536,19,2025-11-13,2025-12-13,17641.12,2026-01-01
INV106537,34,2025-11-13,2025-12-13,7403.99,2026-01-09
INV106538,56,2025-11-13,2025-12-13,5477.44,2025-12-13
INV106539,65,2025-11-13,2025-12-13,1431.56,2026-01-01
INV106540,121,2025-11-13,2025-12-13,12056.27,2025-12-07
INV106541,142,2025-11-13,2025-12-13,1142.57,2025-12-28
INV106542,147,2025-11-13,2025-12-13,8255.45,2026-01-02
INV106543,149,2025-11-13,2025-12-13,11697.83,2026-01-01
INV106544,23,2025-11-14,2025-12-14,13620.04,2025-12-15
INV106545,26,2025-11-14,2026-01-13,6747.47,2026-01-21
INV106546,47,2025-11-14,2025-12-14,21344.51,2025-12-16
INV106547,57,2025-11-14,2026-01-13,8165.58,2026-01-15
INV106548,70,2025-11-14,2025-12-14,3500.39,2025-12-11
INV106549,85,2025-11-14,2025-12-14,3088.13,2025-12-08
INV106550,126,2025-11-14,2025-12-14,3629.09,2025-12-21
INV106551,141,2025-11-14,2025-12-14,932.23,2025-12-11
INV106552,13,2025-11-15,2025-12-15,4436.98,2025-12-27
INV106553,31,2025-11-15,2025-12-15,12759.36,2025-12-31
INV106554,60,2025-11-15,2025-12-15,6233.8,2025-12-11
INV106555,70,2025-11-15,2025-12-15,2361.0,2025-12-18
INV106556,91,2025-11-15,2025-12-15,9526.17,2025-12-11
INV106557,92,2025-11-15,2025-12-15,14915.41,2026-01-08
INV106558,104,2025-11-15,2025-12-15,7433.09,2025-12-24
INV106559,108,2025-11-15,2025-12-15,6932.5,2025-12-15
INV106560,125,2025-11-15,2026-01-14,1914.42,2026-01-07
INV106561,138,2025-11-15,2025-12-15,8625.94,2025-12-11
INV106562,139,2025-11-15,2025-12-15,16766.13,2025-12-22
INV106563,141,2025-11-15,2025-12-15,1201.77,2025-12-16
INV106564,13,2025-11-16,2025-12-16,4102.94,2026-01-10
INV106565,16,2025-11-16,2025-12-16,48450.66,2026-01-13
INV106566,33,2025-11-16,2025-12-16,19277.41,2025-12-24
INV106567,46,2025-11-16,2026-01-15,979.63,2026-01-30
INV106568,49,2025-11-16,2025-12-16,10586.48,2025-12-22
INV106569,64,2025-11-16,2025-12-16,9369.48,2025-12-11
INV106570,69,2025-11-16,2025-12-16,24865.06,2025-12-23
INV106571,90,2025-11-16,2025-12-16,6798.71,2025-12-21
INV106572,102,2025-11-16,2025-12-16,33954.28,2025-12-24
INV106573,106,2025-11-16,2025-12-16,6671.2,2025-12-30
INV106574,117,2025-11-16,2025-12-16,7150.08,2025-12-21
INV106575,117,2025-11-16,2025-12-16,9710.35,2025-12-23
INV106576,124,2025-11-16,2026-01-15,3482.51,2026-02-05
INV106577,137,2025-11-16,2026-01-15,10071.75,2026-01-26
INV106578,9,2025-11-17,2025-12-17,4292.55,2026-01-06
INV106579,23,2025-11-17,2025-12-17,3823.72,2025-12-15
INV106580,32,2025-11-17,2025-12-17,14723.07,2025-12-12
INV106581,46,2025-11-17,2026-01-16,3083.08,2026-02-04
INV106582,49,2025-11-17,2025-12-17,5171.11,2025-12-21
INV106583,52,2025-11-17,2025-12-17,3004.38,2026-01-09
INV106584,53,2025-11-17,2026-01-16,10806.18,2026-01-19
INV106585,58,2025-11-17,2025-12-17,7738.9,2025-12-14
INV106586,59,2025-11-17,2025-12-17,2527.47,2025-12-25
INV106587,93,2025-11-17,2025-12-17,3097.9,2026-01-08
INV106588,113,2025-11-17,2026-01-16,8112.95,2026-01-12
INV106589,1,2025-11-18,2025-12-18,3605.78,2026-01-03
INV106590,3,2025-11-18,2025-12-18,4745.41,2025-12-22
INV106591,10,2025-11-18,2026-01-17,7696.04,2026-02-14
INV106592,42,2025-11-18,2026-01-17,4084.15,2026-01-16
INV106593,111,2025-11-18,2025-12-18,7299.69,2025-12-18
INV106594,114,2025-11-18,2025-12-18,4248.96,2026-01-14
INV106595,130,2025-11-18,2025-12-18,5403.48,2025-12-13
INV106596,3,2025-11-19,2025-12-19,3074.31,2025-12-14
INV106597,30,2025-11-19,2025-12-19,4077.21,2025-12-19
INV106598,43,2025-11-19,2026-01-18,3412.77,2026-01-20
INV106599,71,2025-11-19,2025-12-19,797.73,2026-01-10
INV106600,84,2025-11-19,2025-12-19,16254.49,2025-12-19
INV106601,94,2025-11-19,2025-12-19,2136.91,2025-12-20
INV106602,117,2025-11-19,2025-12-19,9462.79,2025-12-18
INV106603,119,2025-11-19,2026-01-18,4165.77,2026-01-22
INV106604,142,2025-11-19,2025-12-19,667.27,2025-12-23
INV106605,5,2025-11-20,2025-12-20,2475.72,2025-12-19
INV106606,15,2025-11-20,2026-01-19,5075.26,2026-01-25
INV106607,71,2025-11-20,2025-12-20,831.14,2026-01-06
INV106608,81,2025-11-20,2025-12-20,2378.46,2025-12-18
INV106609,89,2025-11-20,2025-12-20,7796.9,2025-12-13
INV106610,112,2025-11-20,2026-01-19,5740.73,2026-01-18
INV106611,113,2025-11-20,2026-01-19,9762.94,2026-01-17
INV106612,124,2025-11-20,2026-01-19,3661.51,2026-01-25
INV106613,130,2025-11-20,2025-12-20,5945.19,2025-12-12
INV106614,132,2025-11-20,2025-12-20,3540.92,2025-12-29
INV106615,139,2025-11-20,2025-12-20,16126.95,2026-01-07
INV106616,140,2025-11-20,2025-12-20,2624.78,2025-12-25
INV106617,142,2025-11-20,2025-12-20,1002.55,2025-12-23
INV106618,144,2025-11-20,2025-12-20,2445.65,2025-12-14
INV106619,4,2025-11-21,2026-01-20,3429.02,2026-02-02
INV106620,9,2025-11-21,2025-12-21,4256.15,2026-02-10
INV106621,51,2025-11-21,2025-12-21,2643.42,2025-12-21
INV106622,57,2025-11-21,2026-01-20,4219.03,2026-01-21
INV106623,67,2025-11-21,2025-12-21,4701.53,2025-12-17
INV106624,70,2025-11-21,2025-12-21,11044.26,2025-12-18
INV106625,81,2025-11-21,2025-12-21,1477.14,2025-12-13
INV106626,84,2025-11-21,2025-12-21,12082.61,2025-12-19
INV106627,87,2025-11-21,2025-12-21,1665.29,2025-12-27
INV106628,92,2025-11-21,2025-12-21,27782.69,2026-01-11
INV106629,96,2025-11-21,2025-12-21,12438.18,2026-01-04
INV106630,103,2025-11-21,2025-12-21,19368.6,2026-01-04
INV106631,126,2025-11-21,2025-12-21,5506.23,2026-01-22
INV106632,146,2025-11-21,2025-12-21,16772.72,2026-01-07
INV106633,8,2025-11-22,2026-01-21,1366.35,2026-01-25
INV106634,24,2025-11-22,2025-12-22,12117.65,2025-12-20
INV106635,26,2025-11-22,2026-01-21,6811.66,2026-01-21
INV106636,45,2025-11-22,2025-12-22,5320.81,2026-01-23
INV106637,61,2025-11-22,2025-12-22,2802.94,2025-12-15
INV106638,62,2025-11-22,2026-01-21,16712.27,2026-02-23
INV106639,87,2025-11-22,2025-12-22,2774.52,2026-01-14
INV106640,107,2025-11-22,2025-12-22,23585.36,2025-12-19
INV106641,112,2025-11-22,2026-01-21,4077.82,2026-01-19
INV106642,123,2025-11-22,2026-01-21,6901.58,2026-01-11
INV106643,131,2025-11-22,2025-12-22,5159.82,2026-03-04
INV106644,133,2025-11-22,2025-12-22,1737.84,2025-12-24
INV106645,57,2025-11-23,2026-01-22,6599.48,2026-01-22
INV106646,88,2025-11-23,2025-12-23,5674.29,2025-12-24
INV106647,95,2025-11-23,2026-01-22,11732.82,2026-01-25
INV106648,101,2025-11-23,2025-12-23,7199.56,2025-12-21
INV106649,110,2025-11-23,2025-12-23,6512.24,2025-12-20
INV106650,113,2025-11-23,2026-01-22,5691.98,2026-01-31
INV106651,127,2025-11-23,2025-12-23,6180.04,2025-12-30
INV106652,148,2025-11-23,2026-01-22,8505.58,2026-01-30
INV106653,4,2025-11-24,2026-01-23,2956.79,2026-01-23
INV106654,4,2025-11-24,2026-01-23,4570.75,2026-01-19
INV106655,5,2025-11-24,2025-12-24,3102.3,2025-12-22
INV106656,22,2025-11-24,2025-12-24,51646.13,2026-01-07
INV106657,27,2025-11-24,2025-12-24,2254.29,2025-12-31
INV106658,34,2025-11-24,2025-12-24,6972.61,2026-01-09
INV106659,53,2025-11-24,2026-01-23,6703.01,2026-01-26
INV106660,120,2025-11-24,2026-01-23,2138.07,2026-01-21
INV106661,130,2025-11-24,2025-12-24,5126.03,2025-12-25
INV106662,11,2025-11-25,2025-12-25,1519.33,2025-12-31
INV106663,12,2025-11-25,2025-12-25,2261.11,2026-01-05
INV106664,17,2025-11-25,2025-12-25,22595.07,2026-02-16
INV106665,23,2025-11-25,2025-12-25,9424.0,2025-12-24
INV106666,25,2025-11-25,2025-12-25,1654.09,2025-12-26
INV106667,30,2025-11-25,2025-12-25,1685.85,2025-12-17
INV106668,35,2025-11-25,2025-12-25,2746.43,2025-12-29
INV106669,47,2025-11-25,2025-12-25,18171.59,2025-12-15
INV106670,68,2025-11-25,2026-01-24,14539.75,2026-01-20
INV106671,69,2025-11-25,2025-12-25,24882.26,2026-01-24
INV106672,103,2025-11-25,2025-12-25,2189.86,2026-01-18
INV106673,103,2025-11-25,2025-12-25,7269.05,2026-01-26
INV106674,124,2025-11-25,2026-01-24,2809.53,2026-02-01
INV106675,140,2025-11-25,2025-12-25,3350.48,2026-01-16
INV106676,148,2025-11-25,2026-01-24,9303.83,2026-02-02
INV106677,15,2025-11-26,2026-01-25,4474.61,2026-01-24
INV106678,27,2025-11-26,2025-12-26,3076.66,2025-12-29
INV106679,42,2025-11-26,2026-01-25,5546.63,2026-01-29
INV106680,99,2025-11-26,2025-12-26,1738.07,2026-01-04
INV106681,113,2025-11-26,2026-01-25,11830.3,2026-02-07
INV106682,114,2025-11-26,2025-12-26,3502.11,2026-02-15
INV106683,125,2025-11-26,2026-01-25,2321.05,2026-01-30
INV106684,149,2025-11-26,2025-12-26,16077.69,2026-01-14
INV106685,2,2025-11-27,2025-12-27,16263.66,2026-01-07
INV106686,63,2025-11-27,2025-12-27,4336.35,2026-01-01
INV106687,66,2025-11-27,2025-12-27,6604.45,2025-12-20
INV106688,72,2025-11-27,2025-12-27,7296.65,2025-12-26
INV106689,89,2025-11-27,2025-12-27,8404.28,2026-01-01
INV106690,103,2025-11-27,2025-12-27,9585.78,2026-01-11
INV106691,107,2025-11-27,2025-12-27,12411.68,2025-12-25
INV106692,12,2025-11-28,2025-12-28,1163.45,2025-12-30
INV106693,23,2025-11-28,2025-12-28,16416.08,2026-01-10
INV106694,26,2025-11-28,2026-01-27,6761.99,2026-01-26
INV106695,26,2025-11-28,2026-01-27,10590.4,2026-01-22
INV106696,45,2025-11-28,2025-12-28,6054.07,2026-03-23
INV106697,63,2025-11-28,2025-12-28,5174.85,2026-01-01
INV106698,76,2025-11-28,2025-12-28,9222.2,2026-01-26
INV106699,82,2025-11-28,2025-12-28,15716.65,2026-02-14
INV106700,92,2025-11-28,2025-12-28,11710.54,2025-12-30
INV106701,94,2025-11-28,2025-12-28,5218.35,2026-01-02
INV106702,114,2025-11-28,2025-12-28,5645.67,2026-01-26
INV106703,148,2025-11-28,2026-01-27,9655.49,2026-02-11
INV106704,60,2025-12-01,2025-12-31,6620.05,2026-01-09
INV106705,64,2025-12-01,2025-12-31,9057.43,2026-01-05
INV106706,66,2025-12-01,2025-12-31,7447.34,2025-12-29
INV106707,69,2025-12-01,2025-12-31,34104.29,2026-02-20
INV106708,75,2025-12-01,2025-12-31,4142.69,2026-01-12
INV106709,77,2025-12-01,2025-12-31,9117.43,2026-01-09
INV106710,78,2025-12-01,2025-12-31,956.41,2026-02-17
INV106711,82,2025-12-01,2025-12-31,17277.56,2026-03-11
INV106712,87,2025-12-01,2025-12-31,1427.47,2026-01-16
INV106713,90,2025-12-01,2025-12-31,12563.41,2026-01-09
INV106714,90,2025-12-01,2025-12-31,10619.85,2026-01-10
INV106715,94,2025-12-01,2025-12-31,1095.72,2026-01-07
INV106716,102,2025-12-01,2025-12-31,36902.05,2026-01-06
INV106717,107,2025-12-01,2025-12-31,6445.52,2026-01-02
INV106718,112,2025-12-01,2026-01-30,5764.1,2026-02-15
INV106719,118,2025-12-01,2025-12-31,4620.78,2026-01-01
INV106720,129,2025-12-01,2025-12-31,10998.92,2026-01-11
INV106721,16,2025-12-02,2026-01-01,25167.79,2026-01-11
INV106722,45,2025-12-02,2026-01-01,7348.73,2026-02-19
INV106723,137,2025-12-02,2026-01-31,5072.77,2026-03-12
INV106724,141,2025-12-02,2026-01-01,2129.3,2026-01-08
INV106725,18,2025-12-03,2026-01-02,64449.45,2026-01-04
INV106726,21,2025-12-03,2026-01-02,7169.34,
INV106727,46,2025-12-03,2026-02-01,3215.19,2026-03-03
INV106728,52,2025-12-03,2026-01-02,4941.9,2026-01-25
INV106729,56,2025-12-03,2026-01-02,7735.43,2026-01-09
INV106730,60,2025-12-03,2026-01-02,10884.89,2026-01-21
INV106731,74,2025-12-03,2026-02-01,9918.11,2026-02-05
INV106732,97,2025-12-03,2026-01-02,6394.36,2026-01-27
INV106733,106,2025-12-03,2026-01-02,5143.66,2026-01-16
INV106734,116,2025-12-03,2026-01-02,6964.76,2026-01-15
INV106735,120,2025-12-03,2026-02-01,1715.33,2026-02-04
INV106736,121,2025-12-03,2026-01-02,11640.47,2026-01-06
INV106737,150,2025-12-03,2026-01-02,4706.47,2026-01-13
INV106738,13,2025-12-04,2026-01-03,4267.81,2026-01-13
INV106739,27,2025-12-04,2026-01-03,2151.51,2026-01-07
INV106740,61,2025-12-04,2026-01-03,2534.83,2026-01-08
INV106741,66,2025-12-04,2026-01-03,12645.72,2026-01-08
INV106742,77,2025-12-04,2026-01-03,9698.59,2026-01-02
INV106743,81,2025-12-04,2026-01-03,1271.64,2026-01-11
INV106744,91,2025-12-04,2026-01-03,5331.22,2026-01-10
INV106745,94,2025-12-04,2026-01-03,7623.29,2026-01-20
INV106746,100,2025-12-04,2026-01-03,4110.6,2026-02-06
INV106747,108,2025-12-04,2026-01-03,3358.56,2026-01-13
INV106748,113,2025-12-04,2026-02-02,7291.12,2026-02-13
INV106749,117,2025-12-04,2026-01-03,13437.97,2026-01-22
INV106750,119,2025-12-04,2026-02-02,9612.01,2026-03-22
INV106751,124,2025-12-04,2026-02-02,3794.49,2026-03-01
INV106752,127,2025-12-04,2026-01-03,1736.35,2026-01-08
INV106753,140,2025-12-04,2026-01-03,4208.18,2026-01-17
INV106754,150,2025-12-04,2026-01-03,3707.29,2026-01-01
INV106755,150,2025-12-04,2026-01-03,4512.11,2026-01-10
INV106756,11,2025-12-05,2026-01-04,1307.91,2025-12-28
INV106757,21,2025-12-05,2026-01-04,9583.03,2026-03-14
INV106758,43,2025-12-05,2026-02-03,2875.09,2026-02-11
INV106759,77,2025-12-05,2026-01-04,9265.24,2026-01-15
INV106760,79,2025-12-05,2026-02-03,10023.56,2026-02-17
INV106761,93,2025-12-05,2026-01-04,5266.03,2026-02-10
INV106762,98,2025-12-05,2026-01-04,977.58,2026-03-04
INV106763,131,2025-12-05,2026-01-04,4583.0,2026-04-02
INV106764,132,2025-12-05,2026-01-04,5324.45,2026-01-16
INV106765,137,2025-12-05,2026-02-03,8569.57,2026-03-18
INV106766,140,2025-12-05,2026-01-04,5921.79,2026-01-29
INV106767,146,2025-12-05,2026-01-04,17749.5,2026-02-06
INV106768,148,2025-12-05,2026-02-03,6300.3,2026-02-16
INV106769,35,2025-12-06,2026-01-05,4144.34,2026-01-09
INV106770,39,2025-12-06,2026-01-05,6639.65,2026-02-16
INV106771,40,2025-12-06,2026-02-04,5082.37,2026-02-17
INV106772,70,2025-12-06,2026-01-05,6223.82,2026-01-11
INV106773,81,2025-12-06,2026-01-05,1549.04,2026-01-15
INV106774,104,2025-12-06,2026-01-05,10205.16,2026-02-22
INV106775,115,2025-12-06,2026-01-05,2420.39,2026-01-14
INV106776,139,2025-12-06,2026-01-05,12688.06,2026-01-17
INV106777,148,2025-12-06,2026-02-04,11571.72,2026-02-10
INV106778,31,2025-12-07,2026-01-06,3259.65,2026-01-15
INV106779,35,2025-12-07,2026-01-06,5052.79,2026-01-18
INV106780,57,2025-12-07,2026-02-05,3894.34,2026-02-10
INV106781,61,2025-12-07,2026-01-06,2876.62,2026-01-17
INV106782,62,2025-12-07,2026-02-05,16453.22,2026-02-21
INV106783,64,2025-12-07,2026-01-06,10073.46,2026-01-11
INV106784,91,2025-12-07,2026-01-06,7742.27,2026-01-16
INV106785,114,2025-12-07,2026-01-06,4253.07,2026-02-02
INV106786,135,2025-12-07,2026-01-06,21023.57,2026-03-14
INV106787,138,2025-12-07,2026-01-06,7998.73,2026-01-24
INV106788,148,2025-12-07,2026-02-05,10426.61,2026-02-14
INV106789,8,2025-12-08,2026-02-06,3729.23,2026-02-14
INV106790,16,2025-12-08,2026-01-07,61450.04,2026-01-26
INV106791,19,2025-12-08,2026-01-07,11547.97,2026-02-10
INV106792,34,2025-12-08,2026-01-07,7218.14,2026-01-31
INV106793,71,2025-12-08,2026-01-07,1145.2,2026-02-05
INV106794,72,2025-12-08,2026-01-07,2505.24,2026-01-23
INV106795,80,2025-12-08,2026-02-06,19271.5,2026-02-15
INV106796,88,2025-12-08,2026-01-07,8728.22,2026-01-17
INV106797,119,2025-12-08,2026-02-06,4184.93,2026-02-20
INV106798,128,2025-12-08,2026-01-07,4113.47,2026-01-21
INV106799,7,2025-12-09,2026-01-08,9403.86,2026-01-22
INV106800,23,2025-12-09,2026-01-08,6258.59,2026-01-17
INV106801,40,2025-12-09,2026-02-07,3122.98,2026-02-19
INV106802,48,2025-12-09,2026-02-07,20569.14,2026-02-16
INV106803,64,2025-12-09,2026-01-08,4049.87,2026-01-09
INV106804,69,2025-12-09,2026-01-08,40336.25,2026-01-18
INV106805,70,2025-12-09,2026-01-08,5460.34,2026-01-24
INV106806,78,2025-12-09,2026-01-08,516.39,2026-02-11
INV106807,86,2025-12-09,2026-01-08,8242.3,2026-01-13
INV106808,88,2025-12-09,2026-01-08,4044.0,2026-01-15
INV106809,92,2025-12-09,2026-01-08,19095.62,2026-02-06
INV106810,93,2025-12-09,2026-01-08,8491.7,2026-02-04
INV106811,97,2025-12-09,2026-01-08,7799.33,2026-01-15
INV106812,123,2025-12-09,2026-02-07,4374.17,2026-02-18
INV106813,127,2025-12-09,2026-01-08,6286.39,2026-01-15
INV106814,144,2025-12-09,2026-01-08,1005.55,2026-02-01
INV106815,16,2025-12-10,2026-01-09,28673.59,2026-02-09
INV106816,21,2025-12-10,2026-01-09,19231.98,2026-03-20
INV106817,33,2025-12-10,2026-01-09,8715.0,2026-01-19
INV106818,44,2025-12-10,2026-02-08,13903.31,2026-02-20
INV106819,45,2025-12-10,2026-01-09,10249.88,
INV106820,64,2025-12-10,2026-01-09,4241.69,2026-01-21
INV106821,97,2025-12-10,2026-01-09,5993.47,2026-02-08
INV106822,99,2025-12-10,2026-01-09,1416.93,2026-01-21
INV106823,101,2025-12-10,2026-01-09,6010.54,2026-01-17
INV106824,102,2025-12-10,2026-01-09,31901.05,2026-01-17
INV106825,108,2025-12-10,2026-01-09,8124.65,2026-01-10
INV106826,114,2025-12-10,2026-01-09,4434.48,2026-02-07
INV106827,125,2025-12-10,2026-02-08,2651.48,2026-02-10
INV106828,3,2025-12-11,2026-01-10,2373.48,2026-02-11
INV106829,15,2025-12-11,2026-02-09,2088.52,2026-02-13
INV106830,30,2025-12-11,2026-01-10,2584.18,2026-01-21
INV106831,49,2025-12-11,2026-01-10,19926.11,2026-01-20
INV106832,65,2025-12-11,2026-01-10,2706.02,2026-02-11
INV106833,80,2025-12-11,2026-02-09,25541.28,2026-02-21
INV106834,82,2025-12-11,2026-01-10,15140.07,2026-02-20
INV106835,97,2025-12-11,2026-01-10,9874.86,2026-02-07
INV106836,125,2025-12-11,2026-02-09,3188.42,2026-02-22
INV106837,125,2025-12-11,2026-02-09,3136.64,2026-02-20
INV106838,140,2025-12-11,2026-01-10,4711.4,2026-01-31
INV106839,141,2025-12-11,2026-01-10,3227.19,2026-01-19
INV106840,146,2025-12-11,2026-01-10,10695.13,2026-02-03
INV106841,3,2025-12-12,2026-01-11,2939.0,2026-02-23
INV106842,15,2025-12-12,2026-02-10,2651.52,2026-02-18
INV106843,17,2025-12-12,2026-01-11,17845.11,2026-02-10
INV106844,34,2025-12-12,2026-01-11,4570.68,2026-02-05
INV106845,54,2025-12-12,2026-02-10,7044.28,2026-02-24
INV106846,58,2025-12-12,2026-01-11,9915.03,2026-01-16
INV106847,61,2025-12-12,2026-01-11,1647.68,2026-01-21
INV106848,62,2025-12-12,2026-02-10,18259.31,2026-03-22
INV106849,13,2025-12-13,2026-01-12,2991.88,2026-02-14
INV106850,16,2025-12-13,2026-01-12,60288.05,2026-01-26
INV106851,19,2025-12-13,2026-01-12,12879.6,2026-02-20
INV106852,21,2025-12-13,2026-01-12,10759.57,2026-01-30
INV106853,27,2025-12-13,2026-01-12,3323.58,2026-01-13
INV106854,49,2025-12-13,2026-01-12,8459.95,2026-01-21
INV106855,53,2025-12-13,2026-02-11,30314.13,2026-02-14
INV106856,55,2025-12-13,2026-01-12,8926.68,2026-02-17
INV106857,65,2025-12-13,2026-01-12,1130.12,2026-02-09
INV106858,78,2025-12-13,2026-01-12,1204.86,2026-02-15
INV106859,87,2025-12-13,2026-01-12,2806.06,2026-02-21
INV106860,93,2025-12-13,2026-01-12,3224.06,2026-02-20
INV106861,96,2025-12-13,2026-01-12,8314.36,2026-02-10
INV106862,105,2025-12-13,2026-01-12,1829.41,2026-02-03
INV106863,131,2025-12-13,2026-01-12,4540.83,2026-03-17
INV106864,12,2025-12-14,2026-01-13,3450.2,2026-01-30
INV106865,17,2025-12-14,2026-01-13,8736.8,2026-02-02
INV106866,36,2025-12-14,2026-01-13,10597.88,2026-01-17
INV106867,64,2025-12-14,2026-01-13,12799.14,2026-01-18
INV106868,66,2025-12-14,2026-01-13,6233.39,2026-01-24
INV106869,69,2025-12-14,2026-01-13,16079.11,2026-02-16
INV106870,82,2025-12-14,2026-01-13,15671.99,2026-02-21
INV106871,92,2025-12-14,2026-01-13,28714.57,2026-01-18
INV106872,119,2025-12-14,2026-02-12,6889.38,2026-02-21
INV106873,122,2025-12-14,2026-01-13,2050.38,2026-01-27
INV106874,136,2025-12-14,2026-01-13,2565.11,
INV106875,148,2025-12-14,2026-02-12,6380.07,2026-02-19
INV106876,12,2025-12-15,2026-01-14,4278.47,2026-01-21
INV106877,14,2025-12-15,2026-01-14,6408.85,2026-01-19
INV106878,29,2025-12-15,2026-01-14,10372.65,2026-02-09
INV106879,39,2025-12-15,2026-01-14,4785.48,2026-03-10
INV106880,48,2025-12-15,2026-02-13,14567.18,2026-02-23
INV106881,51,2025-12-15,2026-01-14,2913.72,2026-01-17
INV106882,65,2025-12-15,2026-01-14,1495.27,2026-02-11
INV106883,66,2025-12-15,2026-01-14,9404.34,2026-01-19
INV106884,70,2025-12-15,2026-01-14,9790.82,2026-01-18
INV106885,106,2025-12-15,2026-01-14,2666.99,2026-01-27
INV106886,126,2025-12-15,2026-01-14,8794.52,2026-03-12
INV106887,136,2025-12-15,2026-01-14,4880.49,2026-01-31
INV106888,138,2025-12-15,2026-01-14,9649.86,2026-01-25
INV106889,145,2025-12-15,2026-01-14,54499.52,
INV106890,1,2025-12-16,2026-01-15,3303.27,2026-01-27
INV106891,12,2025-12-16,2026-01-15,3351.98,2026-01-27
INV106892,57,2025-12-16,2026-02-14,5146.94,2026-02-15
INV106893,62,2025-12-16,2026-02-14,22484.14,2026-02-27
INV106894,68,2025-12-16,2026-02-14,14360.69,2026-02-21
INV106895,85,2025-12-16,2026-01-15,6424.69,2026-01-12
INV106896,94,2025-12-16,2026-01-15,2126.22,2026-01-24
INV106897,114,2025-12-16,2026-01-15,2978.4,2026-02-13
INV106898,117,2025-12-16,2026-01-15,7693.68,2026-01-23
INV106899,118,2025-12-16,2026-01-15,4122.39,2026-01-17
INV106900,128,2025-12-16,2026-01-15,3272.55,2026-01-28
INV106901,136,2025-12-16,2026-01-15,1849.28,2026-01-29
INV106902,145,2025-12-16,2026-01-15,33645.11,2026-02-27
INV106903,5,2025-12-17,2026-01-16,4776.58,2026-01-23
INV106904,6,2025-12-17,2026-01-16,37597.57,2026-03-03
INV106905,14,2025-12-17,2026-01-16,4733.13,2026-01-27
INV106906,19,2025-12-17,2026-01-16,7319.25,2026-02-19
INV106907,26,2025-12-17,2026-02-15,10293.3,2026-02-27
INV106908,29,2025-12-17,2026-01-16,6998.04,2026-02-16
INV106909,39,2025-12-17,2026-01-16,4172.58,2026-01-19
INV106910,43,2025-12-17,2026-02-15,4720.67,2026-02-17
INV106911,53,2025-12-17,2026-02-15,13068.23,2026-02-18
INV106912,56,2025-12-17,2026-01-16,9224.18,2026-01-25
INV106913,77,2025-12-17,2026-01-16,18181.22,2026-01-25
INV106914,82,2025-12-17,2026-01-16,12659.32,2026-03-07
INV106915,85,2025-12-17,2026-01-16,2223.0,2026-01-25
INV106916,86,2025-12-17,2026-01-16,3082.72,2026-01-21
INV106917,86,2025-12-17,2026-01-16,6271.45,2026-01-28
INV106918,102,2025-12-17,2026-01-16,19932.04,2026-01-08
INV106919,110,2025-12-17,2026-01-16,6074.96,2026-01-19
INV106920,111,2025-12-17,2026-01-16,12168.62,2026-01-29
INV106921,141,2025-12-17,2026-01-16,1490.1,2026-01-24
INV106922,8,2025-12-18,2026-02-16,2398.48,2026-02-22
INV106923,13,2025-12-18,2026-01-17,1676.22,2026-02-16
INV106924,38,2025-12-18,2026-01-17,7254.84,2026-01-23
INV106925,73,2025-12-18,2026-01-17,8614.97,2026-01-30
INV106926,78,2025-12-18,2026-01-17,832.12,2026-01-27
INV106927,79,2025-12-18,2026-02-16,4545.58,2026-02-23
INV106928,90,2025-12-18,2026-01-17,8193.08,2026-01-29
INV106929,101,2025-12-18,2026-01-17,10087.45,2026-02-05
INV106930,102,2025-12-18,2026-01-17,44122.36,2026-01-28
INV106931,114,2025-12-18,2026-01-17,5118.95,2026-02-24
INV106932,126,2025-12-18,2026-01-17,2782.06,2026-02-13
INV106933,127,2025-12-18,2026-01-17,2115.14,2026-01-21
INV106934,141,2025-12-18,2026-01-17,3755.65,2026-01-21
INV106935,5,2025-12-19,2026-01-18,2947.4,2026-01-23
INV106936,20,2025-12-19,2026-02-17,7899.43,2026-02-25
INV106937,24,2025-12-19,2026-01-18,15653.75,2026-01-31
INV106938,25,2025-12-19,2026-01-18,2655.27,2026-01-27
INV106939,42,2025-12-19,2026-02-17,4562.99,2026-02-26
INV106940,42,2025-12-19,2026-02-17,5201.52,2026-02-25
INV106941,63,2025-12-19,2026-01-18,2664.07,2026-01-26
INV106942,65,2025-12-19,2026-01-18,1605.17,2026-02-08
INV106943,92,2025-12-19,2026-01-18,19116.49,2026-02-21
INV106944,98,2025-12-19,2026-01-18,906.11,2026-03-01
INV106945,99,2025-12-19,2026-01-18,2616.65,2026-01-28
INV106946,149,2025-12-19,2026-01-18,5084.31,2026-02-13
INV106947,5,2025-12-20,2026-01-19,3000.16,2026-01-25
INV106948,17,2025-12-20,2026-01-19,22248.73,2026-02-07
INV106949,50,2025-12-20,2026-01-19,6286.36,2026-03-15
INV106950,55,2025-12-20,2026-01-19,6054.19,2026-02-21
INV106951,71,2025-12-20,2026-01-19,1126.78,2026-02-21
INV106952,90,2025-12-20,2026-01-19,8258.51,2026-01-27
INV106953,125,2025-12-20,2026-02-18,2192.55,2026-02-20
INV106954,8,2025-12-21,2026-02-19,943.57,2026-02-20
INV106955,19,2025-12-21,2026-01-20,10235.02,2026-02-19
INV106956,21,2025-12-21,2026-01-20,14292.71,2026-05-07
INV106957,21,2025-12-21,2026-01-20,16023.91,2026-02-11
INV106958,66,2025-12-21,2026-01-20,4045.19,2026-02-01
INV106959,72,2025-12-21,2026-01-20,2025.38,2026-02-04
INV106960,82,2025-12-21,2026-01-20,25078.46,2026-03-13
INV106961,89,2025-12-21,2026-01-20,7257.54,2026-01-23
INV106962,90,2025-12-21,2026-01-20,20691.71,2026-01-30
INV106963,103,2025-12-21,2026-01-20,9547.34,2026-02-07
INV106964,118,2025-12-21,2026-01-20,6234.23,2026-01-27
INV106965,122,2025-12-21,2026-01-20,1541.1,2026-01-25
INV106966,130,2025-12-21,2026-01-20,10149.39,2026-01-29
INV106967,134,2025-12-21,2026-01-20,11663.53,2026-01-29
INV106968,4,2025-12-22,2026-02-20,1978.58,2026-02-27
INV106969,6,2025-12-22,2026-01-21,31607.48,2026-03-07
INV106970,99,2025-12-22,2026-01-21,2190.9,2026-01-29
INV106971,104,2025-12-22,2026-01-21,8598.51,2026-02-10
INV106972,104,2025-12-22,2026-01-21,15551.75,2026-02-26
INV106973,106,2025-12-22,2026-01-21,3647.86,2026-01-31
INV106974,117,2025-12-22,2026-01-21,5045.69,2026-01-18
INV106975,136,2025-12-22,2026-01-21,2817.73,2026-04-03
INV106976,47,2025-12-23,2026-01-22,10843.09,2026-02-10
INV106977,58,2025-12-23,2026-01-22,10826.83,2026-01-29
INV106978,70,2025-12-23,2026-01-22,12390.17,2026-02-10
INV106979,87,2025-12-23,2026-01-22,2223.01,2026-02-08
INV106980,93,2025-12-23,2026-01-22,8163.89,2026-02-28
INV106981,138,2025-12-23,2026-01-22,20520.26,2026-02-02
INV106982,144,2025-12-23,2026-01-22,2951.18,2026-02-22
INV106983,147,2025-12-23,2026-01-22,3058.75,2026-02-11
INV106984,148,2025-12-23,2026-02-21,6614.99,2026-02-28
INV106985,4,2025-12-24,2026-02-22,5295.65,2026-02-24
INV106986,27,2025-12-24,2026-01-23,7567.61,2026-02-04
INV106987,32,2025-12-24,2026-01-23,5223.9,2026-01-25
INV106988,36,2025-12-24,2026-01-23,12721.66,2026-01-29
INV106989,41,2025-12-24,2026-01-23,18680.78,2026-01-27
INV106990,49,2025-12-24,2026-01-23,11845.49,2026-02-02
INV106991,50,2025-12-24,2026-01-23,8900.76,2026-01-13
INV106992,63,2025-12-24,2026-01-23,5174.69,2026-01-31
INV106993,90,2025-12-24,2026-01-23,9216.66,2026-02-03
INV106994,99,2025-12-24,2026-01-23,2727.14,2026-01-29
INV106995,121,2025-12-24,2026-01-23,20197.68,2026-01-30
INV106996,125,2025-12-24,2026-02-22,1771.64,2026-02-25
INV106997,131,2025-12-24,2026-01-23,3484.44,2026-04-02
INV106998,132,2025-12-24,2026-01-23,3025.95,2026-02-04
INV106999,132,2025-12-24,2026-01-23,5864.36,2026-01-25
INV107000,142,2025-12-24,2026-01-23,370.76,2026-01-28
INV107001,142,2025-12-24,2026-01-23,770.52,2026-02-02
INV107002,12,2025-12-25,2026-01-24,3343.35,2026-01-31
INV107003,16,2025-12-25,2026-01-24,17599.55,2026-02-03
INV107004,19,2025-12-25,2026-01-24,16999.03,2026-02-23
INV107005,24,2025-12-25,2026-01-24,5987.98,2026-01-28
INV107006,24,2025-12-25,2026-01-24,11243.76,2026-02-06
INV107007,35,2025-12-25,2026-01-24,2213.38,2026-02-02
INV107008,40,2025-12-25,2026-02-23,7310.57,2026-02-25
INV107009,42,2025-12-25,2026-02-23,6186.58,2026-03-06
INV107010,49,2025-12-25,2026-01-24,5234.9,2026-01-31
INV107011,53,2025-12-25,2026-02-23,10152.1,2026-02-27
INV107012,57,2025-12-25,2026-02-23,7201.8,2026-03-01
INV107013,76,2025-12-25,2026-01-24,14037.61,2026-03-07
INV107014,79,2025-12-25,2026-02-23,6780.13,2026-02-28
INV107015,81,2025-12-25,2026-01-24,1691.33,2026-02-06
INV107016,92,2025-12-25,2026-01-24,27009.49,2026-02-05
INV107017,117,2025-12-25,2026-01-24,7266.1,2026-01-28
INV107018,122,2025-12-25,2026-01-24,1706.1,2026-01-31
INV107019,125,2025-12-25,2026-02-23,4327.81,2026-03-07
INV107020,128,2025-12-25,2026-01-24,4098.79,2026-01-29
INV107021,129,2025-12-25,2026-01-24,9878.46,2026-02-03
INV107022,145,2025-12-25,2026-01-24,34976.25,2026-02-28
INV107023,25,2025-12-26,2026-01-25,5066.01,2026-02-07
INV107024,47,2025-12-26,2026-01-25,14993.9,2026-02-04
INV107025,60,2025-12-26,2026-01-25,7464.61,2026-01-31
INV107026,94,2025-12-26,2026-01-25,4714.87,2026-01-31
INV107027,103,2025-12-26,2026-01-25,8210.89,2026-03-14
INV107028,108,2025-12-26,2026-01-25,3313.03,2026-01-29
INV107029,142,2025-12-26,2026-01-25,401.62,2026-02-03
INV107030,146,2025-12-26,2026-01-25,16475.63,2026-03-11
INV107031,24,2025-12-27,2026-01-26,6666.13,2026-02-10
INV107032,25,2025-12-27,2026-01-26,2962.17,2026-01-28
INV107033,33,2025-12-27,2026-01-26,3365.07,2026-01-29
INV107034,42,2025-12-27,2026-02-25,5466.37,2026-03-06
INV107035,54,2025-12-27,2026-02-25,3897.38,2026-03-01
INV107036,58,2025-12-27,2026-01-26,5603.49,2026-02-06
INV107037,61,2025-12-27,2026-01-26,2168.8,2026-01-28
INV107038,64,2025-12-27,2026-01-26,7174.16,2026-02-07
INV107039,68,2025-12-27,2026-02-25,16139.75,2026-03-05
INV107040,82,2025-12-27,2026-01-26,27357.82,2026-04-29
INV107041,105,2025-12-27,2026-01-26,1326.24,2026-03-08
INV107042,125,2025-12-27,2026-02-25,3283.09,2026-03-13
INV107043,17,2025-12-28,2026-01-27,11426.47,2026-03-20
INV107044,24,2025-12-28,2026-01-27,4098.44,2026-02-07
INV107045,33,2025-12-28,2026-01-27,3327.35,2026-02-04
INV107046,71,2025-12-28,2026-01-27,758.32,2026-02-27
INV107047,73,2025-12-28,2026-01-27,3858.54,2026-01-29
INV107048,75,2025-12-28,2026-01-27,3876.97,2026-02-12
INV107049,118,2025-12-28,2026-01-27,5955.51,2026-02-07
INV107050,122,2025-12-28,2026-01-27,2643.88,2026-01-29
INV107051,134,2025-12-28,2026-01-27,16345.38,2026-02-09
INV107052,137,2025-12-28,2026-02-26,4330.33,2026-03-21
INV107053,142,2025-12-28,2026-01-27,320.17,2026-01-31
INV107054,4,2026-01-01,2026-03-02,4946.5,2026-02-20
INV107055,22,2026-01-01,2026-01-31,23206.42,2026-02-01
INV107056,75,2026-01-01,2026-01-31,2425.86,2026-02-03
INV107057,77,2026-01-01,2026-01-31,11833.73,2026-01-24
INV107058,78,2026-01-01,2026-01-31,637.81,2026-02-11
INV107059,84,2026-01-01,2026-01-31,16868.8,2026-02-06
INV107060,90,2026-01-01,2026-01-31,13534.77,2026-01-29
INV107061,146,2026-01-01,2026-01-31,49897.53,2026-02-23
INV107062,2,2026-01-02,2026-02-01,9337.34,2026-02-04
INV107063,19,2026-01-02,2026-02-01,7464.98,2026-02-05
INV107064,22,2026-01-02,2026-02-01,20312.23,2026-02-01
INV107065,101,2026-01-02,2026-02-01,10526.52,2026-02-11
INV107066,120,2026-01-02,2026-03-03,4663.69,2026-03-04
INV107067,121,2026-01-02,2026-02-01,5238.03,2026-02-10
INV107068,34,2026-01-03,2026-02-02,8603.81,2026-02-12
INV107069,50,2026-01-03,2026-02-02,16020.42,2026-03-24
INV107070,98,2026-01-03,2026-02-02,1102.73,2026-03-16
INV107071,109,2026-01-03,2026-03-04,7764.33,2026-05-18
INV107072,112,2026-01-03,2026-03-04,2871.15,2026-03-05
INV107073,116,2026-01-03,2026-02-02,7534.43,2026-02-06
INV107074,132,2026-01-03,2026-02-02,9189.37,2026-02-10
INV107075,7,2026-01-04,2026-02-03,18859.29,2026-01-27
INV107076,11,2026-01-04,2026-02-03,1371.45,2026-02-02
INV107077,31,2026-01-04,2026-02-03,6743.65,2026-01-31
INV107078,38,2026-01-04,2026-02-03,15943.36,2026-02-02
INV107079,92,2026-01-04,2026-02-03,16276.44,2026-03-04
INV107080,107,2026-01-04,2026-02-03,15387.69,2026-02-07
INV107081,110,2026-01-04,2026-02-03,4346.04,2026-02-03
INV107082,114,2026-01-04,2026-02-03,6639.15,2026-03-05
INV107083,129,2026-01-04,2026-02-03,17934.87,2026-02-09
INV107084,147,2026-01-04,2026-02-03,2513.8,2026-02-21
INV107085,37,2026-01-05,2026-02-04,5866.19,2026-02-11
INV107086,80,2026-01-05,2026-03-06,64394.09,2026-03-16
INV107087,87,2026-01-05,2026-02-04,2902.99,2026-02-18
INV107088,107,2026-01-05,2026-02-04,9026.68,2026-02-06
INV107089,108,2026-01-05,2026-02-04,3131.01,2026-02-06
INV107090,109,2026-01-05,2026-03-06,12374.42,2026-05-06
INV107091,130,2026-01-05,2026-02-04,5991.17,2026-02-05
INV107092,146,2026-01-05,2026-02-04,8400.51,2026-02-09
INV107093,6,2026-01-06,2026-02-05,42483.62,2026-03-27
INV107094,8,2026-01-06,2026-03-07,2346.09,2026-03-06
INV107095,20,2026-01-06,2026-03-07,19299.24,2026-03-11
INV107096,22,2026-01-06,2026-02-05,21213.48,2026-02-05
INV107097,38,2026-01-06,2026-02-05,15600.13,2026-02-10
INV107098,43,2026-01-06,2026-03-07,2918.57,2026-03-01
INV107099,60,2026-01-06,2026-02-05,9641.41,2026-02-06
INV107100,67,2026-01-06,2026-02-05,6687.48,2026-02-07
INV107101,80,2026-01-06,2026-03-07,25479.98,2026-03-12
INV107102,97,2026-01-06,2026-02-05,8394.29,2026-03-19
INV107103,104,2026-01-06,2026-02-05,11178.15,2026-02-10
INV107104,114,2026-01-06,2026-02-05,9030.4,2026-02-14
INV107105,130,2026-01-06,2026-02-05,3572.1,2026-02-06
INV107106,130,2026-01-06,2026-02-05,3557.99,2026-02-02
INV107107,136,2026-01-06,2026-02-05,3536.55,2026-04-28
INV107108,41,2026-01-07,2026-02-06,22669.41,2026-02-06
INV107109,48,2026-01-07,2026-03-08,13326.52,2026-03-10
INV107110,49,2026-01-07,2026-02-06,7890.97,2026-02-03
INV107111,53,2026-01-07,2026-03-08,6647.25,2026-03-09
INV107112,63,2026-01-07,2026-02-06,2866.3,2026-02-10
INV107113,81,2026-01-07,2026-02-06,2711.97,2026-02-05
INV107114,87,2026-01-07,2026-02-06,1863.39,2026-02-14
INV107115,2,2026-01-08,2026-02-07,12186.25,2026-02-01
INV107116,26,2026-01-08,2026-03-09,18656.93,2026-03-16
INV107117,32,2026-01-08,2026-02-07,4625.02,2026-02-14
INV107118,43,2026-01-08,2026-03-09,2945.23,2026-03-11
INV107119,47,2026-01-08,2026-02-07,17994.49,2026-02-16
INV107120,51,2026-01-08,2026-02-07,1503.39,2026-02-04
INV107121,57,2026-01-08,2026-03-09,5902.03,2026-03-16
INV107122,71,2026-01-08,2026-02-07,792.37,2026-02-26
INV107123,76,2026-01-08,2026-02-07,7272.68,2026-02-25
INV107124,78,2026-01-08,2026-02-07,624.75,2026-03-15
INV107125,87,2026-01-08,2026-02-07,2158.71,2026-02-22
INV107126,88,2026-01-08,2026-02-07,6871.1,2026-02-03
INV107127,93,2026-01-08,2026-02-07,4645.48,2026-03-07
INV107128,120,2026-01-08,2026-03-09,3605.33,2026-03-25
INV107129,122,2026-01-08,2026-02-07,1836.66,2026-02-09
INV107130,147,2026-01-08,2026-02-07,4266.21,2026-03-16
INV107131,9,2026-01-09,2026-02-08,4389.72,2026-03-29
INV107132,32,2026-01-09,2026-02-08,13705.28,2026-02-20
INV107133,40,2026-01-09,2026-03-10,3794.14,2026-03-10
INV107134,82,2026-01-09,2026-02-08,16141.16,2026-04-19
INV107135,86,2026-01-09,2026-02-08,4390.52,2026-02-05
INV107136,90,2026-01-09,2026-02-08,11367.7,2026-01-29
INV107137,94,2026-01-09,2026-02-08,3057.66,2026-02-13
INV107138,117,2026-01-09,2026-02-08,6929.64,2026-02-06
INV107139,131,2026-01-09,2026-02-08,11223.21,2026-04-29
INV107140,138,2026-01-09,2026-02-08,6579.02,2026-02-07
INV107141,16,2026-01-10,2026-02-09,22664.98,2026-02-20
INV107142,33,2026-01-10,2026-02-09,4791.34,2026-02-09
INV107143,34,2026-01-10,2026-02-09,4701.4,2026-03-05
INV107144,57,2026-01-10,2026-03-11,4598.04,2026-03-04
INV107145,86,2026-01-10,2026-02-09,6605.26,2026-02-14
INV107146,97,2026-01-10,2026-02-09,4564.99,2026-02-20
INV107147,103,2026-01-10,2026-02-09,6426.42,2026-02-05
INV107148,108,2026-01-10,2026-02-09,6692.2,2026-02-21
INV107149,120,2026-01-10,2026-03-11,2586.48,2026-03-21
INV107150,136,2026-01-10,2026-02-09,1654.56,2026-02-16
INV107151,142,2026-01-10,2026-02-09,341.02,2026-02-10
INV107152,4,2026-01-11,2026-03-12,2959.39,2026-03-07
INV107153,18,2026-01-11,2026-02-10,33132.16,2026-02-06
INV107154,27,2026-01-11,2026-02-10,5279.27,2026-02-17
INV107155,45,2026-01-11,2026-02-10,4986.91,
INV107156,60,2026-01-11,2026-02-10,7734.64,2026-02-23
INV107157,62,2026-01-11,2026-03-12,10776.66,2026-03-26
INV107158,107,2026-01-11,2026-02-10,18986.19,2026-02-08
INV107159,111,2026-01-11,2026-02-10,7265.39,2026-02-10
INV107160,115,2026-01-11,2026-02-10,1552.15,2026-02-15
INV107161,116,2026-01-11,2026-02-10,7816.39,2026-02-12
INV107162,139,2026-01-11,2026-02-10,14216.0,2026-02-28
INV107163,140,2026-01-11,2026-02-10,4329.2,2026-03-16
INV107164,11,2026-01-12,2026-02-11,1963.84,2026-02-09
INV107165,35,2026-01-12,2026-02-11,4249.4,2026-02-10
INV107166,58,2026-01-12,2026-02-11,5691.6,2026-02-20
INV107167,63,2026-01-12,2026-02-11,4312.19,2026-02-13
INV107168,76,2026-01-12,2026-02-11,12703.96,2026-03-15
INV107169,86,2026-01-12,2026-02-11,4636.78,2026-02-18
INV107170,95,2026-01-12,2026-03-13,5014.87,2026-04-06
INV107171,102,2026-01-12,2026-02-11,49662.26,2026-02-11
INV107172,116,2026-01-12,2026-02-11,5033.93,2026-02-10
INV107173,121,2026-01-12,2026-02-11,10259.1,2026-02-08
INV107174,140,2026-01-12,2026-02-11,3219.8,2026-03-22
INV107175,10,2026-01-13,2026-03-14,9797.23,2026-03-21
INV107176,21,2026-01-13,2026-02-12,10872.75,2026-04-17
INV107177,32,2026-01-13,2026-02-12,6962.73,2026-02-07
INV107178,34,2026-01-13,2026-02-12,10258.01,2026-03-01
INV107179,52,2026-01-13,2026-02-12,2245.39,2026-03-01
INV107180,53,2026-01-13,2026-03-14,10563.92,2026-03-19
INV107181,59,2026-01-13,2026-02-12,2095.75,2026-02-04
INV107182,64,2026-01-13,2026-02-12,5085.39,2026-02-14
INV107183,108,2026-01-13,2026-02-12,5422.69,2026-02-19
INV107184,113,2026-01-13,2026-03-14,8643.63,2026-03-10
INV107185,43,2026-01-14,2026-03-15,3846.72,2026-03-19
INV107186,70,2026-01-14,2026-02-13,5952.77,2026-02-22
INV107187,73,2026-01-14,2026-02-13,9113.19,2026-02-08
INV107188,81,2026-01-14,2026-02-13,1386.39,2026-02-14
INV107189,83,2026-01-14,2026-02-13,5513.46,2026-03-06
INV107190,95,2026-01-14,2026-03-15,14268.99,2026-04-02
INV107191,100,2026-01-14,2026-02-13,7621.6,2026-03-10
INV107192,104,2026-01-14,2026-02-13,24455.58,2026-03-18
INV107193,113,2026-01-14,2026-03-15,18705.03,2026-03-16
INV107194,124,2026-01-14,2026-03-15,4572.6,2026-04-14
INV107195,140,2026-01-14,2026-02-13,2293.96,2026-02-10
INV107196,23,2026-01-15,2026-02-14,10555.48,2026-02-16
INV107197,30,2026-01-15,2026-02-14,2622.07,2026-02-17
INV107198,45,2026-01-15,2026-02-14,8179.9,
INV107199,65,2026-01-15,2026-02-14,1584.47,2026-03-19
INV107200,71,2026-01-15,2026-02-14,834.14,2026-03-09
INV107201,83,2026-01-15,2026-02-14,2759.29,2026-03-31
INV107202,91,2026-01-15,2026-02-14,4176.48,2026-02-16
INV107203,114,2026-01-15,2026-02-14,3331.01,2026-02-27
INV107204,116,2026-01-15,2026-02-14,14142.01,2026-02-20
INV107205,121,2026-01-15,2026-02-14,12114.02,2026-02-12
INV107206,142,2026-01-15,2026-02-14,691.18,2026-02-24
INV107207,12,2026-01-16,2026-02-15,3719.31,2026-02-12
INV107208,13,2026-01-16,2026-02-15,5037.95,2026-03-11
INV107209,30,2026-01-16,2026-02-15,3172.24,2026-02-18
INV107210,33,2026-01-16,2026-02-15,2135.59,2026-02-14
INV107211,36,2026-01-16,2026-02-15,14947.64,2026-02-20
INV107212,42,2026-01-16,2026-03-17,2910.03,2026-03-22
INV107213,52,2026-01-16,2026-02-15,2365.19,2026-02-25
INV107214,54,2026-01-16,2026-03-17,8756.1,2026-03-18
INV107215,108,2026-01-16,2026-02-15,3998.24,2026-02-19
INV107216,125,2026-01-16,2026-03-17,2012.48,2026-03-11
INV107217,131,2026-01-16,2026-02-15,4940.13,2026-03-18
INV107218,150,2026-01-16,2026-02-15,3465.65,2026-02-14
INV107219,45,2026-01-17,2026-02-16,4882.71,2026-03-28
INV107220,76,2026-01-17,2026-02-16,20865.46,2026-03-09
INV107221,79,2026-01-17,2026-03-18,3790.03,2026-03-21
INV107222,114,2026-01-17,2026-02-16,6472.47,2026-02-15
INV107223,118,2026-01-17,2026-02-16,4315.67,2026-02-17
INV107224,129,2026-01-17,2026-02-16,6426.12,2026-02-13
INV107225,139,2026-01-17,2026-02-16,10310.6,2026-02-27
INV107226,10,2026-01-18,2026-03-19,8087.42,2026-04-23
INV107227,30,2026-01-18,2026-02-17,4223.24,2026-02-22
INV107228,32,2026-01-18,2026-02-17,5561.57,2026-02-17
INV107229,56,2026-01-18,2026-02-17,5740.77,2026-02-17
INV107230,69,2026-01-18,2026-02-17,36938.2,2026-03-01
INV107231,94,2026-01-18,2026-02-17,3142.42,2026-02-24
INV107232,101,2026-01-18,2026-02-17,8389.46,2026-02-16
INV107233,103,2026-01-18,2026-02-17,7411.44,2026-03-19
INV107234,127,2026-01-18,2026-02-17,3875.36,2026-02-16
INV107235,131,2026-01-18,2026-02-17,6419.49,2026-03-22
INV107236,10,2026-01-19,2026-03-20,10672.91,2026-05-07
INV107237,10,2026-01-19,2026-03-20,8136.06,2026-04-05
INV107238,75,2026-01-19,2026-02-18,4105.07,2026-02-20
INV107239,79,2026-01-19,2026-03-20,6784.39,2026-03-27
INV107240,92,2026-01-19,2026-02-18,24972.35,2026-03-06
INV107241,94,2026-01-19,2026-02-18,1742.73,2026-02-18
INV107242,96,2026-01-19,2026-02-18,17240.25,2026-02-22
INV107243,101,2026-01-19,2026-02-18,7599.78,2026-02-23
INV107244,101,2026-01-19,2026-02-18,4284.13,2026-02-25
INV107245,108,2026-01-19,2026-02-18,7395.4,2026-02-23
INV107246,120,2026-01-19,2026-03-20,4360.35,2026-04-01
INV107247,123,2026-01-19,2026-03-20,2614.57,2026-03-20
INV107248,129,2026-01-19,2026-02-18,13433.78,2026-02-18
INV107249,136,2026-01-19,2026-02-18,2098.67,2026-03-20
INV107250,4,2026-01-20,2026-03-21,4415.36,2026-03-24
INV107251,22,2026-01-20,2026-02-19,16307.1,2026-02-26
INV107252,38,2026-01-20,2026-02-19,8090.36,2026-02-28
INV107253,44,2026-01-20,2026-03-21,4916.61,2026-03-21
INV107254,73,2026-01-20,2026-02-19,10787.44,2026-02-28
INV107255,78,2026-01-20,2026-02-19,1211.03,2026-03-05
INV107256,83,2026-01-20,2026-02-19,5279.21,2026-03-24
INV107257,96,2026-01-20,2026-02-19,17478.41,2026-03-11
INV107258,128,2026-01-20,2026-02-19,4852.39,2026-02-25
INV107259,143,2026-01-20,2026-02-19,84327.89,2026-02-21
INV107260,9,2026-01-21,2026-02-20,3014.97,
INV107261,27,2026-01-21,2026-02-20,2408.22,2026-02-22
INV107262,41,2026-01-21,2026-02-20,40402.54,2026-03-01
INV107263,112,2026-01-21,2026-03-22,3744.62,2026-03-22
INV107264,114,2026-01-21,2026-02-20,3159.75,2026-02-27
INV107265,28,2026-01-22,2026-02-21,1133.19,2026-03-18
INV107266,29,2026-01-22,2026-02-21,6112.76,2026-03-18
INV107267,59,2026-01-22,2026-02-21,1383.78,2026-02-18
INV107268,68,2026-01-22,2026-03-23,16777.86,2026-03-26
INV107269,73,2026-01-22,2026-02-21,10603.09,2026-02-13
INV107270,74,2026-01-22,2026-03-23,27200.42,2026-04-03
INV107271,77,2026-01-22,2026-02-21,6572.98,2026-02-26
INV107272,84,2026-01-22,2026-02-21,16926.63,2026-02-22
INV107273,137,2026-01-22,2026-03-23,7092.74,2026-04-25
INV107274,9,2026-01-23,2026-02-22,8558.45,2026-03-31
INV107275,24,2026-01-23,2026-02-22,4795.71,2026-02-19
INV107276,64,2026-01-23,2026-02-22,13320.93,2026-03-03
INV107277,76,2026-01-23,2026-02-22,10683.83,2026-03-15
INV107278,82,2026-01-23,2026-02-22,8823.01,2026-04-04
INV107279,87,2026-01-23,2026-02-22,3718.45,2026-03-19
INV107280,99,2026-01-23,2026-02-22,2199.11,2026-02-17
INV107281,107,2026-01-23,2026-02-22,8161.66,2026-02-12
INV107282,110,2026-01-23,2026-02-22,4198.53,2026-02-22
INV107283,131,2026-01-23,2026-02-22,3978.47,2026-03-21
INV107284,142,2026-01-23,2026-02-22,459.92,2026-02-26
INV107285,142,2026-01-23,2026-02-22,306.43,2026-02-24
INV107286,26,2026-01-24,2026-03-25,12901.63,2026-03-21
INV107287,27,2026-01-24,2026-02-23,2437.96,2026-02-18
INV107288,56,2026-01-24,2026-02-23,8164.6,2026-03-01
INV107289,67,2026-01-24,2026-02-23,2230.59,2026-02-20
INV107290,71,2026-01-24,2026-02-23,909.56,2026-03-17
INV107291,80,2026-01-24,2026-03-25,36103.48,2026-03-24
INV107292,89,2026-01-24,2026-02-23,7262.41,2026-03-09
INV107293,93,2026-01-24,2026-02-23,6921.14,2026-03-13
INV107294,108,2026-01-24,2026-02-23,8305.79,2026-02-24
INV107295,124,2026-01-24,2026-03-25,2513.06,2026-05-08
INV107296,132,2026-01-24,2026-02-23,2474.99,2026-02-27
INV107297,4,2026-01-25,2026-03-26,3377.75,2026-03-23
INV107298,9,2026-01-25,2026-02-24,2870.52,2026-03-11
INV107299,12,2026-01-25,2026-02-24,2535.42,2026-02-24
INV107300,33,2026-01-25,2026-02-24,9810.97,2026-02-25
INV107301,52,2026-01-25,2026-02-24,3707.68,2026-03-14
INV107302,52,2026-01-25,2026-02-24,7312.75,2026-03-20
INV107303,75,2026-01-25,2026-02-24,3794.81,2026-02-25
INV107304,111,2026-01-25,2026-02-24,9220.56,2026-02-26
INV107305,142,2026-01-25,2026-02-24,271.13,2026-02-15
INV107306,11,2026-01-26,2026-02-25,1500.71,2026-03-02
INV107307,14,2026-01-26,2026-02-25,3711.88,2026-02-26
INV107308,42,2026-01-26,2026-03-27,3693.85,2026-04-10
INV107309,54,2026-01-26,2026-03-27,3528.54,2026-03-21
INV107310,89,2026-01-26,2026-02-25,9892.32,2026-02-18
INV107311,97,2026-01-26,2026-02-25,7636.93,2026-04-14
INV107312,105,2026-01-26,2026-02-25,2097.49,2026-03-28
INV107313,112,2026-01-26,2026-03-27,2562.08,2026-03-22
INV107314,113,2026-01-26,2026-03-27,8106.41,2026-04-04
INV107315,146,2026-01-26,2026-02-25,16990.01,2026-03-20
INV107316,147,2026-01-26,2026-02-25,8947.39,2026-03-11
INV107317,31,2026-01-27,2026-02-26,2635.68,2026-03-04
INV107318,32,2026-01-27,2026-02-26,11685.22,2026-03-04
INV107319,65,2026-01-27,2026-02-26,2172.39,2026-03-12
INV107320,72,2026-01-27,2026-02-26,2387.16,2026-03-01
INV107321,86,2026-01-27,2026-02-26,6587.71,2026-02-22
INV107322,88,2026-01-27,2026-02-26,10973.36,2026-02-26
INV107323,92,2026-01-27,2026-02-26,24096.35,2026-03-09
INV107324,97,2026-01-27,2026-02-26,4991.5,2026-03-16
INV107325,122,2026-01-27,2026-02-26,1871.25,2026-03-01
INV107326,127,2026-01-27,2026-02-26,6327.99,2026-02-25
INV107327,136,2026-01-27,2026-02-26,5086.41,2026-03-21
INV107328,140,2026-01-27,2026-02-26,3372.37,2026-03-21
INV107329,5,2026-01-28,2026-02-27,3109.69,2026-03-13
INV107330,6,2026-01-28,2026-02-27,33809.53,2026-03-27
INV107331,31,2026-01-28,2026-02-27,5039.27,2026-03-03
INV107332,47,2026-01-28,2026-02-27,24328.28,2026-02-28
INV107333,49,2026-01-28,2026-02-27,8873.8,2026-02-24
INV107334,50,2026-01-28,2026-02-27,8916.18,2026-04-21
INV107335,52,2026-01-28,2026-02-27,4051.01,2026-03-25
INV107336,62,2026-01-28,2026-03-29,24909.75,2026-04-23
INV107337,109,2026-01-28,2026-03-29,31178.93,2026-05-22
INV107338,116,2026-01-28,2026-02-27,8872.53,2026-03-02
INV107339,119,2026-01-28,2026-03-29,5485.56,2026-04-26
INV107340,123,2026-01-28,2026-03-29,6337.12,2026-04-02
INV107341,123,2026-01-28,2026-03-29,3040.48,2026-03-28
INV107342,142,2026-01-28,2026-02-27,535.08,2026-02-27
INV107343,144,2026-01-28,2026-02-27,1309.67,2026-02-22
INV107344,21,2026-02-01,2026-03-03,12148.4,2026-04-04
INV107345,25,2026-02-01,2026-03-03,4691.89,2026-02-26
INV107346,31,2026-02-01,2026-03-03,3685.13,2026-02-28
INV107347,50,2026-02-01,2026-03-03,8979.05,2026-03-09
INV107348,55,2026-02-01,2026-03-03,7260.23,2026-03-16
INV107349,60,2026-02-01,2026-03-03,12693.79,2026-03-03
INV107350,87,2026-02-01,2026-03-03,1225.34,2026-03-05
INV107351,88,2026-02-01,2026-03-03,6019.48,2026-02-25
INV107352,89,2026-02-01,2026-03-03,8367.14,2026-03-04
INV107353,90,2026-02-01,2026-03-03,7072.09,2026-03-04
INV107354,98,2026-02-01,2026-03-03,2873.9,2026-04-17
INV107355,115,2026-02-01,2026-03-03,1920.08,2026-04-17
INV107356,121,2026-02-01,2026-03-03,18538.3,2026-03-07
INV107357,132,2026-02-01,2026-03-03,5063.7,2026-03-05
INV107358,140,2026-02-01,2026-03-03,6419.72,2026-03-27
INV107359,143,2026-02-01,2026-03-03,46441.58,2026-02-23
INV107360,148,2026-02-01,2026-04-02,5814.18,2026-03-31
INV107361,150,2026-02-01,2026-03-03,5175.14,2026-02-27
INV107362,13,2026-02-02,2026-03-04,2593.05,2026-03-27
INV107363,34,2026-02-02,2026-03-04,6083.6,2026-03-30
INV107364,43,2026-02-02,2026-04-03,5032.13,2026-04-12
INV107365,57,2026-02-02,2026-04-03,5022.92,2026-04-02
INV107366,63,2026-02-02,2026-03-04,4143.98,2026-03-08
INV107367,75,2026-02-02,2026-03-04,2905.88,2026-03-04
INV107368,88,2026-02-02,2026-03-04,6525.14,2026-03-07
INV107369,97,2026-02-02,2026-03-04,9096.47,2026-03-05
INV107370,98,2026-02-02,2026-03-04,1148.48,2026-04-01
INV107371,148,2026-02-02,2026-04-03,6853.7,2026-03-26
INV107372,3,2026-02-03,2026-03-05,5764.07,2026-03-08
INV107373,5,2026-02-03,2026-03-05,2083.81,2026-03-08
INV107374,22,2026-02-03,2026-03-05,34882.6,2026-03-07
INV107375,28,2026-02-03,2026-03-05,1082.52,2026-03-26
INV107376,59,2026-02-03,2026-03-05,3004.52,2026-03-04
INV107377,63,2026-02-03,2026-03-05,5065.46,2026-03-06
INV107378,92,2026-02-03,2026-03-05,17049.14,2026-04-09
INV107379,93,2026-02-03,2026-03-05,10616.2,2026-03-30
INV107380,115,2026-02-03,2026-03-05,3034.6,2026-03-29
INV107381,127,2026-02-03,2026-03-05,4654.92,2026-03-02
INV107382,145,2026-02-03,2026-03-05,75912.86,2026-04-13
INV107383,25,2026-02-04,2026-03-06,1743.94,2026-03-09
INV107384,27,2026-02-04,2026-03-06,3329.94,2026-03-07
INV107385,34,2026-02-04,2026-03-06,9830.21,2026-04-11
INV107386,51,2026-02-04,2026-03-06,2526.83,2026-03-12
INV107387,64,2026-02-04,2026-03-06,15411.5,2026-03-03
INV107388,71,2026-02-04,2026-03-06,1095.81,2026-03-22
INV107389,124,2026-02-04,2026-04-05,3875.39,2026-05-03
INV107390,145,2026-02-04,2026-03-06,26720.55,2026-03-20
INV107391,145,2026-02-04,2026-03-06,154849.99,2026-04-02
INV107392,149,2026-02-04,2026-03-06,10939.19,2026-04-05
INV107393,2,2026-02-05,2026-03-07,8412.44,2026-03-07
INV107394,12,2026-02-05,2026-03-07,1014.01,2026-03-07
INV107395,69,2026-02-05,2026-03-07,38018.37,2026-03-24
INV107396,102,2026-02-05,2026-03-07,21883.89,2026-03-04
INV107397,105,2026-02-05,2026-03-07,3361.15,2026-04-03
INV107398,139,2026-02-05,2026-03-07,10613.98,2026-04-06
INV107399,144,2026-02-05,2026-03-07,1786.07,2026-03-29
INV107400,149,2026-02-05,2026-03-07,10317.91,2026-03-17
INV107401,2,2026-02-06,2026-03-08,5111.9,2026-03-17
INV107402,12,2026-02-06,2026-03-08,4105.58,2026-03-02
INV107403,15,2026-02-06,2026-04-07,4777.11,2026-04-03
INV107404,17,2026-02-06,2026-03-08,12312.59,2026-04-20
INV107405,26,2026-02-06,2026-04-07,11792.16,2026-04-10
INV107406,38,2026-02-06,2026-03-08,7383.98,2026-03-05
INV107407,57,2026-02-06,2026-04-07,6571.47,2026-04-13
INV107408,68,2026-02-06,2026-04-07,13504.24,2026-04-09
INV107409,72,2026-02-06,2026-03-08,3190.58,2026-03-15
INV107410,107,2026-02-06,2026-03-08,8685.94,2026-03-06
INV107411,111,2026-02-06,2026-03-08,8549.0,2026-03-10
INV107412,124,2026-02-06,2026-04-07,2912.07,2026-05-09
INV107413,6,2026-02-07,2026-03-09,23928.12,2026-05-02
INV107414,31,2026-02-07,2026-03-09,3682.01,2026-03-08
INV107415,49,2026-02-07,2026-03-09,11110.26,2026-03-15
INV107416,84,2026-02-07,2026-03-09,17852.71,2026-03-16
INV107417,113,2026-02-07,2026-04-08,11854.01,2026-04-15
INV107418,148,2026-02-07,2026-04-08,5926.79,2026-04-11
INV107419,6,2026-02-08,2026-03-10,23735.27,2026-04-10
INV107420,7,2026-02-08,2026-03-10,10794.99,2026-03-17
INV107421,7,2026-02-08,2026-03-10,8990.66,2026-03-06
INV107422,7,2026-02-08,2026-03-10,11959.73,2026-03-16
INV107423,33,2026-02-08,2026-03-10,6682.83,2026-03-09
INV107424,46,2026-02-08,2026-04-09,6535.67,2026-04-29
INV107425,52,2026-02-08,2026-03-10,8696.76,2026-04-12
INV107426,57,2026-02-08,2026-04-09,5302.37,2026-04-16
INV107427,69,2026-02-08,2026-03-10,37561.22,2026-03-29
INV107428,75,2026-02-08,2026-03-10,6305.8,2026-03-20
INV107429,79,2026-02-08,2026-04-09,2515.38,2026-04-08
INV107430,87,2026-02-08,2026-03-10,2632.67,2026-03-25
INV107431,116,2026-02-08,2026-03-10,4859.34,2026-03-04
INV107432,123,2026-02-08,2026-04-09,4149.91,2026-04-08
INV107433,126,2026-02-08,2026-03-10,2581.09,2026-04-13
INV107434,137,2026-02-08,2026-04-09,2541.73,2026-04-16
INV107435,9,2026-02-09,2026-03-11,2229.95,2026-05-12
INV107436,17,2026-02-09,2026-03-11,13957.5,2026-03-25
INV107437,26,2026-02-09,2026-04-10,13968.72,2026-04-10
INV107438,40,2026-02-09,2026-04-10,3546.67,2026-04-09
INV107439,62,2026-02-09,2026-04-10,8169.42,2026-04-20
INV107440,69,2026-02-09,2026-03-11,54245.74,2026-03-22
INV107441,71,2026-02-09,2026-03-11,1120.58,2026-04-15
INV107442,89,2026-02-09,2026-03-11,4578.65,2026-03-11
INV107443,110,2026-02-09,2026-03-11,5308.46,2026-03-12
INV107444,124,2026-02-09,2026-04-10,6622.85,2026-04-23
INV107445,136,2026-02-09,2026-03-11,5608.61,2026-04-29
INV107446,140,2026-02-09,2026-03-11,5739.96,2026-04-07
INV107447,2,2026-02-10,2026-03-12,7907.16,2026-03-19
INV107448,34,2026-02-10,2026-03-12,5605.63,2026-04-03
INV107449,35,2026-02-10,2026-03-12,4415.37,2026-03-09
INV107450,39,2026-02-10,2026-03-12,6002.06,2026-05-24
INV107451,41,2026-02-10,2026-03-12,53846.37,2026-03-27
INV107452,45,2026-02-10,2026-03-12,6737.03,2026-04-30
INV107453,61,2026-02-10,2026-03-12,2001.41,2026-03-05
INV107454,98,2026-02-10,2026-03-12,1476.04,2026-04-11
INV107455,110,2026-02-10,2026-03-12,2160.19,2026-03-15
INV107456,119,2026-02-10,2026-04-11,5550.54,2026-05-07
INV107457,132,2026-02-10,2026-03-12,5327.36,2026-03-02
INV107458,132,2026-02-10,2026-03-12,5163.97,2026-03-14
INV107459,134,2026-02-10,2026-03-12,9184.38,2026-03-16
INV107460,23,2026-02-11,2026-03-13,11336.65,2026-03-15
INV107461,42,2026-02-11,2026-04-12,1644.47,2026-04-06
INV107462,43,2026-02-11,2026-04-12,3824.67,2026-04-11
INV107463,43,2026-02-11,2026-04-12,3965.38,2026-04-14
INV107464,77,2026-02-11,2026-03-13,7718.2,2026-03-13
INV107465,100,2026-02-11,2026-03-13,1483.46,2026-04-15
INV107466,102,2026-02-11,2026-03-13,31128.56,2026-03-12
INV107467,103,2026-02-11,2026-03-13,5108.15,2026-04-08
INV107468,106,2026-02-11,2026-03-13,3870.2,2026-03-14
INV107469,108,2026-02-11,2026-03-13,6778.96,2026-03-12
INV107470,114,2026-02-11,2026-03-13,7538.5,2026-04-16
INV107471,118,2026-02-11,2026-03-13,5992.06,2026-03-19
INV107472,127,2026-02-11,2026-03-13,5851.82,2026-03-24
INV107473,130,2026-02-11,2026-03-13,6439.4,2026-03-14
INV107474,144,2026-02-11,2026-03-13,1565.34,2026-04-01
INV107475,3,2026-02-12,2026-03-14,4127.08,2026-03-27
INV107476,3,2026-02-12,2026-03-14,6311.65,2026-04-15
INV107477,13,2026-02-12,2026-03-14,2204.51,2026-04-25
INV107478,27,2026-02-12,2026-03-14,4156.59,2026-03-14
INV107479,40,2026-02-12,2026-04-13,4395.63,2026-04-16
INV107480,61,2026-02-12,2026-03-14,4679.68,2026-03-29
INV107481,75,2026-02-12,2026-03-14,3989.69,2026-03-18
INV107482,86,2026-02-12,2026-03-14,5602.67,2026-03-10
INV107483,86,2026-02-12,2026-03-14,4971.78,2026-03-13
INV107484,94,2026-02-12,2026-03-14,2527.89,2026-03-18
INV107485,98,2026-02-12,2026-03-14,1954.78,2026-06-08
INV107486,100,2026-02-12,2026-03-14,2177.49,2026-04-13
INV107487,122,2026-02-12,2026-03-14,1422.59,2026-03-22
INV107488,5,2026-02-13,2026-03-15,2715.33,2026-03-14
INV107489,7,2026-02-13,2026-03-15,11240.61,2026-03-18
INV107490,13,2026-02-13,2026-03-15,3484.54,2026-04-08
INV107491,20,2026-02-13,2026-04-14,11228.47,2026-04-08
INV107492,29,2026-02-13,2026-03-15,3859.9,2026-04-23
INV107493,39,2026-02-13,2026-03-15,10394.25,2026-04-25
INV107494,41,2026-02-13,2026-03-15,27482.49,2026-03-11
INV107495,51,2026-02-13,2026-03-15,2692.48,2026-03-15
INV107496,53,2026-02-13,2026-04-14,9762.5,2026-04-19
INV107497,74,2026-02-13,2026-04-14,7294.6,2026-04-08
INV107498,79,2026-02-13,2026-04-14,5068.26,2026-04-11
INV107499,102,2026-02-13,2026-03-15,27998.4,2026-03-13
INV107500,115,2026-02-13,2026-03-15,2920.39,2026-04-03
INV107501,116,2026-02-13,2026-03-15,15549.66,2026-03-17
INV107502,120,2026-02-13,2026-04-14,3097.82,2026-04-14
INV107503,129,2026-02-13,2026-03-15,13148.43,2026-03-20
INV107504,130,2026-02-13,2026-03-15,4698.55,2026-03-21
INV107505,131,2026-02-13,2026-03-15,5645.42,2026-06-02
INV107506,132,2026-02-13,2026-03-15,3679.4,2026-03-30
INV107507,134,2026-02-13,2026-03-15,19410.7,2026-03-21
INV107508,136,2026-02-13,2026-03-15,4803.84,2026-04-10
INV107509,139,2026-02-13,2026-03-15,9652.68,2026-04-12
INV107510,144,2026-02-13,2026-03-15,1461.15,2026-04-18
INV107511,7,2026-02-14,2026-03-16,5312.86,2026-03-25
INV107512,43,2026-02-14,2026-04-15,6308.66,2026-04-14
INV107513,46,2026-02-14,2026-04-15,3312.58,2026-05-19
INV107514,50,2026-02-14,2026-03-16,8658.91,2026-05-06
INV107515,53,2026-02-14,2026-04-15,10451.19,2026-04-17
INV107516,57,2026-02-14,2026-04-15,7645.09,2026-04-15
INV107517,60,2026-02-14,2026-03-16,10418.89,2026-03-18
INV107518,64,2026-02-14,2026-03-16,6345.3,2026-03-18
INV107519,69,2026-02-14,2026-03-16,56759.4,2026-03-28
INV107520,71,2026-02-14,2026-03-16,523.42,2026-03-31
INV107521,79,2026-02-14,2026-04-15,6062.77,2026-04-15
INV107522,105,2026-02-14,2026-03-16,2032.31,2026-03-28
INV107523,115,2026-02-14,2026-03-16,1775.69,2026-04-15
INV107524,124,2026-02-14,2026-04-15,7456.64,2026-05-02
INV107525,132,2026-02-14,2026-03-16,3894.04,2026-03-17
INV107526,137,2026-02-14,2026-04-15,10934.57,2026-04-28
INV107527,7,2026-02-15,2026-03-17,8168.84,2026-03-16
INV107528,21,2026-02-15,2026-03-17,13765.39,2026-04-28
INV107529,64,2026-02-15,2026-03-17,7185.03,2026-03-26
INV107530,87,2026-02-15,2026-03-17,2425.91,2026-03-31
INV107531,91,2026-02-15,2026-03-17,8684.42,2026-03-11
INV107532,96,2026-02-15,2026-03-17,8642.66,2026-04-24
INV107533,116,2026-02-15,2026-03-17,7782.76,2026-03-12
INV107534,119,2026-02-15,2026-04-16,5317.84,2026-04-26
INV107535,123,2026-02-15,2026-04-16,3345.59,2026-04-20
INV107536,16,2026-02-16,2026-03-18,21908.36,2026-03-31
INV107537,17,2026-02-16,2026-03-18,20972.43,2026-04-11
INV107538,23,2026-02-16,2026-03-18,3600.85,2026-03-24
INV107539,45,2026-02-16,2026-03-18,6139.23,2026-04-30
INV107540,47,2026-02-16,2026-03-18,13584.01,2026-03-08
INV107541,47,2026-02-16,2026-03-18,11403.88,2026-03-22
INV107542,85,2026-02-16,2026-03-18,6300.81,2026-03-17
INV107543,93,2026-02-16,2026-03-18,3471.4,2026-04-16
INV107544,108,2026-02-16,2026-03-18,3990.93,2026-03-14
INV107545,116,2026-02-16,2026-03-18,14381.04,2026-03-23
INV107546,121,2026-02-16,2026-03-18,9716.1,2026-03-19
INV107547,135,2026-02-16,2026-03-18,19520.82,2026-04-05
INV107548,48,2026-02-17,2026-04-18,17853.78,2026-04-18
INV107549,61,2026-02-17,2026-03-19,2715.41,2026-03-21
INV107550,75,2026-02-17,2026-03-19,4313.94,2026-03-28
INV107551,87,2026-02-17,2026-03-19,2749.26,2026-04-12
INV107552,91,2026-02-17,2026-03-19,9661.24,2026-03-14
INV107553,107,2026-02-17,2026-03-19,11086.31,2026-03-15
INV107554,111,2026-02-17,2026-03-19,9175.75,2026-03-27
INV107555,119,2026-02-17,2026-04-18,4753.15,2026-05-23
INV107556,22,2026-02-18,2026-03-20,39782.23,2026-03-17
INV107557,64,2026-02-18,2026-03-20,5852.92,2026-03-21
INV107558,76,2026-02-18,2026-03-20,36700.13,2026-04-21
INV107559,91,2026-02-18,2026-03-20,5407.35,2026-03-22
INV107560,103,2026-02-18,2026-03-20,8505.76,2026-04-10
INV107561,132,2026-02-18,2026-03-20,2274.34,2026-03-11
INV107562,1,2026-02-19,2026-03-21,7284.99,2026-04-01
INV107563,5,2026-02-19,2026-03-21,1809.48,2026-03-15
INV107564,60,2026-02-19,2026-03-21,12261.19,2026-03-22
INV107565,109,2026-02-19,2026-04-20,18346.53,2026-05-04
INV107566,114,2026-02-19,2026-03-21,3641.58,2026-04-15
INV107567,126,2026-02-19,2026-03-21,2748.42,2026-04-15
INV107568,133,2026-02-19,2026-03-21,1348.81,2026-03-28
INV107569,135,2026-02-19,2026-03-21,11936.48,2026-03-25
INV107570,139,2026-02-19,2026-03-21,15628.7,2026-04-17
INV107571,24,2026-02-20,2026-03-22,8907.86,2026-03-21
INV107572,52,2026-02-20,2026-03-22,3414.35,2026-04-12
INV107573,53,2026-02-20,2026-04-21,10391.82,2026-04-12
INV107574,80,2026-02-20,2026-04-21,17818.78,2026-04-28
INV107575,81,2026-02-20,2026-03-22,1969.06,2026-03-29
INV107576,98,2026-02-20,2026-03-22,2222.49,2026-05-31
INV107577,122,2026-02-20,2026-03-22,3040.01,2026-03-29
INV107578,122,2026-02-20,2026-03-22,1504.58,2026-03-15
INV107579,130,2026-02-20,2026-03-22,4849.26,2026-03-17
INV107580,132,2026-02-20,2026-03-22,2869.71,2026-03-24
INV107581,137,2026-02-20,2026-04-21,9193.66,2026-04-18
INV107582,139,2026-02-20,2026-03-22,5659.09,2026-04-15
INV107583,11,2026-02-21,2026-03-23,1854.93,2026-03-23
INV107584,22,2026-02-21,2026-03-23,26714.18,2026-03-16
INV107585,27,2026-02-21,2026-03-23,1841.4,2026-03-29
INV107586,28,2026-02-21,2026-03-23,600.8,2026-05-10
INV107587,71,2026-02-21,2026-03-23,1700.6,2026-04-05
INV107588,79,2026-02-21,2026-04-22,12585.84,2026-04-24
INV107589,83,2026-02-21,2026-03-23,7090.23,2026-06-13
INV107590,86,2026-02-21,2026-03-23,6187.38,2026-03-15
INV107591,111,2026-02-21,2026-03-23,9970.8,2026-03-21
INV107592,120,2026-02-21,2026-04-22,3320.37,2026-04-28
INV107593,122,2026-02-21,2026-03-23,3529.02,2026-03-22
INV107594,1,2026-02-22,2026-03-24,2369.55,2026-03-28
INV107595,1,2026-02-22,2026-03-24,3308.91,2026-03-27
INV107596,6,2026-02-22,2026-03-24,19000.75,2026-05-16
INV107597,19,2026-02-22,2026-03-24,18011.17,2026-04-02
INV107598,29,2026-02-22,2026-03-24,8996.52,2026-04-17
INV107599,36,2026-02-22,2026-03-24,10445.06,2026-03-23
INV107600,49,2026-02-22,2026-03-24,8543.78,2026-03-18
INV107601,51,2026-02-22,2026-03-24,994.26,2026-03-27
INV107602,52,2026-02-22,2026-03-24,9326.6,2026-04-16
INV107603,56,2026-02-22,2026-03-24,5122.0,2026-03-25
INV107604,67,2026-02-22,2026-03-24,4754.64,2026-03-19
INV107605,91,2026-02-22,2026-03-24,4633.28,2026-03-22
INV107606,102,2026-02-22,2026-03-24,39270.12,2026-03-18
INV107607,138,2026-02-22,2026-03-24,9961.48,2026-03-26
INV107608,13,2026-02-23,2026-03-25,3465.8,2026-04-07
INV107609,26,2026-02-23,2026-04-24,5359.16,2026-04-21
INV107610,82,2026-02-23,2026-03-25,19565.49,2026-05-20
INV107611,90,2026-02-23,2026-03-25,17141.97,2026-03-28
INV107612,95,2026-02-23,2026-04-24,8750.81,2026-05-11
INV107613,98,2026-02-23,2026-03-25,960.68,2026-05-23
INV107614,114,2026-02-23,2026-03-25,2768.84,2026-05-02
INV107615,127,2026-02-23,2026-03-25,4749.95,2026-03-19
INV107616,131,2026-02-23,2026-03-25,3375.33,2026-07-05
INV107617,4,2026-02-24,2026-04-25,4206.55,2026-04-26
INV107618,16,2026-02-24,2026-03-26,27595.38,2026-04-09
INV107619,27,2026-02-24,2026-03-26,2645.23,2026-03-29
INV107620,73,2026-02-24,2026-03-26,15016.57,2026-03-29
INV107621,75,2026-02-24,2026-03-26,4232.92,2026-03-30
INV107622,82,2026-02-24,2026-03-26,9676.05,2026-06-01
INV107623,86,2026-02-24,2026-03-26,6830.03,2026-03-26
INV107624,94,2026-02-24,2026-03-26,2959.34,2026-03-16
INV107625,100,2026-02-24,2026-03-26,5536.38,2026-04-25
INV107626,100,2026-02-24,2026-03-26,8345.44,2026-04-25
INV107627,101,2026-02-24,2026-03-26,4693.89,2026-03-28
INV107628,111,2026-02-24,2026-03-26,9683.26,2026-03-24
INV107629,119,2026-02-24,2026-04-25,6004.92,2026-04-28
INV107630,135,2026-02-24,2026-03-26,15205.96,2026-05-23
INV107631,140,2026-02-24,2026-03-26,3012.92,2026-03-25
INV107632,145,2026-02-24,2026-03-26,27577.41,2026-04-23
INV107633,2,2026-02-25,2026-03-27,7081.96,2026-03-29
INV107634,13,2026-02-25,2026-03-27,3422.07,2026-04-19
INV107635,16,2026-02-25,2026-03-27,23799.27,2026-05-20
INV107636,60,2026-02-25,2026-03-27,7654.31,2026-03-24
INV107637,76,2026-02-25,2026-03-27,15856.95,2026-04-27
INV107638,79,2026-02-25,2026-04-26,4481.79,2026-04-28
INV107639,102,2026-02-25,2026-03-27,27155.76,2026-04-03
INV107640,113,2026-02-25,2026-04-26,13648.24,2026-05-04
INV107641,125,2026-02-25,2026-04-26,1373.03,2026-04-30
INV107642,128,2026-02-25,2026-03-27,5498.28,2026-03-29
INV107643,128,2026-02-25,2026-03-27,7255.58,2026-04-03
INV107644,128,2026-02-25,2026-03-27,4873.37,2026-03-31
INV107645,129,2026-02-25,2026-03-27,7441.98,2026-04-03
INV107646,139,2026-02-25,2026-03-27,22742.5,2026-04-02
INV107647,150,2026-02-25,2026-03-27,5343.76,2026-04-01
INV107648,1,2026-02-26,2026-03-28,4164.07,2026-03-27
INV107649,7,2026-02-26,2026-03-28,17190.2,2026-03-28
INV107650,18,2026-02-26,2026-03-28,91305.6,2026-04-03
INV107651,19,2026-02-26,2026-03-28,13996.72,2026-04-08
INV107652,31,2026-02-26,2026-03-28,6472.55,2026-04-02
INV107653,42,2026-02-26,2026-04-27,2657.59,2026-05-04
INV107654,57,2026-02-26,2026-04-27,2848.05,2026-05-03
INV107655,62,2026-02-26,2026-04-27,9181.05,2026-05-10
INV107656,67,2026-02-26,2026-03-28,2491.91,2026-03-31
INV107657,85,2026-02-26,2026-03-28,4308.16,2026-04-06
INV107658,102,2026-02-26,2026-03-28,27859.62,2026-03-24
INV107659,106,2026-02-26,2026-03-28,2800.11,2026-03-26
INV107660,120,2026-02-26,2026-04-27,5557.64,2026-05-02
INV107661,129,2026-02-26,2026-03-28,13160.05,2026-03-30
INV107662,137,2026-02-26,2026-04-27,8336.66,2026-05-10
INV107663,146,2026-02-26,2026-03-28,14790.86,2026-04-30
INV107664,27,2026-02-27,2026-03-29,1458.13,2026-03-28
INV107665,30,2026-02-27,2026-03-29,4160.2,2026-04-02
INV107666,43,2026-02-27,2026-04-28,6953.52,2026-05-05
INV107667,78,2026-02-27,2026-03-29,826.41,2026-05-03
INV107668,99,2026-02-27,2026-03-29,7619.68,2026-04-10
INV107669,106,2026-02-27,2026-03-29,6329.77,2026-03-28
INV107670,114,2026-02-27,2026-03-29,3858.4,2026-04-14
INV107671,130,2026-02-27,2026-03-29,3141.68,2026-04-05
INV107672,132,2026-02-27,2026-03-29,4379.98,2026-03-27
INV107673,135,2026-02-27,2026-03-29,21346.64,2026-05-06
INV107674,11,2026-02-28,2026-03-30,2060.03,2026-04-07
INV107675,39,2026-02-28,2026-03-30,6783.55,2026-05-27
INV107676,112,2026-02-28,2026-04-29,2953.18,2026-04-30
INV107677,121,2026-02-28,2026-03-30,24286.43,2026-04-05
INV107678,122,2026-02-28,2026-03-30,1794.66,2026-04-02
INV107679,132,2026-02-28,2026-03-30,1931.58,2026-03-30
INV107680,138,2026-02-28,2026-03-30,5785.9,2026-03-31
INV107681,147,2026-02-28,2026-03-30,5796.52,2026-04-06
INV107682,24,2026-03-01,2026-03-31,6499.7,2026-04-05
INV107683,77,2026-03-01,2026-03-31,17445.1,2026-03-25
INV107684,92,2026-03-01,2026-03-31,20760.46,2026-05-02
INV107685,99,2026-03-01,2026-03-31,1845.28,2026-04-06
INV107686,109,2026-03-01,2026-04-30,6057.2,2026-07-04
INV107687,121,2026-03-01,2026-03-31,14122.24,2026-03-28
INV107688,124,2026-03-01,2026-04-30,2127.42,2026-05-04
INV107689,130,2026-03-01,2026-03-31,9817.09,2026-03-30
INV107690,30,2026-03-02,2026-04-01,5908.06,2026-04-11
INV107691,38,2026-03-02,2026-04-01,10561.91,2026-04-13
INV107692,145,2026-03-02,2026-04-01,59434.25,2026-04-22
INV107693,4,2026-03-03,2026-05-02,7137.71,2026-05-06
INV107694,7,2026-03-03,2026-04-02,14637.39,2026-04-01
INV107695,9,2026-03-03,2026-04-02,3810.04,2026-05-15
INV107696,11,2026-03-03,2026-04-02,3308.93,2026-04-03
INV107697,12,2026-03-03,2026-04-02,2683.8,2026-04-04
INV107698,27,2026-03-03,2026-04-02,4546.43,2026-03-31
INV107699,33,2026-03-03,2026-04-02,3786.07,2026-03-30
INV107700,83,2026-03-03,2026-04-02,3130.64,2026-06-03
INV107701,120,2026-03-03,2026-05-02,1602.31,2026-04-25
INV107702,140,2026-03-03,2026-04-02,4154.53,2026-05-02
INV107703,142,2026-03-03,2026-04-02,415.0,2026-03-28
INV107704,143,2026-03-03,2026-04-02,53857.16,2026-04-05
INV107705,75,2026-03-04,2026-04-03,1757.4,2026-04-13
INV107706,77,2026-03-04,2026-04-03,16231.71,2026-04-03
INV107707,84,2026-03-04,2026-04-03,25813.13,2026-04-09
INV107708,84,2026-03-04,2026-04-03,14929.13,2026-04-06
INV107709,99,2026-03-04,2026-04-03,3072.94,2026-03-25
INV107710,119,2026-03-04,2026-05-03,6267.11,2026-05-18
INV107711,2,2026-03-05,2026-04-04,9860.75,2026-04-16
INV107712,13,2026-03-05,2026-04-04,4645.66,2026-04-17
INV107713,62,2026-03-05,2026-05-04,15068.89,2026-05-18
INV107714,106,2026-03-05,2026-04-04,2630.28,2026-03-29
INV107715,107,2026-03-05,2026-04-04,6264.34,2026-04-07
INV107716,126,2026-03-05,2026-04-04,7959.6,2026-05-15
INV107717,134,2026-03-05,2026-04-04,19163.29,2026-04-09
INV107718,1,2026-03-06,2026-04-05,2607.31,2026-04-27
INV107719,3,2026-03-06,2026-04-05,4652.16,2026-04-19
INV107720,13,2026-03-06,2026-04-05,1881.89,2026-04-11
INV107721,14,2026-03-06,2026-04-05,6994.07,2026-04-10
INV107722,19,2026-03-06,2026-04-05,8869.06,2026-04-09
INV107723,21,2026-03-06,2026-04-05,10654.06,2026-05-22
INV107724,22,2026-03-06,2026-04-05,16491.94,2026-05-14
INV107725,66,2026-03-06,2026-04-05,10936.65,2026-04-11
INV107726,66,2026-03-06,2026-04-05,8397.44,2026-04-01
INV107727,70,2026-03-06,2026-04-05,3910.82,2026-04-07
INV107728,118,2026-03-06,2026-04-05,8417.78,2026-03-30
INV107729,133,2026-03-06,2026-04-05,832.7,2026-04-12
INV107730,7,2026-03-07,2026-04-06,13163.05,2026-04-13
INV107731,16,2026-03-07,2026-04-06,14753.31,2026-04-11
INV107732,26,2026-03-07,2026-05-06,6586.72,2026-05-01
INV107733,69,2026-03-07,2026-04-06,27755.6,2026-05-02
INV107734,72,2026-03-07,2026-04-06,4539.31,2026-04-05
INV107735,95,2026-03-07,2026-05-06,4645.2,2026-05-28
INV107736,102,2026-03-07,2026-04-06,22544.18,2026-04-12
INV107737,130,2026-03-07,2026-04-06,13855.84,2026-04-13
INV107738,148,2026-03-07,2026-05-06,8514.9,2026-05-04
INV107739,149,2026-03-07,2026-04-06,6417.92,2026-04-12
INV107740,46,2026-03-08,2026-05-07,3204.27,2026-05-30
INV107741,48,2026-03-08,2026-05-07,16974.31,2026-05-17
INV107742,83,2026-03-08,2026-04-07,6771.2,2026-05-25
INV107743,84,2026-03-08,2026-04-07,10158.82,2026-04-03
INV107744,102,2026-03-08,2026-04-07,26694.52,2026-04-06
INV107745,110,2026-03-08,2026-04-07,10246.15,2026-04-15
INV107746,113,2026-03-08,2026-05-07,8015.56,2026-05-12
INV107747,121,2026-03-08,2026-04-07,13245.64,2026-04-05
INV107748,122,2026-03-08,2026-04-07,2794.17,2026-04-04
INV107749,128,2026-03-08,2026-04-07,9801.22,2026-04-09
INV107750,130,2026-03-08,2026-04-07,4403.49,2026-04-10
INV107751,135,2026-03-08,2026-04-07,23817.13,2026-06-06
INV107752,16,2026-03-09,2026-04-08,16943.61,2026-04-24
INV107753,37,2026-03-09,2026-04-08,3401.84,2026-04-29
INV107754,44,2026-03-09,2026-05-08,3714.01,2026-05-11
INV107755,45,2026-03-09,2026-04-08,4315.7,2026-04-15
INV107756,66,2026-03-09,2026-04-08,7359.57,2026-04-01
INV107757,75,2026-03-09,2026-04-08,7370.59,2026-04-07
INV107758,77,2026-03-09,2026-04-08,20892.51,2026-04-06
INV107759,84,2026-03-09,2026-04-08,11105.67,2026-04-05
INV107760,86,2026-03-09,2026-04-08,6152.88,2026-04-02
INV107761,107,2026-03-09,2026-04-08,10277.35,2026-04-13
INV107762,108,2026-03-09,2026-04-08,4665.14,2026-04-15
INV107763,109,2026-03-09,2026-05-08,9375.1,2026-06-06
INV107764,131,2026-03-09,2026-04-08,5239.75,2026-04-28
INV107765,136,2026-03-09,2026-04-08,4734.17,2026-05-19
INV107766,10,2026-03-10,2026-05-09,5101.25,2026-05-23
INV107767,12,2026-03-10,2026-04-09,1684.23,2026-04-10
INV107768,13,2026-03-10,2026-04-09,2041.56,2026-05-06
INV107769,30,2026-03-10,2026-04-09,3333.85,2026-04-13
INV107770,53,2026-03-10,2026-05-09,11828.92,2026-05-07
INV107771,62,2026-03-10,2026-05-09,8554.21,2026-06-03
INV107772,72,2026-03-10,2026-04-09,2098.12,2026-04-12
INV107773,76,2026-03-10,2026-04-09,10576.0,2026-05-17
INV107774,79,2026-03-10,2026-05-09,7987.32,2026-05-14
INV107775,105,2026-03-10,2026-04-09,1576.26,2026-04-11
INV107776,138,2026-03-10,2026-04-09,12082.84,2026-04-14
INV107777,39,2026-03-11,2026-04-10,16227.62,2026-05-10
INV107778,49,2026-03-11,2026-04-10,8068.83,2026-04-20
INV107779,54,2026-03-11,2026-05-10,6277.51,2026-05-10
INV107780,75,2026-03-11,2026-04-10,3123.74,2026-04-20
INV107781,86,2026-03-11,2026-04-10,2330.91,2026-04-20
INV107782,142,2026-03-11,2026-04-10,476.42,2026-04-09
INV107783,6,2026-03-12,2026-04-11,26711.38,2026-06-23
INV107784,25,2026-03-12,2026-04-11,4244.93,2026-04-09
INV107785,31,2026-03-12,2026-04-11,3616.9,2026-04-15
INV107786,32,2026-03-12,2026-04-11,13257.99,2026-04-23
INV107787,39,2026-03-12,2026-04-11,6331.21,2026-06-20
INV107788,48,2026-03-12,2026-05-11,14719.15,2026-05-07
INV107789,49,2026-03-12,2026-04-11,5981.01,2026-04-16
INV107790,57,2026-03-12,2026-05-11,10154.65,2026-05-10
INV107791,79,2026-03-12,2026-05-11,3781.18,2026-05-07
INV107792,90,2026-03-12,2026-04-11,20523.53,2026-04-16
INV107793,91,2026-03-12,2026-04-11,5953.87,2026-04-19
INV107794,99,2026-03-12,2026-04-11,3665.1,2026-04-06
INV107795,149,2026-03-12,2026-04-11,15813.74,2026-04-27
INV107796,16,2026-03-13,2026-04-12,23651.62,2026-05-11
INV107797,23,2026-03-13,2026-04-12,6269.22,2026-04-11
INV107798,49,2026-03-13,2026-04-12,6533.42,2026-04-15
INV107799,51,2026-03-13,2026-04-12,1746.65,2026-04-14
INV107800,55,2026-03-13,2026-04-12,9243.18,2026-04-13
INV107801,57,2026-03-13,2026-05-12,5299.02,2026-05-14
INV107802,83,2026-03-13,2026-04-12,12148.95,2026-05-16
INV107803,88,2026-03-13,2026-04-12,9902.36,2026-04-11
INV107804,97,2026-03-13,2026-04-12,6395.46,2026-04-23
INV107805,108,2026-03-13,2026-04-12,8107.18,2026-04-09
INV107806,119,2026-03-13,2026-05-12,4664.77,2026-06-02
INV107807,130,2026-03-13,2026-04-12,6845.87,2026-04-14
INV107808,7,2026-03-14,2026-04-13,3746.04,2026-04-06
INV107809,30,2026-03-14,2026-04-13,6238.9,2026-04-19
INV107810,31,2026-03-14,2026-04-13,5624.06,2026-04-11
INV107811,31,2026-03-14,2026-04-13,3594.81,2026-04-22
INV107812,36,2026-03-14,2026-04-13,8606.19,2026-04-03
INV107813,37,2026-03-14,2026-04-13,3851.97,2026-04-22
INV107814,44,2026-03-14,2026-05-13,3882.24,2026-05-10
INV107815,61,2026-03-14,2026-04-13,1101.3,2026-04-17
INV107816,68,2026-03-14,2026-05-13,19228.44,2026-05-06
INV107817,102,2026-03-14,2026-04-13,31583.09,2026-04-08
INV107818,113,2026-03-14,2026-05-13,9673.42,2026-05-18
INV107819,117,2026-03-14,2026-04-13,9812.14,2026-04-05
INV107820,138,2026-03-14,2026-04-13,10302.01,2026-04-15
INV107821,32,2026-03-15,2026-04-14,9952.88,2026-04-08
INV107822,34,2026-03-15,2026-04-14,6000.59,2026-05-16
INV107823,35,2026-03-15,2026-04-14,4042.0,2026-04-09
INV107824,39,2026-03-15,2026-04-14,10566.12,2026-06-14
INV107825,43,2026-03-15,2026-05-14,2439.33,2026-06-15
INV107826,68,2026-03-15,2026-05-14,18180.72,2026-05-20
INV107827,80,2026-03-15,2026-05-14,18142.96,2026-05-20
INV107828,98,2026-03-15,2026-04-14,856.43,2026-05-19
INV107829,103,2026-03-15,2026-04-14,7126.66,2026-04-27
INV107830,107,2026-03-15,2026-04-14,10761.09,2026-04-19
INV107831,146,2026-03-15,2026-04-14,12539.77,2026-05-20
INV107832,2,2026-03-16,2026-04-15,5299.35,2026-04-15
INV107833,6,2026-03-16,2026-04-15,25314.38,2026-07-22
INV107834,9,2026-03-16,2026-04-15,4855.81,2026-05-26
INV107835,46,2026-03-16,2026-05-15,2236.46,2026-05-28
INV107836,58,2026-03-16,2026-04-15,3945.64,2026-04-12
INV107837,74,2026-03-16,2026-05-15,24560.51,2026-05-27
INV107838,96,2026-03-16,2026-04-15,16742.78,2026-04-25
INV107839,109,2026-03-16,2026-05-15,10111.25,2026-07-17
INV107840,126,2026-03-16,2026-04-15,4937.33,2026-04-26
INV107841,132,2026-03-16,2026-04-15,2668.63,2026-04-19
INV107842,137,2026-03-16,2026-05-15,9886.24,2026-05-22
INV107843,13,2026-03-17,2026-04-16,3500.08,2026-05-07
INV107844,26,2026-03-17,2026-05-16,6581.81,2026-05-14
INV107845,27,2026-03-17,2026-04-16,4298.47,2026-04-19
INV107846,36,2026-03-17,2026-04-16,5243.86,2026-04-22
INV107847,38,2026-03-17,2026-04-16,12841.89,2026-04-25
INV107848,45,2026-03-17,2026-04-16,6379.37,2026-07-03
INV107849,70,2026-03-17,2026-04-16,3080.62,2026-05-01
INV107850,70,2026-03-17,2026-04-16,2456.57,2026-04-14
INV107851,80,2026-03-17,2026-05-16,44380.48,2026-05-20
INV107852,88,2026-03-17,2026-04-16,4161.01,2026-04-21
INV107853,98,2026-03-17,2026-04-16,1294.64,2026-05-23
INV107854,102,2026-03-17,2026-04-16,31852.93,2026-04-13
INV107855,112,2026-03-17,2026-05-16,5345.16,2026-05-17
INV107856,116,2026-03-17,2026-04-16,7580.79,2026-04-16
INV107857,124,2026-03-17,2026-05-16,3849.56,2026-06-05
INV107858,131,2026-03-17,2026-04-16,5090.61,
INV107859,144,2026-03-17,2026-04-16,1685.01,2026-05-04
INV107860,6,2026-03-18,2026-04-17,46123.28,2026-05-28
INV107861,12,2026-03-18,2026-04-17,2520.55,2026-04-16
INV107862,23,2026-03-18,2026-04-17,6110.83,2026-04-17
INV107863,27,2026-03-18,2026-04-17,2430.09,2026-04-18
INV107864,29,2026-03-18,2026-04-17,13171.8,2026-05-02
INV107865,41,2026-03-18,2026-04-17,12449.63,2026-04-21
INV107866,70,2026-03-18,2026-04-17,2945.12,2026-04-19
INV107867,71,2026-03-18,2026-04-17,660.35,2026-05-04
INV107868,72,2026-03-18,2026-04-17,4421.67,2026-04-14
INV107869,90,2026-03-18,2026-04-17,11239.42,2026-04-09
INV107870,140,2026-03-18,2026-04-17,3355.55,2026-05-14
INV107871,1,2026-03-19,2026-04-18,4217.87,2026-05-23
INV107872,6,2026-03-19,2026-04-18,42265.34,2026-06-11
INV107873,20,2026-03-19,2026-05-18,11567.31,2026-05-23
INV107874,22,2026-03-19,2026-04-18,16062.07,2026-06-01
INV107875,45,2026-03-19,2026-04-18,5664.43,2026-05-02
INV107876,49,2026-03-19,2026-04-18,10377.41,2026-04-16
INV107877,56,2026-03-19,2026-04-18,3301.09,2026-05-21
INV107878,58,2026-03-19,2026-04-18,8281.38,2026-04-08
INV107879,79,2026-03-19,2026-05-18,5296.61,2026-05-11
INV107880,91,2026-03-19,2026-04-18,6197.16,2026-04-15
INV107881,116,2026-03-19,2026-04-18,5847.69,2026-04-21
INV107882,125,2026-03-19,2026-05-18,3205.72,2026-05-23
INV107883,3,2026-03-20,2026-04-19,6096.22,2026-05-19
INV107884,7,2026-03-20,2026-04-19,13044.08,2026-04-23
INV107885,18,2026-03-20,2026-04-19,79953.03,2026-04-09
INV107886,55,2026-03-20,2026-04-19,4788.05,2026-05-06
INV107887,59,2026-03-20,2026-04-19,1472.21,2026-04-19
INV107888,70,2026-03-20,2026-04-19,8372.34,2026-04-13
INV107889,75,2026-03-20,2026-04-19,2444.08,2026-04-17
INV107890,87,2026-03-20,2026-04-19,906.16,2026-05-15
INV107891,90,2026-03-20,2026-04-19,19273.1,2026-04-29
INV107892,104,2026-03-20,2026-04-19,13836.05,2026-04-27
INV107893,110,2026-03-20,2026-04-19,7574.8,2026-04-24
INV107894,110,2026-03-20,2026-04-19,4452.39,2026-04-15
INV107895,117,2026-03-20,2026-04-19,4577.2,2026-04-30
INV107896,9,2026-03-21,2026-04-20,3050.12,2026-04-19
INV107897,19,2026-03-21,2026-04-20,6293.79,2026-04-26
INV107898,34,2026-03-21,2026-04-20,15145.76,2026-05-08
INV107899,36,2026-03-21,2026-04-20,8743.05,2026-04-18
INV107900,46,2026-03-21,2026-05-20,4706.59,2026-06-19
INV107901,46,2026-03-21,2026-05-20,2648.54,2026-06-08
INV107902,66,2026-03-21,2026-04-20,6992.04,2026-04-25
INV107903,69,2026-03-21,2026-04-20,17199.75,2026-04-27
INV107904,73,2026-03-21,2026-04-20,7511.36,2026-04-23
INV107905,99,2026-03-21,2026-04-20,5672.46,2026-04-25
INV107906,128,2026-03-21,2026-04-20,3814.15,2026-05-03
INV107907,129,2026-03-21,2026-04-20,11213.5,2026-04-27
INV107908,146,2026-03-21,2026-04-20,5473.82,2026-05-08
INV107909,2,2026-03-22,2026-04-21,15306.28,2026-04-12
INV107910,3,2026-03-22,2026-04-21,2707.37,2026-05-07
INV107911,10,2026-03-22,2026-05-21,8032.47,2026-05-19
INV107912,15,2026-03-22,2026-05-21,4656.87,2026-05-22
INV107913,17,2026-03-22,2026-04-21,13711.45,2026-05-11
INV107914,34,2026-03-22,2026-04-21,5645.47,2026-05-29
INV107915,47,2026-03-22,2026-04-21,23770.44,2026-04-22
INV107916,74,2026-03-22,2026-05-21,19131.66,2026-05-21
INV107917,132,2026-03-22,2026-04-21,1829.2,2026-04-27
INV107918,135,2026-03-22,2026-04-21,39501.89,2026-05-11
INV107919,137,2026-03-22,2026-05-21,5857.24,2026-06-01
INV107920,22,2026-03-23,2026-04-22,35961.1,2026-05-28
INV107921,28,2026-03-23,2026-04-22,1366.31,2026-06-09
INV107922,54,2026-03-23,2026-05-22,3668.72,2026-05-26
INV107923,72,2026-03-23,2026-04-22,3491.47,2026-04-19
INV107924,73,2026-03-23,2026-04-22,5886.29,2026-04-19
INV107925,75,2026-03-23,2026-04-22,4763.85,2026-04-21
INV107926,81,2026-03-23,2026-04-22,1391.11,2026-04-17
INV107927,84,2026-03-23,2026-04-22,11540.93,2026-04-27
INV107928,92,2026-03-23,2026-04-22,23242.85,2026-05-09
INV107929,110,2026-03-23,2026-04-22,11034.25,2026-04-24
INV107930,110,2026-03-23,2026-04-22,5427.59,2026-04-21
INV107931,111,2026-03-23,2026-04-22,8838.69,2026-04-21
INV107932,116,2026-03-23,2026-04-22,14982.3,2026-04-28
INV107933,144,2026-03-23,2026-04-22,2298.26,2026-05-12
INV107934,15,2026-03-24,2026-05-23,3826.18,2026-05-23
INV107935,27,2026-03-24,2026-04-23,3399.93,2026-04-28
INV107936,50,2026-03-24,2026-04-23,11106.58,2026-06-08
INV107937,53,2026-03-24,2026-05-23,6226.62,2026-05-27
INV107938,94,2026-03-24,2026-04-23,10436.08,2026-04-29
INV107939,132,2026-03-24,2026-04-23,5247.07,2026-04-27
INV107940,17,2026-03-25,2026-04-24,15234.06,2026-05-30
INV107941,27,2026-03-25,2026-04-24,8107.37,2026-05-05
INV107942,29,2026-03-25,2026-04-24,4937.27,2026-05-05
INV107943,33,2026-03-25,2026-04-24,6642.98,2026-04-23
INV107944,36,2026-03-25,2026-04-24,12650.43,2026-04-28
INV107945,51,2026-03-25,2026-04-24,2232.5,2026-04-26
INV107946,62,2026-03-25,2026-05-24,12557.84,2026-06-24
INV107947,67,2026-03-25,2026-04-24,2739.31,2026-05-02
INV107948,72,2026-03-25,2026-04-24,3766.92,2026-04-25
INV107949,107,2026-03-25,2026-04-24,9886.64,2026-04-28
INV107950,133,2026-03-25,2026-04-24,1446.97,2026-04-21
INV107951,135,2026-03-25,2026-04-24,22710.73,2026-06-24
INV107952,136,2026-03-25,2026-04-24,3518.1,2026-06-24
INV107953,137,2026-03-25,2026-05-24,8338.22,2026-06-14
INV107954,26,2026-03-26,2026-05-25,12186.02,2026-05-30
INV107955,36,2026-03-26,2026-04-25,20260.34,2026-04-30
INV107956,38,2026-03-26,2026-04-25,9116.69,2026-04-21
INV107957,45,2026-03-26,2026-04-25,5363.44,2026-05-15
INV107958,65,2026-03-26,2026-04-25,947.21,2026-05-20
INV107959,85,2026-03-26,2026-04-25,3561.29,2026-04-24
INV107960,130,2026-03-26,2026-04-25,5437.65,2026-04-25
INV107961,130,2026-03-26,2026-04-25,7024.7,2026-04-30
INV107962,14,2026-03-27,2026-04-26,4325.7,2026-04-18
INV107963,34,2026-03-27,2026-04-26,11874.99,2026-05-07
INV107964,35,2026-03-27,2026-04-26,4688.07,2026-05-06
INV107965,70,2026-03-27,2026-04-26,4874.57,2026-05-02
INV107966,89,2026-03-27,2026-04-26,4996.5,2026-04-24
INV107967,104,2026-03-27,2026-04-26,13994.07,2026-05-07
INV107968,115,2026-03-27,2026-04-26,4263.17,2026-06-12
INV107969,144,2026-03-27,2026-04-26,1896.46,2026-05-13
INV107970,146,2026-03-27,2026-04-26,33545.01,2026-05-28
INV107971,146,2026-03-27,2026-04-26,14530.36,2026-05-14
INV107972,11,2026-03-28,2026-04-27,2082.22,2026-04-25
INV107973,11,2026-03-28,2026-04-27,2131.75,2026-04-23
INV107974,17,2026-03-28,2026-04-27,13989.86,2026-06-17
INV107975,37,2026-03-28,2026-04-27,3654.38,2026-05-30
INV107976,60,2026-03-28,2026-04-27,9523.08,2026-05-03
INV107977,78,2026-03-28,2026-04-27,735.13,2026-05-19
INV107978,148,2026-03-28,2026-05-27,9717.64,2026-05-25
INV107979,149,2026-03-28,2026-04-27,9016.35,2026-05-08
INV107980,6,2026-04-01,2026-05-01,12868.64,2026-06-15
INV107981,24,2026-04-01,2026-05-01,9619.65,2026-05-03
INV107982,28,2026-04-01,2026-05-01,841.77,2026-05-28
INV107983,61,2026-04-01,2026-05-01,2170.24,2026-05-11
INV107984,85,2026-04-01,2026-05-01,3824.47,2026-05-01
INV107985,99,2026-04-01,2026-05-01,4133.73,2026-04-29
INV107986,105,2026-04-01,2026-05-01,2302.81,2026-05-23
INV107987,114,2026-04-01,2026-05-01,4125.36,2026-05-09
INV107988,126,2026-04-01,2026-05-01,14438.27,2026-06-03
INV107989,130,2026-04-01,2026-05-01,7425.59,2026-05-09
INV107990,25,2026-04-02,2026-05-02,2435.98,2026-05-06
INV107991,26,2026-04-02,2026-06-01,6609.74,2026-06-03
INV107992,27,2026-04-02,2026-05-02,4653.59,2026-05-07
INV107993,36,2026-04-02,2026-05-02,14861.9,2026-05-07
INV107994,38,2026-04-02,2026-05-02,7719.64,2026-05-10
INV107995,46,2026-04-02,2026-06-01,2703.57,2026-07-01
INV107996,57,2026-04-02,2026-06-01,12546.21,2026-06-20
INV107997,82,2026-04-02,2026-05-02,25308.98,2026-05-13
INV107998,99,2026-04-02,2026-05-02,1611.68,2026-05-05
INV107999,103,2026-04-02,2026-05-02,3403.92,2026-05-31
INV108000,117,2026-04-02,2026-05-02,6635.25,2026-05-04
INV108001,120,2026-04-02,2026-06-01,2856.6,2026-05-31
INV108002,122,2026-04-02,2026-05-02,2378.11,2026-05-10
INV108003,149,2026-04-02,2026-05-02,6247.25,2026-06-25
INV108004,7,2026-04-03,2026-05-03,7774.04,2026-04-30
INV108005,37,2026-04-03,2026-05-03,6263.83,2026-05-29
INV108006,38,2026-04-03,2026-05-03,7065.76,2026-04-27
INV108007,46,2026-04-03,2026-06-02,2632.79,2026-06-22
INV108008,68,2026-04-03,2026-06-02,9767.42,2026-05-31
INV108009,79,2026-04-03,2026-06-02,4899.6,2026-06-03
INV108010,84,2026-04-03,2026-05-03,8183.85,2026-05-02
INV108011,93,2026-04-03,2026-05-03,7761.41,2026-06-01
INV108012,104,2026-04-03,2026-05-03,7671.83,2026-05-25
INV108013,105,2026-04-03,2026-05-03,1733.83,2026-05-23
INV108014,105,2026-04-03,2026-05-03,1698.73,2026-05-21
INV108015,120,2026-04-03,2026-06-02,3312.61,2026-06-02
INV108016,150,2026-04-03,2026-05-03,5453.17,2026-04-23
INV108017,2,2026-04-04,2026-05-04,15234.84,2026-05-01
INV108018,21,2026-04-04,2026-05-04,5072.3,2026-05-25
INV108019,31,2026-04-04,2026-05-04,4640.29,2026-05-09
INV108020,31,2026-04-04,2026-05-04,9425.55,2026-05-06
INV108021,61,2026-04-04,2026-05-04,1865.83,2026-05-01
INV108022,67,2026-04-04,2026-05-04,6216.53,2026-05-05
INV108023,69,2026-04-04,2026-05-04,40346.29,2026-05-15
INV108024,101,2026-04-04,2026-05-04,5607.65,2026-05-05
INV108025,106,2026-04-04,2026-05-04,3576.38,2026-05-15
INV108026,140,2026-04-04,2026-05-04,5628.44,2026-05-24
INV108027,13,2026-04-05,2026-05-05,2031.46,2026-06-03
INV108028,32,2026-04-05,2026-05-05,14388.15,2026-05-07
INV108029,42,2026-04-05,2026-06-04,4582.16,2026-06-04
INV108030,42,2026-04-05,2026-06-04,3442.44,2026-06-05
INV108031,49,2026-04-05,2026-05-05,9304.57,2026-05-17
INV108032,61,2026-04-05,2026-05-05,1703.28,2026-05-08
INV108033,75,2026-04-05,2026-05-05,3067.17,2026-04-29
INV108034,121,2026-04-05,2026-05-05,14545.96,2026-05-12
INV108035,138,2026-04-05,2026-05-05,9167.73,2026-05-18
INV108036,148,2026-04-05,2026-06-04,11399.93,2026-06-04
INV108037,58,2026-04-06,2026-05-06,5374.12,2026-05-15
INV108038,71,2026-04-06,2026-05-06,795.62,2026-05-28
INV108039,93,2026-04-06,2026-05-06,3690.74,2026-05-07
INV108040,101,2026-04-06,2026-05-06,7476.85,2026-05-08
INV108041,115,2026-04-06,2026-05-06,964.85,2026-05-26
INV108042,127,2026-04-06,2026-05-06,3012.49,2026-05-03
INV108043,145,2026-04-06,2026-05-06,50123.63,2026-05-25
INV108044,11,2026-04-07,2026-05-07,862.91,2026-04-28
INV108045,32,2026-04-07,2026-05-07,7491.04,2026-05-07
INV108046,34,2026-04-07,2026-05-07,5573.0,2026-06-20
INV108047,39,2026-04-07,2026-05-07,5895.38,2026-05-31
INV108048,63,2026-04-07,2026-05-07,4722.92,2026-05-15
INV108049,75,2026-04-07,2026-05-07,2784.44,2026-05-06
INV108050,96,2026-04-07,2026-05-07,15980.93,2026-05-22
INV108051,103,2026-04-07,2026-05-07,6446.33,2026-05-01
INV108052,142,2026-04-07,2026-05-07,975.72,2026-04-30
INV108053,5,2026-04-08,2026-05-08,2164.6,2026-06-15
INV108054,6,2026-04-08,2026-05-08,20420.23,2026-06-19
INV108055,27,2026-04-08,2026-05-08,3189.5,2026-05-09
INV108056,39,2026-04-08,2026-05-08,7853.0,2026-07-15
INV108057,43,2026-04-08,2026-06-07,3917.06,2026-07-17
INV108058,58,2026-04-08,2026-05-08,3098.41,2026-05-05
INV108059,118,2026-04-08,2026-05-08,3588.41,2026-05-03
INV108060,120,2026-04-08,2026-06-07,2310.11,2026-06-11
INV108061,121,2026-04-08,2026-05-08,6738.5,2026-05-02
INV108062,123,2026-04-08,2026-06-07,6482.49,2026-06-07
INV108063,128,2026-04-08,2026-05-08,5427.92,2026-05-15
INV108064,141,2026-04-08,2026-05-08,2788.74,2026-05-12
INV108065,146,2026-04-08,2026-05-08,20117.11,2026-06-15
INV108066,8,2026-04-09,2026-06-08,2957.9,2026-06-11
INV108067,29,2026-04-09,2026-05-09,6922.07,2026-06-01
INV108068,38,2026-04-09,2026-05-09,11698.58,2026-05-15
INV108069,59,2026-04-09,2026-05-09,3788.56,2026-05-13
INV108070,80,2026-04-09,2026-06-08,13930.65,2026-06-07
INV108071,91,2026-04-09,2026-05-09,4298.13,2026-05-06
INV108072,92,2026-04-09,2026-05-09,22207.59,2026-06-15
INV108073,125,2026-04-09,2026-06-08,2334.99,2026-06-11
INV108074,145,2026-04-09,2026-05-09,27691.33,2026-05-23
INV108075,146,2026-04-09,2026-05-09,12414.72,2026-05-27
INV108076,4,2026-04-10,2026-06-09,6507.06,2026-06-14
INV108077,18,2026-04-10,2026-05-10,26944.31,2026-05-16
INV108078,24,2026-04-10,2026-05-10,11022.5,2026-05-17
INV108079,24,2026-04-10,2026-05-10,8182.34,2026-05-12
INV108080,64,2026-04-10,2026-05-10,6806.3,2026-05-13
INV108081,72,2026-04-10,2026-05-10,3551.62,2026-05-13
INV108082,123,2026-04-10,2026-06-09,4054.17,2026-06-11
INV108083,126,2026-04-10,2026-05-10,7071.15,2026-05-23
INV108084,129,2026-04-10,2026-05-10,11381.2,2026-05-07
INV108085,130,2026-04-10,2026-05-10,3451.41,2026-05-10
INV108086,142,2026-04-10,2026-05-10,325.48,2026-05-07
INV108087,37,2026-04-11,2026-05-11,2708.92,2026-05-27
INV108088,61,2026-04-11,2026-05-11,2008.13,2026-05-14
INV108089,62,2026-04-11,2026-06-10,17460.49,2026-07-12
INV108090,116,2026-04-11,2026-05-11,7631.94,2026-05-13
INV108091,135,2026-04-11,2026-05-11,11141.26,2026-08-16
INV108092,5,2026-04-12,2026-05-12,2440.17,2026-06-17
INV108093,15,2026-04-12,2026-06-11,3881.94,2026-06-01
INV108094,38,2026-04-12,2026-05-12,6075.51,2026-05-15
INV108095,75,2026-04-12,2026-05-12,5639.08,2026-05-22
INV108096,81,2026-04-12,2026-05-12,1955.94,2026-05-14
INV108097,83,2026-04-12,2026-05-12,3010.83,2026-08-21
INV108098,84,2026-04-12,2026-05-12,44476.13,2026-05-15
INV108099,94,2026-04-12,2026-05-12,3741.92,2026-05-09
INV108100,99,2026-04-12,2026-05-12,3119.62,2026-05-12
INV108101,119,2026-04-12,2026-06-11,10185.57,2026-06-29
INV108102,128,2026-04-12,2026-05-12,4183.81,2026-05-13
INV108103,131,2026-04-12,2026-05-12,5983.97,2026-06-25
INV108104,144,2026-04-12,2026-05-12,2014.3,2026-05-29
INV108105,22,2026-04-13,2026-05-13,27301.29,2026-06-20
INV108106,30,2026-04-13,2026-05-13,3466.71,2026-05-17
INV108107,37,2026-04-13,2026-05-13,6498.72,2026-06-14
INV108108,39,2026-04-13,2026-05-13,4018.89,2026-06-09
INV108109,39,2026-04-13,2026-05-13,15475.5,
INV108110,47,2026-04-13,2026-05-13,32026.1,2026-05-06
INV108111,71,2026-04-13,2026-05-13,631.37,2026-06-05
INV108112,77,2026-04-13,2026-05-13,10844.02,2026-05-18
INV108113,80,2026-04-13,2026-06-12,18516.8,2026-06-08
INV108114,94,2026-04-13,2026-05-13,3626.29,2026-05-22
INV108115,102,2026-04-13,2026-05-13,26799.77,2026-05-10
INV108116,106,2026-04-13,2026-05-13,1884.07,2026-05-16
INV108117,107,2026-04-13,2026-05-13,10058.96,2026-05-14
INV108118,107,2026-04-13,2026-05-13,13223.49,2026-05-17
INV108119,115,2026-04-13,2026-05-13,1489.0,2026-06-27
INV108120,125,2026-04-13,2026-06-12,5864.9,2026-06-16
INV108121,149,2026-04-13,2026-05-13,10032.48,2026-05-29
INV108122,2,2026-04-14,2026-05-14,3379.05,2026-05-20
INV108123,26,2026-04-14,2026-06-13,9015.17,2026-06-12
INV108124,34,2026-04-14,2026-05-14,12929.91,2026-06-04
INV108125,40,2026-04-14,2026-06-13,4307.28,2026-06-14
INV108126,44,2026-04-14,2026-06-13,5069.84,2026-06-05
INV108127,52,2026-04-14,2026-05-14,4096.51,2026-05-20
INV108128,55,2026-04-14,2026-05-14,4968.06,2026-06-13
INV108129,56,2026-04-14,2026-05-14,5249.77,2026-06-22
INV108130,80,2026-04-14,2026-06-13,34091.26,2026-06-14
INV108131,137,2026-04-14,2026-06-13,3389.74,2026-07-12
INV108132,150,2026-04-14,2026-05-14,3139.64,2026-05-13
INV108133,15,2026-04-15,2026-06-14,3841.21,2026-06-14
INV108134,31,2026-04-15,2026-05-15,2328.14,2026-05-12
INV108135,58,2026-04-15,2026-05-15,4495.77,2026-05-05
INV108136,62,2026-04-15,2026-06-14,27257.87,2026-06-23
INV108137,68,2026-04-15,2026-06-14,18874.27,2026-06-21
INV108138,91,2026-04-15,2026-05-15,6778.59,2026-05-16
INV108139,96,2026-04-15,2026-05-15,11438.45,2026-05-16
INV108140,105,2026-04-15,2026-05-15,1583.48,2026-05-22
INV108141,106,2026-04-15,2026-05-15,2694.13,2026-05-09
INV108142,109,2026-04-15,2026-06-14,8780.08,2026-08-20
INV108143,128,2026-04-15,2026-05-15,5504.59,2026-05-18
INV108144,141,2026-04-15,2026-05-15,1393.98,2026-05-20
INV108145,7,2026-04-16,2026-05-16,8981.34,2026-05-16
INV108146,27,2026-04-16,2026-05-16,2376.66,2026-05-14
INV108147,48,2026-04-16,2026-06-15,9101.33,2026-06-08
INV108148,65,2026-04-16,2026-05-16,856.88,2026-05-27
INV108149,70,2026-04-16,2026-05-16,6519.72,2026-05-16
INV108150,94,2026-04-16,2026-05-16,3907.36,2026-05-16
INV108151,102,2026-04-16,2026-05-16,100493.42,2026-05-23
INV108152,119,2026-04-16,2026-06-15,3901.09,2026-07-03
INV108153,148,2026-04-16,2026-06-15,6076.4,2026-06-20
INV108154,148,2026-04-16,2026-06-15,9886.74,2026-06-12
INV108155,1,2026-04-17,2026-05-17,3063.42,2026-06-25
INV108156,8,2026-04-17,2026-06-16,2080.98,2026-06-19
INV108157,29,2026-04-17,2026-05-17,7760.08,2026-05-31
INV108158,34,2026-04-17,2026-05-17,6034.0,2026-06-04
INV108159,40,2026-04-17,2026-06-16,4615.85,2026-06-17
INV108160,91,2026-04-17,2026-05-17,10711.77,2026-05-25
INV108161,130,2026-04-17,2026-05-17,4564.69,2026-05-10
INV108162,136,2026-04-17,2026-05-17,2384.27,2026-06-12
INV108163,139,2026-04-17,2026-05-17,7257.82,2026-06-15
INV108164,139,2026-04-17,2026-05-17,16673.19,2026-06-10
INV108165,141,2026-04-17,2026-05-17,1382.39,2026-05-15
INV108166,15,2026-04-18,2026-06-17,6274.45,2026-06-19
INV108167,28,2026-04-18,2026-05-18,834.29,2026-06-15
INV108168,38,2026-04-18,2026-05-18,13642.46,2026-05-20
INV108169,45,2026-04-18,2026-05-18,5488.92,2026-06-11
INV108170,46,2026-04-18,2026-06-17,3351.84,2026-07-18
INV108171,55,2026-04-18,2026-05-18,6547.61,2026-06-23
INV108172,108,2026-04-18,2026-05-18,3863.74,2026-05-18
INV108173,111,2026-04-18,2026-05-18,14078.78,2026-05-18
INV108174,111,2026-04-18,2026-05-18,6390.38,2026-05-14
INV108175,118,2026-04-18,2026-05-18,6077.26,2026-05-24
INV108176,121,2026-04-18,2026-05-18,8654.24,2026-05-10
INV108177,126,2026-04-18,2026-05-18,3894.59,2026-06-24
INV108178,134,2026-04-18,2026-05-18,8558.81,2026-05-19
INV108179,140,2026-04-18,2026-05-18,9132.43,2026-06-06
INV108180,142,2026-04-18,2026-05-18,590.71,2026-05-26
INV108181,31,2026-04-19,2026-05-19,5369.68,2026-05-20
INV108182,69,2026-04-19,2026-05-19,21017.9,2026-06-06
INV108183,72,2026-04-19,2026-05-19,2020.2,2026-05-22
INV108184,87,2026-04-19,2026-05-19,2243.47,2026-06-04
INV108185,88,2026-04-19,2026-05-19,4226.37,2026-05-16
INV108186,118,2026-04-19,2026-05-19,10057.67,2026-05-19
INV108187,139,2026-04-19,2026-05-19,25196.51,2026-06-11
INV108188,13,2026-04-20,2026-05-20,5149.2,2026-06-03
INV108189,17,2026-04-20,2026-05-20,15223.52,2026-06-02
INV108190,26,2026-04-20,2026-06-19,26324.07,2026-07-01
INV108191,39,2026-04-20,2026-05-20,4656.95,2026-06-23
INV108192,40,2026-04-20,2026-06-19,5524.88,2026-06-25
INV108193,75,2026-04-20,2026-05-20,4137.15,2026-05-13
INV108194,98,2026-04-20,2026-05-20,974.87,2026-06-25
INV108195,100,2026-04-20,2026-05-20,2842.73,2026-05-19
INV108196,105,2026-04-20,2026-05-20,2444.88,2026-06-14
INV108197,146,2026-04-20,2026-05-20,25113.09,2026-05-26
INV108198,20,2026-04-21,2026-06-20,10700.51,2026-06-23
INV108199,38,2026-04-21,2026-05-21,11137.71,2026-05-19
INV108200,45,2026-04-21,2026-05-21,2008.13,2026-06-12
INV108201,56,2026-04-21,2026-05-21,14066.02,2026-07-02
INV108202,63,2026-04-21,2026-05-21,6473.51,2026-05-14
INV108203,82,2026-04-21,2026-05-21,12466.94,2026-07-13
INV108204,104,2026-04-21,2026-05-21,7457.3,2026-06-17
INV108205,110,2026-04-21,2026-05-21,7511.4,2026-05-30
INV108206,139,2026-04-21,2026-05-21,11408.29,2026-05-26
INV108207,145,2026-04-21,2026-05-21,48610.93,2026-05-20
INV108208,145,2026-04-21,2026-05-21,52319.46,2026-05-11
INV108209,16,2026-04-22,2026-05-22,21595.04,2026-06-23
INV108210,22,2026-04-22,2026-05-22,35253.39,2026-06-27
INV108211,31,2026-04-22,2026-05-22,5797.52,2026-05-20
INV108212,36,2026-04-22,2026-05-22,6505.6,2026-05-25
INV108213,63,2026-04-22,2026-05-22,4311.1,2026-05-28
INV108214,81,2026-04-22,2026-05-22,2430.54,2026-05-18
INV108215,95,2026-04-22,2026-06-21,5874.96,2026-06-26
INV108216,102,2026-04-22,2026-05-22,47571.43,2026-05-20
INV108217,111,2026-04-22,2026-05-22,18928.24,2026-06-02
INV108218,119,2026-04-22,2026-06-21,5985.4,2026-07-14
INV108219,123,2026-04-22,2026-06-21,6966.05,2026-06-13
INV108220,140,2026-04-22,2026-05-22,7159.46,2026-05-16
INV108221,147,2026-04-22,2026-05-22,7087.37,2026-06-19
INV108222,4,2026-04-23,2026-06-22,3075.04,2026-06-26
INV108223,7,2026-04-23,2026-05-23,17693.61,2026-05-26
INV108224,22,2026-04-23,2026-05-23,31828.01,2026-07-07
INV108225,32,2026-04-23,2026-05-23,7647.67,2026-05-24
INV108226,58,2026-04-23,2026-05-23,10606.73,2026-05-26
INV108227,63,2026-04-23,2026-05-23,4673.96,2026-05-24
INV108228,69,2026-04-23,2026-05-23,29380.44,2026-06-19
INV108229,79,2026-04-23,2026-06-22,9623.37,2026-06-24
INV108230,83,2026-04-23,2026-05-23,9056.81,2026-08-03
INV108231,103,2026-04-23,2026-05-23,7898.69,2026-06-04
INV108232,117,2026-04-23,2026-05-23,7773.31,2026-05-28
INV108233,136,2026-04-23,2026-05-23,3756.62,2026-07-18
INV108234,137,2026-04-23,2026-06-22,4760.04,2026-06-26
INV108235,141,2026-04-23,2026-05-23,1070.85,2026-05-25
INV108236,8,2026-04-24,2026-06-23,1205.32,2026-06-23
INV108237,24,2026-04-24,2026-05-24,6709.97,2026-05-25
INV108238,43,2026-04-24,2026-06-23,7059.77,2026-07-27
INV108239,53,2026-04-24,2026-06-23,15704.04,2026-06-23
INV108240,63,2026-04-24,2026-05-24,2963.06,2026-05-23
INV108241,69,2026-04-24,2026-05-24,30514.64,2026-06-09
INV108242,86,2026-04-24,2026-05-24,6128.9,2026-05-28
INV108243,99,2026-04-24,2026-05-24,3621.02,2026-05-23
INV108244,2,2026-04-25,2026-05-25,5071.56,2026-06-01
INV108245,26,2026-04-25,2026-06-24,12682.36,2026-06-26
INV108246,37,2026-04-25,2026-05-25,3061.19,2026-06-08
INV108247,70,2026-04-25,2026-05-25,3784.0,2026-05-15
INV108248,78,2026-04-25,2026-05-25,543.72,2026-06-23
INV108249,89,2026-04-25,2026-05-25,11458.39,2026-05-23
INV108250,95,2026-04-25,2026-06-24,10103.9,2026-08-07
INV108251,99,2026-04-25,2026-05-25,3346.28,2026-06-04
INV108252,103,2026-04-25,2026-05-25,8589.19,2026-06-21
INV108253,124,2026-04-25,2026-06-24,2010.31,2026-08-05
INV108254,128,2026-04-25,2026-05-25,3516.8,2026-05-31
INV108255,45,2026-04-26,2026-05-26,6558.06,2026-07-06
INV108256,58,2026-04-26,2026-05-26,6758.47,2026-05-22
INV108257,69,2026-04-26,2026-05-26,14023.72,2026-06-14
INV108258,76,2026-04-26,2026-05-26,15464.78,2026-06-07
INV108259,108,2026-04-26,2026-05-26,5368.04,2026-05-28
INV108260,134,2026-04-26,2026-05-26,6344.44,2026-05-17
INV108261,7,2026-04-27,2026-05-27,12070.09,2026-05-30
INV108262,13,2026-04-27,2026-05-27,2372.58,2026-06-05
INV108263,20,2026-04-27,2026-06-26,6142.14,2026-06-19
INV108264,23,2026-04-27,2026-05-27,11979.49,2026-05-22
INV108265,39,2026-04-27,2026-05-27,5287.13,
INV108266,41,2026-04-27,2026-05-27,18398.85,2026-05-23
INV108267,44,2026-04-27,2026-06-26,12016.25,2026-06-24
INV108268,59,2026-04-27,2026-05-27,3873.06,2026-05-29
INV108269,59,2026-04-27,2026-05-27,1809.99,2026-05-27
INV108270,61,2026-04-27,2026-05-27,4374.53,2026-05-28
INV108271,65,2026-04-27,2026-05-27,1907.85,2026-06-16
INV108272,65,2026-04-27,2026-05-27,1453.6,2026-06-03
INV108273,72,2026-04-27,2026-05-27,2072.66,2026-05-22
INV108274,86,2026-04-27,2026-05-27,5050.55,2026-06-02
INV108275,92,2026-04-27,2026-05-27,32548.04,2026-06-17
INV108276,128,2026-04-27,2026-05-27,5732.11,2026-05-26
INV108277,132,2026-04-27,2026-05-27,3266.41,2026-05-24
INV108278,145,2026-04-27,2026-05-27,48889.48,2026-06-18
INV108279,6,2026-04-28,2026-05-28,38041.92,2026-08-14
INV108280,47,2026-04-28,2026-05-28,16877.96,2026-05-28
INV108281,55,2026-04-28,2026-05-28,6474.42,2026-06-02
INV108282,85,2026-04-28,2026-05-28,11905.6,2026-05-26
INV108283,85,2026-04-28,2026-05-28,5013.58,2026-06-01
INV108284,86,2026-04-28,2026-05-28,4862.24,2026-05-27
INV108285,87,2026-04-28,2026-05-28,1324.98,2026-06-17
INV108286,105,2026-04-28,2026-05-28,1725.72,2026-06-15
INV108287,134,2026-04-28,2026-05-28,6383.77,2026-06-03
INV108288,55,2026-05-01,2026-05-31,6176.39,2026-06-16
INV108289,77,2026-05-01,2026-05-31,9057.12,2026-05-23
INV108290,91,2026-05-01,2026-05-31,10528.34,2026-06-06
INV108291,94,2026-05-01,2026-05-31,4928.9,2026-06-01
INV108292,128,2026-05-01,2026-05-31,5923.42,2026-06-01
INV108293,133,2026-05-01,2026-05-31,3384.21,2026-06-08
INV108294,20,2026-05-02,2026-07-01,22748.84,2026-07-07
INV108295,32,2026-05-02,2026-06-01,9318.28,2026-06-01
INV108296,42,2026-05-02,2026-07-01,2731.47,2026-07-04
INV108297,46,2026-05-02,2026-07-01,4321.08,2026-07-29
INV108298,66,2026-05-02,2026-06-01,15087.26,2026-06-11
INV108299,76,2026-05-02,2026-06-01,6389.19,2026-06-21
INV108300,105,2026-05-02,2026-06-01,1975.14,2026-05-26
INV108301,131,2026-05-02,2026-06-01,6333.72,2026-08-26
INV108302,6,2026-05-03,2026-06-02,27419.54,2026-08-16
INV108303,44,2026-05-03,2026-07-02,7542.25,2026-06-30
INV108304,45,2026-05-03,2026-06-02,7620.71,2026-07-12
INV108305,52,2026-05-03,2026-06-02,4087.72,2026-06-11
INV108306,56,2026-05-03,2026-06-02,7031.73,2026-07-06
INV108307,68,2026-05-03,2026-07-02,15177.14,2026-07-04
INV108308,75,2026-05-03,2026-06-02,6790.73,2026-06-03
INV108309,96,2026-05-03,2026-06-02,15530.52,2026-07-06
INV108310,112,2026-05-03,2026-07-02,5863.32,2026-07-03
INV108311,117,2026-05-03,2026-06-02,7616.41,2026-06-09
INV108312,134,2026-05-03,2026-06-02,7516.09,2026-05-28
INV108313,138,2026-05-03,2026-06-02,12205.98,2026-05-23
INV108314,145,2026-05-03,2026-06-02,50170.81,2026-05-28
INV108315,17,2026-05-04,2026-06-03,18082.67,2026-07-18
INV108316,19,2026-05-04,2026-06-03,14356.46,2026-07-11
INV108317,35,2026-05-04,2026-06-03,6052.71,2026-06-01
INV108318,59,2026-05-04,2026-06-03,1959.5,2026-06-02
INV108319,68,2026-05-04,2026-07-03,15838.34,2026-06-25
INV108320,77,2026-05-04,2026-06-03,28888.09,2026-06-09
INV108321,83,2026-05-04,2026-06-03,4064.43,2026-08-16
INV108322,84,2026-05-04,2026-06-03,19747.34,2026-06-02
INV108323,104,2026-05-04,2026-06-03,16235.77,2026-07-09
INV108324,113,2026-05-04,2026-07-03,9412.57,2026-07-10
INV108325,114,2026-05-04,2026-06-03,6881.92,2026-06-11
INV108326,122,2026-05-04,2026-06-03,1733.92,2026-06-04
INV108327,146,2026-05-04,2026-06-03,14283.05,2026-07-08
INV108328,4,2026-05-05,2026-07-04,5198.47,2026-07-12
INV108329,16,2026-05-05,2026-06-04,29084.63,2026-07-01
INV108330,58,2026-05-05,2026-06-04,6259.82,2026-06-04
INV108331,58,2026-05-05,2026-06-04,2881.15,2026-06-06
INV108332,61,2026-05-05,2026-06-04,3080.14,2026-06-08
INV108333,69,2026-05-05,2026-06-04,37737.85,2026-06-16
INV108334,77,2026-05-05,2026-06-04,10055.44,2026-05-25
INV108335,126,2026-05-05,2026-06-04,2792.07,2026-06-14
INV108336,126,2026-05-05,2026-06-04,3066.76,2026-06-08
INV108337,7,2026-05-06,2026-06-05,15879.48,2026-06-03
INV108338,12,2026-05-06,2026-06-05,3935.53,2026-06-14
INV108339,19,2026-05-06,2026-06-05,9325.32,2026-07-06
INV108340,23,2026-05-06,2026-06-05,8344.11,2026-06-01
INV108341,25,2026-05-06,2026-06-05,2011.28,2026-05-31
INV108342,38,2026-05-06,2026-06-05,26191.58,2026-06-17
INV108343,51,2026-05-06,2026-06-05,2929.06,2026-06-16
INV108344,67,2026-05-06,2026-06-05,2503.07,2026-06-07
INV108345,82,2026-05-06,2026-06-05,10385.81,2026-05-28
INV108346,109,2026-05-06,2026-07-05,8221.29,
INV108347,114,2026-05-06,2026-06-05,2679.42,2026-07-03
INV108348,124,2026-05-06,2026-07-05,4644.96,2026-07-22
INV108349,129,2026-05-06,2026-06-05,3670.21,2026-06-07
INV108350,1,2026-05-07,2026-06-06,1396.08,2026-07-15
INV108351,5,2026-05-07,2026-06-06,2641.39,2026-07-06
INV108352,19,2026-05-07,2026-06-06,8114.3,2026-06-21
INV108353,25,2026-05-07,2026-06-06,2810.19,2026-06-04
INV108354,29,2026-05-07,2026-06-06,6366.64,2026-06-27
INV108355,37,2026-05-07,2026-06-06,5683.86,2026-06-13
INV108356,59,2026-05-07,2026-06-06,4670.71,2026-05-29
INV108357,74,2026-05-07,2026-07-06,5550.31,2026-07-04
INV108358,82,2026-05-07,2026-06-06,10093.75,2026-05-30
INV108359,84,2026-05-07,2026-06-06,15664.26,2026-06-08
INV108360,87,2026-05-07,2026-06-06,1879.95,2026-06-30
INV108361,99,2026-05-07,2026-06-06,5407.63,2026-06-14
INV108362,123,2026-05-07,2026-07-06,4620.68,2026-07-03
INV108363,131,2026-05-07,2026-06-06,5530.01,
INV108364,136,2026-05-07,2026-06-06,3297.32,2026-07-31
INV108365,139,2026-05-07,2026-06-06,17197.82,2026-06-15
INV108366,5,2026-05-08,2026-06-07,2954.54,2026-07-13
INV108367,19,2026-05-08,2026-06-07,5667.87,2026-06-08
INV108368,24,2026-05-08,2026-06-07,5602.6,2026-06-13
INV108369,49,2026-05-08,2026-06-07,7811.51,2026-05-30
INV108370,88,2026-05-08,2026-06-07,6960.77,2026-06-18
INV108371,115,2026-05-08,2026-06-07,2395.75,2026-07-04
INV108372,115,2026-05-08,2026-06-07,2356.2,2026-07-10
INV108373,120,2026-05-08,2026-07-07,3803.56,2026-07-11
INV108374,138,2026-05-08,2026-06-07,11530.2,2026-06-11
INV108375,138,2026-05-08,2026-06-07,6055.88,2026-06-02
INV108376,140,2026-05-08,2026-06-07,8670.11,2026-06-22
INV108377,22,2026-05-09,2026-06-08,13217.59,2026-07-18
INV108378,47,2026-05-09,2026-06-08,23063.5,2026-06-06
INV108379,49,2026-05-09,2026-06-08,8448.01,2026-06-01
INV108380,87,2026-05-09,2026-06-08,1456.07,2026-07-15
INV108381,103,2026-05-09,2026-06-08,9988.43,2026-06-24
INV108382,104,2026-05-09,2026-06-08,8808.66,2026-06-17
INV108383,125,2026-05-09,2026-07-08,4078.05,2026-07-16
INV108384,131,2026-05-09,2026-06-08,5955.4,2026-08-27
INV108385,145,2026-05-09,2026-06-08,74319.42,2026-06-25
INV108386,147,2026-05-09,2026-06-08,8234.02,2026-07-25
INV108387,19,2026-05-10,2026-06-09,8904.08,2026-06-19
INV108388,20,2026-05-10,2026-07-09,10223.43,2026-07-08
INV108389,52,2026-05-10,2026-06-09,2285.96,2026-06-27
INV108390,54,2026-05-10,2026-07-09,3627.63,2026-07-01
INV108391,82,2026-05-10,2026-06-09,16653.62,2026-07-08
INV108392,83,2026-05-10,2026-06-09,3946.06,2026-06-23
INV108393,98,2026-05-10,2026-06-09,1147.32,2026-07-05
INV108394,105,2026-05-10,2026-06-09,1274.68,2026-07-01
INV108395,116,2026-05-10,2026-06-09,6004.62,2026-06-13
INV108396,116,2026-05-10,2026-06-09,11590.25,2026-06-03
INV108397,121,2026-05-10,2026-06-09,24428.39,2026-06-11
INV108398,141,2026-05-10,2026-06-09,1818.03,2026-06-12
INV108399,2,2026-05-11,2026-06-10,5285.43,2026-06-15
INV108400,6,2026-05-11,2026-06-10,13736.7,2026-05-31
INV108401,16,2026-05-11,2026-06-10,23842.8,2026-07-03
INV108402,27,2026-05-11,2026-06-10,3620.31,2026-06-06
INV108403,38,2026-05-11,2026-06-10,17649.93,2026-06-07
INV108404,46,2026-05-11,2026-07-10,3204.25,2026-07-26
INV108405,50,2026-05-11,2026-06-10,12872.2,2026-07-03
INV108406,51,2026-05-11,2026-06-10,2191.82,2026-06-04
INV108407,64,2026-05-11,2026-06-10,12680.88,2026-06-13
INV108408,102,2026-05-11,2026-06-10,31719.76,2026-06-13
INV108409,106,2026-05-11,2026-06-10,3879.81,2026-06-04
INV108410,109,2026-05-11,2026-07-10,8772.06,2026-08-01
INV108411,10,2026-05-12,2026-07-11,7015.96,2026-07-22
INV108412,23,2026-05-12,2026-06-11,4880.67,2026-06-06
INV108413,31,2026-05-12,2026-06-11,3604.43,2026-06-08
INV108414,45,2026-05-12,2026-06-11,7597.14,2026-07-19
INV108415,60,2026-05-12,2026-06-11,8199.9,2026-06-09
INV108416,67,2026-05-12,2026-06-11,2613.73,2026-06-05
INV108417,98,2026-05-12,2026-06-11,1354.72,2026-07-06
INV108418,104,2026-05-12,2026-06-11,21019.78,2026-07-18
INV108419,118,2026-05-12,2026-06-11,4678.8,2026-06-12
INV108420,122,2026-05-12,2026-06-11,3686.23,2026-06-15
INV108421,125,2026-05-12,2026-07-11,2222.27,2026-07-15
INV108422,132,2026-05-12,2026-06-11,3108.29,2026-06-04
INV108423,32,2026-05-13,2026-06-12,6827.96,2026-06-07
INV108424,44,2026-05-13,2026-07-12,10510.35,2026-07-18
INV108425,48,2026-05-13,2026-07-12,22284.37,2026-07-02
INV108426,68,2026-05-13,2026-07-12,9744.68,2026-07-06
INV108427,70,2026-05-13,2026-06-12,7320.47,2026-06-13
INV108428,88,2026-05-13,2026-06-12,7637.21,2026-06-15
INV108429,116,2026-05-13,2026-06-12,18729.75,2026-06-17
INV108430,123,2026-05-13,2026-07-12,4566.49,2026-07-09
INV108431,140,2026-05-13,2026-06-12,7282.1,2026-07-16
INV108432,142,2026-05-13,2026-06-12,1228.88,2026-06-24
INV108433,24,2026-05-14,2026-06-13,13034.51,2026-06-21
INV108434,35,2026-05-14,2026-06-13,5024.73,2026-06-11
INV108435,56,2026-05-14,2026-06-13,4380.04,2026-07-15
INV108436,73,2026-05-14,2026-06-13,9021.26,2026-06-21
INV108437,76,2026-05-14,2026-06-13,7341.22,2026-07-06
INV108438,80,2026-05-14,2026-07-13,19246.83,2026-07-12
INV108439,101,2026-05-14,2026-06-13,14808.79,2026-06-08
INV108440,110,2026-05-14,2026-06-13,5804.51,2026-06-17
INV108441,111,2026-05-14,2026-06-13,11843.57,2026-06-16
INV108442,127,2026-05-14,2026-06-13,7334.51,2026-06-29
INV108443,132,2026-05-14,2026-06-13,2230.82,2026-06-23
INV108444,144,2026-05-14,2026-06-13,2272.43,2026-07-01
INV108445,144,2026-05-14,2026-06-13,3129.59,2026-06-30
INV108446,13,2026-05-15,2026-06-14,4400.16,2026-07-06
INV108447,19,2026-05-15,2026-06-14,7576.79,2026-07-02
INV108448,64,2026-05-15,2026-06-14,11354.35,2026-06-12
INV108449,70,2026-05-15,2026-06-14,5852.04,2026-06-15
INV108450,94,2026-05-15,2026-06-14,2742.2,2026-06-13
INV108451,139,2026-05-15,2026-06-14,17088.39,2026-07-05
INV108452,28,2026-05-16,2026-06-15,677.84,2026-06-10
INV108453,36,2026-05-16,2026-06-15,8054.0,2026-06-24
INV108454,44,2026-05-16,2026-07-15,8742.32,2026-07-20
INV108455,100,2026-05-16,2026-06-15,2668.01,2026-07-13
INV108456,102,2026-05-16,2026-06-15,55379.63,2026-06-17
INV108457,122,2026-05-16,2026-06-15,1612.11,2026-06-26
INV108458,128,2026-05-16,2026-06-15,9365.45,2026-06-13
INV108459,143,2026-05-16,2026-06-15,56545.61,2026-06-22
INV108460,145,2026-05-16,2026-06-15,56807.87,2026-07-05
INV108461,5,2026-05-17,2026-06-16,2473.29,2026-07-24
INV108462,57,2026-05-17,2026-07-16,7244.7,2026-07-25
INV108463,58,2026-05-17,2026-06-16,5989.18,2026-06-24
INV108464,77,2026-05-17,2026-06-16,15235.93,2026-06-06
INV108465,78,2026-05-17,2026-06-16,1222.85,2026-07-15
INV108466,83,2026-05-17,2026-06-16,4955.64,2026-07-29
INV108467,84,2026-05-17,2026-06-16,6704.79,2026-06-09
INV108468,88,2026-05-17,2026-06-16,10026.81,2026-06-15
INV108469,125,2026-05-17,2026-07-16,1785.08,2026-07-07
INV108470,126,2026-05-17,2026-06-16,4682.96,2026-07-09
INV108471,144,2026-05-17,2026-06-16,2841.04,2026-06-26
INV108472,1,2026-05-18,2026-06-17,3197.55,2026-07-24
INV108473,6,2026-05-18,2026-06-17,13461.45,2026-06-11
INV108474,14,2026-05-18,2026-06-17,4917.89,2026-06-27
INV108475,21,2026-05-18,2026-06-17,7745.03,2026-08-18
INV108476,62,2026-05-18,2026-07-17,9204.2,2026-08-17
INV108477,119,2026-05-18,2026-07-17,6010.21,2026-07-26
INV108478,132,2026-05-18,2026-06-17,3031.48,2026-06-16
INV108479,135,2026-05-18,2026-06-17,23458.96,
INV108480,22,2026-05-19,2026-06-18,23253.93,2026-07-22
INV108481,32,2026-05-19,2026-06-18,11393.92,2026-06-19
INV108482,34,2026-05-19,2026-06-18,6590.36,2026-07-12
INV108483,35,2026-05-19,2026-06-18,2960.43,2026-06-12
INV108484,98,2026-05-19,2026-06-18,1010.58,2026-06-19
INV108485,118,2026-05-19,2026-06-18,3561.33,2026-06-22
INV108486,144,2026-05-19,2026-06-18,2538.81,2026-06-19
INV108487,3,2026-05-20,2026-06-19,7548.23,2026-07-20
INV108488,16,2026-05-20,2026-06-19,40208.13,2026-07-05
INV108489,20,2026-05-20,2026-07-19,12677.01,2026-07-20
INV108490,30,2026-05-20,2026-06-19,4624.76,2026-06-18
INV108491,47,2026-05-20,2026-06-19,18642.51,2026-06-23
INV108492,55,2026-05-20,2026-06-19,7434.87,2026-07-19
INV108493,64,2026-05-20,2026-06-19,5282.77,2026-06-15
INV108494,79,2026-05-20,2026-07-19,5622.33,2026-07-28
INV108495,80,2026-05-20,2026-07-19,83268.0,2026-07-21
INV108496,84,2026-05-20,2026-06-19,11096.45,2026-06-17
INV108497,86,2026-05-20,2026-06-19,6750.6,2026-06-22
INV108498,86,2026-05-20,2026-06-19,4671.26,2026-06-27
INV108499,107,2026-05-20,2026-06-19,9958.22,2026-06-21
INV108500,114,2026-05-20,2026-06-19,6031.65,2026-07-20
INV108501,123,2026-05-20,2026-07-19,2955.57,2026-07-18
INV108502,49,2026-05-21,2026-06-20,8402.61,2026-06-19
INV108503,60,2026-05-21,2026-06-20,7154.07,2026-06-20
INV108504,79,2026-05-21,2026-07-20,5298.7,2026-07-24
INV108505,101,2026-05-21,2026-06-20,12150.92,2026-06-24
INV108506,105,2026-05-21,2026-06-20,2292.11,2026-07-12
INV108507,20,2026-05-22,2026-07-21,34312.89,2026-08-02
INV108508,25,2026-05-22,2026-06-21,2655.91,2026-06-20
INV108509,57,2026-05-22,2026-07-21,5187.92,2026-07-21
INV108510,89,2026-05-22,2026-06-21,13248.99,2026-06-20
INV108511,90,2026-05-22,2026-06-21,10881.15,2026-07-04
INV108512,105,2026-05-22,2026-06-21,3912.66,2026-07-08
INV108513,146,2026-05-22,2026-06-21,13458.1,2026-07-17
INV108514,148,2026-05-22,2026-07-21,4849.38,2026-07-20
INV108515,29,2026-05-23,2026-06-22,2920.08,2026-07-01
INV108516,29,2026-05-23,2026-06-22,4516.38,2026-07-24
INV108517,37,2026-05-23,2026-06-22,4380.95,2026-07-14
INV108518,39,2026-05-23,2026-06-22,4214.06,2026-08-06
INV108519,89,2026-05-23,2026-06-22,14257.54,2026-06-16
INV108520,109,2026-05-23,2026-07-22,13981.22,
INV108521,126,2026-05-23,2026-06-22,8400.52,2026-07-23
INV108522,12,2026-05-24,2026-06-23,3604.8,2026-06-22
INV108523,12,2026-05-24,2026-06-23,1793.94,2026-06-25
INV108524,27,2026-05-24,2026-06-23,1954.38,2026-06-28
INV108525,41,2026-05-24,2026-06-23,16916.37,2026-06-23
INV108526,42,2026-05-24,2026-07-23,3526.48,2026-07-22
INV108527,67,2026-05-24,2026-06-23,3341.74,2026-06-25
INV108528,25,2026-05-25,2026-06-24,3362.53,2026-06-25
INV108529,71,2026-05-25,2026-06-24,766.65,2026-06-24
INV108530,74,2026-05-25,2026-07-24,4966.7,2026-07-30
INV108531,93,2026-05-25,2026-06-24,4326.8,2026-06-23
INV108532,124,2026-05-25,2026-07-24,4051.38,2026-08-06
INV108533,124,2026-05-25,2026-07-24,2411.75,2026-08-09
INV108534,137,2026-05-25,2026-07-24,6746.15,2026-08-05
INV108535,23,2026-05-26,2026-06-25,9384.04,2026-06-29
INV108536,37,2026-05-26,2026-06-25,5946.87,2026-07-15
INV108537,44,2026-05-26,2026-07-25,5307.64,2026-07-27
INV108538,55,2026-05-26,2026-06-25,7230.65,2026-07-20
INV108539,63,2026-05-26,2026-06-25,2652.03,2026-06-28
INV108540,64,2026-05-26,2026-06-25,7247.95,2026-07-03
INV108541,85,2026-05-26,2026-06-25,5535.93,2026-06-24
INV108542,103,2026-05-26,2026-06-25,4893.05,2026-07-17
INV108543,120,2026-05-26,2026-07-25,2714.17,2026-07-23
INV108544,129,2026-05-26,2026-06-25,14676.86,2026-06-26
INV108545,12,2026-05-27,2026-06-26,4620.96,2026-07-03
INV108546,32,2026-05-27,2026-06-26,10246.63,2026-06-22
INV108547,45,2026-05-27,2026-06-26,4075.28,2026-08-21
INV108548,49,2026-05-27,2026-06-26,9190.06,2026-06-30
INV108549,59,2026-05-27,2026-06-26,2244.16,2026-06-23
INV108550,93,2026-05-27,2026-06-26,3877.18,2026-07-22
INV108551,98,2026-05-27,2026-06-26,2218.29,2026-08-19
INV108552,102,2026-05-27,2026-06-26,41127.45,2026-06-24
INV108553,114,2026-05-27,2026-06-26,4389.02,2026-06-24
INV108554,124,2026-05-27,2026-07-26,4008.49,2026-08-13
INV108555,128,2026-05-27,2026-06-26,6018.7,2026-06-23
INV108556,2,2026-05-28,2026-06-27,5958.24,2026-06-29
INV108557,3,2026-05-28,2026-06-27,5544.55,2026-07-15
INV108558,45,2026-05-28,2026-06-27,3664.73,
INV108559,74,2026-05-28,2026-07-27,12981.5,2026-07-27
INV108560,125,2026-05-28,2026-07-27,2651.27,2026-07-18
INV108561,130,2026-05-28,2026-06-27,4888.75,2026-06-24
INV108562,142,2026-05-28,2026-06-27,426.96,2026-06-30
INV108563,12,2026-06-01,2026-07-01,4814.05,2026-07-03
INV108564,16,2026-06-01,2026-07-01,15987.86,2026-07-12
INV108565,16,2026-06-01,2026-07-01,26274.53,2026-07-17
INV108566,20,2026-06-01,2026-07-31,24521.78,2026-08-11
INV108567,46,2026-06-01,2026-07-31,886.42,2026-08-14
INV108568,51,2026-06-01,2026-07-01,2403.94,2026-07-01
INV108569,56,2026-06-01,2026-07-01,3816.71,2026-08-06
INV108570,74,2026-06-01,2026-07-31,12192.12,2026-07-31
INV108571,80,2026-06-01,2026-07-31,11536.32,2026-07-22
INV108572,83,2026-06-01,2026-07-01,2251.98,2026-08-06
INV108573,101,2026-06-01,2026-07-01,6259.33,2026-06-29
INV108574,101,2026-06-01,2026-07-01,13477.01,2026-07-03
INV108575,114,2026-06-01,2026-07-01,7903.49,2026-07-23
INV108576,8,2026-06-02,2026-08-01,2480.78,2026-08-03
INV108577,17,2026-06-02,2026-07-02,11116.28,2026-07-15
INV108578,51,2026-06-02,2026-07-02,3384.62,2026-07-07
INV108579,83,2026-06-02,2026-07-02,6627.58,2026-08-07
INV108580,92,2026-06-02,2026-07-02,14185.8,2026-07-11
INV108581,98,2026-06-02,2026-07-02,695.71,2026-08-06
INV108582,103,2026-06-02,2026-07-02,4988.06,2026-08-02
INV108583,122,2026-06-02,2026-07-02,1793.33,2026-06-27
INV108584,142,2026-06-02,2026-07-02,403.38,2026-07-13
INV108585,1,2026-06-03,2026-07-03,4041.03,2026-08-07
INV108586,3,2026-06-03,2026-07-03,2088.21,2026-08-18
INV108587,12,2026-06-03,2026-07-03,4465.04,2026-07-02
INV108588,56,2026-06-03,2026-07-03,5065.64,2026-08-09
INV108589,71,2026-06-03,2026-07-03,807.99,2026-07-23
INV108590,82,2026-06-03,2026-07-03,8413.27,2026-07-28
INV108591,114,2026-06-03,2026-07-03,7171.7,2026-07-29
INV108592,124,2026-06-03,2026-08-02,2240.35,
INV108593,124,2026-06-03,2026-08-02,1909.68,2026-08-08
INV108594,137,2026-06-03,2026-08-02,13542.83,
INV108595,22,2026-06-04,2026-07-04,11711.57,2026-07-31
INV108596,64,2026-06-04,2026-07-04,4421.22,2026-07-13
INV108597,72,2026-06-04,2026-07-04,4698.13,2026-07-10
INV108598,114,2026-06-04,2026-07-04,2564.34,2026-07-27
INV108599,114,2026-06-04,2026-07-04,5349.46,2026-07-29
INV108600,121,2026-06-04,2026-07-04,26429.35,2026-07-05
INV108601,66,2026-06-05,2026-07-05,7522.53,2026-07-03
INV108602,87,2026-06-05,2026-07-05,2570.24,2026-08-19
INV108603,96,2026-06-05,2026-07-05,9414.0,2026-08-01
INV108604,96,2026-06-05,2026-07-05,22438.62,2026-07-16
INV108605,144,2026-06-05,2026-07-05,1621.05,2026-07-23
INV108606,3,2026-06-06,2026-07-06,4451.1,2026-07-15
INV108607,15,2026-06-06,2026-08-05,7174.99,2026-08-10
INV108608,30,2026-06-06,2026-07-06,5943.76,2026-07-09
INV108609,42,2026-06-06,2026-08-05,5749.75,2026-08-05
INV108610,52,2026-06-06,2026-07-06,4266.61,2026-07-24
INV108611,56,2026-06-06,2026-07-06,5402.53,2026-08-07
INV108612,62,2026-06-06,2026-08-05,10280.29,2026-08-21
INV108613,78,2026-06-06,2026-07-06,750.93,2026-06-27
INV108614,93,2026-06-06,2026-07-06,3434.62,2026-07-07
INV108615,100,2026-06-06,2026-07-06,5871.07,2026-07-21
INV108616,109,2026-06-06,2026-08-05,6848.57,2026-08-10
INV108617,109,2026-06-06,2026-08-05,11014.29,
INV108618,111,2026-06-06,2026-07-06,7794.56,2026-07-01
INV108619,124,2026-06-06,2026-08-05,2339.78,2026-08-21
INV108620,128,2026-06-06,2026-07-06,4764.27,2026-07-17
INV108621,13,2026-06-07,2026-07-07,4582.59,2026-07-19
INV108622,20,2026-06-07,2026-08-06,7020.19,2026-08-11
INV108623,32,2026-06-07,2026-07-07,6801.37,2026-07-15
INV108624,42,2026-06-07,2026-08-06,4040.57,2026-07-27
INV108625,56,2026-06-07,2026-07-07,9723.69,2026-08-14
INV108626,58,2026-06-07,2026-07-07,4643.69,2026-07-07
INV108627,66,2026-06-07,2026-07-07,12125.37,2026-07-06
INV108628,74,2026-06-07,2026-08-06,10062.54,2026-07-31
INV108629,75,2026-06-07,2026-07-07,2568.15,2026-07-03
INV108630,75,2026-06-07,2026-07-07,3802.4,2026-07-08
INV108631,86,2026-06-07,2026-07-07,6036.91,2026-07-17
INV108632,101,2026-06-07,2026-07-07,7735.06,2026-06-30
INV108633,124,2026-06-07,2026-08-06,2621.84,
INV108634,139,2026-06-07,2026-07-07,15403.69,2026-07-17
INV108635,139,2026-06-07,2026-07-07,13288.08,2026-07-25
INV108636,7,2026-06-08,2026-07-08,9593.01,2026-07-12
INV108637,41,2026-06-08,2026-07-08,16885.52,2026-07-07
INV108638,62,2026-06-08,2026-08-07,10322.19,
INV108639,79,2026-06-08,2026-08-07,8157.76,2026-08-11
INV108640,81,2026-06-08,2026-07-08,4190.57,2026-07-12
INV108641,94,2026-06-08,2026-07-08,4663.78,2026-07-10
INV108642,100,2026-06-08,2026-07-08,1133.7,2026-07-21
INV108643,106,2026-06-08,2026-07-08,5857.98,2026-07-06
INV108644,117,2026-06-08,2026-07-08,11098.61,2026-07-20
INV108645,133,2026-06-08,2026-07-08,1989.68,2026-07-15
INV108646,136,2026-06-08,2026-07-08,3215.2,
INV108647,16,2026-06-09,2026-07-09,27229.26,2026-08-09
INV108648,41,2026-06-09,2026-07-09,34321.58,2026-07-12
INV108649,54,2026-06-09,2026-08-08,5134.7,2026-08-04
INV108650,55,2026-06-09,2026-07-09,5418.64,2026-08-01
INV108651,101,2026-06-09,2026-07-09,10721.77,2026-07-16
INV108652,104,2026-06-09,2026-07-09,7257.45,2026-07-29
INV108653,107,2026-06-09,2026-07-09,11392.02,2026-07-11
INV108654,147,2026-06-09,2026-07-09,3570.73,2026-08-06
INV108655,1,2026-06-10,2026-07-10,4555.88,2026-08-18
INV108656,3,2026-06-10,2026-07-10,7446.56,2026-07-27
INV108657,6,2026-06-10,2026-07-10,25674.41,2026-08-21
INV108658,9,2026-06-10,2026-07-10,3514.22,
INV108659,22,2026-06-10,2026-07-10,40211.89,2026-08-16
INV108660,48,2026-06-10,2026-08-09,12705.24,2026-08-03
INV108661,64,2026-06-10,2026-07-10,7985.31,2026-07-15
INV108662,70,2026-06-10,2026-07-10,6030.77,2026-07-11
INV108663,74,2026-06-10,2026-08-09,20979.47,2026-08-09
INV108664,82,2026-06-10,2026-07-10,10029.7,
INV108665,87,2026-06-10,2026-07-10,1920.38,2026-07-15
INV108666,117,2026-06-10,2026-07-10,12694.78,2026-07-09
INV108667,126,2026-06-10,2026-07-10,2565.79,2026-08-06
INV108668,12,2026-06-11,2026-07-11,2047.71,2026-07-11
INV108669,17,2026-06-11,2026-07-11,26607.46,2026-08-07
INV108670,23,2026-06-11,2026-07-11,7743.5,2026-07-14
INV108671,36,2026-06-11,2026-07-11,6562.5,2026-07-06
INV108672,42,2026-06-11,2026-08-10,3479.23,2026-08-05
INV108673,83,2026-06-11,2026-07-11,3394.43,2026-07-31
INV108674,124,2026-06-11,2026-08-10,2889.28,2026-08-26
INV108675,128,2026-06-11,2026-07-11,5812.97,2026-07-05
INV108676,129,2026-06-11,2026-07-11,9014.09,2026-07-06
INV108677,130,2026-06-11,2026-07-11,3316.76,2026-07-15
INV108678,131,2026-06-11,2026-07-11,3400.5,2026-08-21
INV108679,148,2026-06-11,2026-08-10,3476.07,2026-08-09
INV108680,15,2026-06-12,2026-08-11,7163.95,2026-08-14
INV108681,38,2026-06-12,2026-07-12,11847.01,2026-07-02
INV108682,50,2026-06-12,2026-07-12,11343.27,
INV108683,59,2026-06-12,2026-07-12,4299.86,2026-07-15
INV108684,84,2026-06-12,2026-07-12,30472.78,2026-07-18
INV108685,85,2026-06-12,2026-07-12,4397.17,2026-07-13
INV108686,99,2026-06-12,2026-07-12,2392.6,2026-07-09
INV108687,102,2026-06-12,2026-07-12,29340.67,2026-07-07
INV108688,122,2026-06-12,2026-07-12,1433.18,2026-07-25
INV108689,123,2026-06-12,2026-08-11,6278.92,2026-08-12
INV108690,142,2026-06-12,2026-07-12,639.03,2026-07-14
INV108691,6,2026-06-13,2026-07-13,16925.01,2026-08-02
INV108692,13,2026-06-13,2026-07-13,5265.32,2026-07-26
INV108693,14,2026-06-13,2026-07-13,2904.45,2026-07-15
INV108694,21,2026-06-13,2026-07-13,22879.72,
INV108695,60,2026-06-13,2026-07-13,28575.04,2026-07-15
INV108696,65,2026-06-13,2026-07-13,1363.68,2026-07-23
INV108697,65,2026-06-13,2026-07-13,1840.38,2026-07-04
INV108698,67,2026-06-13,2026-07-13,6474.42,2026-07-16
INV108699,75,2026-06-13,2026-07-13,4251.26,2026-07-14
INV108700,79,2026-06-13,2026-08-12,3846.92,2026-08-16
INV108701,86,2026-06-13,2026-07-13,5500.15,2026-07-18
INV108702,109,2026-06-13,2026-08-12,17982.05,
INV108703,117,2026-06-13,2026-07-13,6483.77,2026-07-09
INV108704,120,2026-06-13,2026-08-12,3871.88,2026-08-16
INV108705,141,2026-06-13,2026-07-13,2039.34,2026-07-22
INV108706,10,2026-06-14,2026-08-13,11842.71,
INV108707,22,2026-06-14,2026-07-14,32695.83,2026-08-10
INV108708,29,2026-06-14,2026-07-14,3013.92,2026-08-06
INV108709,29,2026-06-14,2026-07-14,2735.6,2026-07-30
INV108710,35,2026-06-14,2026-07-14,4531.23,2026-07-14
INV108711,65,2026-06-14,2026-07-14,698.87,2026-07-25
INV108712,68,2026-06-14,2026-08-13,11861.76,2026-08-15
INV108713,79,2026-06-14,2026-08-13,5202.3,2026-08-10
INV108714,89,2026-06-14,2026-07-14,17175.68,2026-07-20
INV108715,89,2026-06-14,2026-07-14,18778.15,2026-07-28
INV108716,96,2026-06-14,2026-07-14,31372.93,2026-08-05
INV108717,125,2026-06-14,2026-08-13,3056.16,2026-08-21
INV108718,128,2026-06-14,2026-07-14,3320.42,2026-07-25
INV108719,144,2026-06-14,2026-07-14,2219.15,2026-08-19
INV108720,18,2026-06-15,2026-07-15,50423.58,2026-07-20
INV108721,38,2026-06-15,2026-07-15,4310.96,2026-07-17
INV108722,43,2026-06-15,2026-08-14,3111.91,
INV108723,55,2026-06-15,2026-07-15,4407.83,2026-08-20
INV108724,57,2026-06-15,2026-08-14,3850.03,2026-08-24
INV108725,62,2026-06-15,2026-08-14,12957.33,
INV108726,72,2026-06-15,2026-07-15,6366.73,2026-07-27
INV108727,75,2026-06-15,2026-07-15,4851.59,2026-07-16
INV108728,82,2026-06-15,2026-07-15,12265.09,2026-08-12
INV108729,118,2026-06-15,2026-07-15,5490.24,2026-07-19
INV108730,123,2026-06-15,2026-08-14,6368.07,2026-08-06
INV108731,6,2026-06-16,2026-07-16,26156.3,
INV108732,23,2026-06-16,2026-07-16,6911.45,2026-07-09
INV108733,46,2026-06-16,2026-08-15,4498.5,2026-08-20
INV108734,49,2026-06-16,2026-07-16,7015.98,2026-07-15
INV108735,59,2026-06-16,2026-07-16,5298.55,2026-07-18
INV108736,92,2026-06-16,2026-07-16,23729.7,2026-08-19
INV108737,94,2026-06-16,2026-07-16,4126.24,2026-07-09
INV108738,99,2026-06-16,2026-07-16,3412.97,2026-07-28
INV108739,113,2026-06-16,2026-08-15,13061.18,2026-08-19
INV108740,117,2026-06-16,2026-07-16,9993.87,2026-07-15
INV108741,118,2026-06-16,2026-07-16,5049.18,2026-07-18
INV108742,126,2026-06-16,2026-07-16,9733.65,2026-08-06
INV108743,141,2026-06-16,2026-07-16,1825.59,2026-07-13
INV108744,7,2026-06-17,2026-07-17,24209.05,2026-07-21
INV108745,25,2026-06-17,2026-07-17,2022.95,2026-07-14
INV108746,26,2026-06-17,2026-08-16,9865.53,2026-08-27
INV108747,45,2026-06-17,2026-07-17,7933.4,
INV108748,50,2026-06-17,2026-07-17,13010.02,
INV108749,66,2026-06-17,2026-07-17,12752.67,2026-07-17
INV108750,78,2026-06-17,2026-07-17,422.95,2026-08-20
INV108751,83,2026-06-17,2026-07-17,4488.89,2026-08-30
INV108752,93,2026-06-17,2026-07-17,3312.69,2026-07-22
INV108753,105,2026-06-17,2026-07-17,4062.47,2026-08-14
INV108754,147,2026-06-17,2026-07-17,2445.84,2026-08-20
INV108755,11,2026-06-18,2026-07-18,2556.89,2026-07-18
INV108756,11,2026-06-18,2026-07-18,1804.84,2026-07-17
INV108757,14,2026-06-18,2026-07-18,6689.3,2026-07-15
INV108758,21,2026-06-18,2026-07-18,23974.19,
INV108759,42,2026-06-18,2026-08-17,2552.55,2026-08-25
INV108760,57,2026-06-18,2026-08-17,6286.94,2026-08-16
INV108761,82,2026-06-18,2026-07-18,10336.04,2026-08-11
INV108762,120,2026-06-18,2026-08-17,4296.95,2026-08-24
INV108763,126,2026-06-18,2026-07-18,9652.46,2026-08-18
INV108764,137,2026-06-18,2026-08-17,5072.79,
INV108765,144,2026-06-18,2026-07-18,1753.7,2026-08-06
INV108766,5,2026-06-19,2026-07-19,2858.22,2026-08-16
INV108767,43,2026-06-19,2026-08-18,4863.66,
INV108768,70,2026-06-19,2026-07-19,2763.84,2026-07-19
INV108769,83,2026-06-19,2026-07-19,7558.14,2026-08-18
INV108770,93,2026-06-19,2026-07-19,4011.48,2026-08-23
INV108771,107,2026-06-19,2026-07-19,6503.22,2026-07-19
INV108772,148,2026-06-19,2026-08-18,2436.5,2026-08-09
INV108773,149,2026-06-19,2026-07-19,10012.06,2026-08-01
INV108774,19,2026-06-20,2026-07-20,14534.44,2026-08-02
INV108775,21,2026-06-20,2026-07-20,4393.83,2026-08-17
INV108776,28,2026-06-20,2026-07-20,1960.7,2026-08-06
INV108777,37,2026-06-20,2026-07-20,6292.59,2026-07-24
INV108778,55,2026-06-20,2026-07-20,7650.24,2026-07-23
INV108779,57,2026-06-20,2026-08-19,2057.14,2026-08-16
INV108780,68,2026-06-20,2026-08-19,11484.73,2026-08-20
INV108781,70,2026-06-20,2026-07-20,3605.26,2026-07-16
INV108782,97,2026-06-20,2026-07-20,6114.02,2026-07-15
INV108783,15,2026-06-21,2026-08-20,3615.29,2026-08-17
INV108784,43,2026-06-21,2026-08-20,2516.91,
INV108785,69,2026-06-21,2026-07-21,37853.77,2026-08-11
INV108786,70,2026-06-21,2026-07-21,6122.38,2026-07-22
INV108787,71,2026-06-21,2026-07-21,689.35,2026-08-19
INV108788,110,2026-06-21,2026-07-21,5660.36,2026-07-25
INV108789,117,2026-06-21,2026-07-21,12379.66,2026-07-11
INV108790,131,2026-06-21,2026-07-21,4438.02,
INV108791,145,2026-06-21,2026-07-21,106886.08,2026-08-20
INV108792,4,2026-06-22,2026-08-21,7011.06,2026-08-18
INV108793,13,2026-06-22,2026-07-22,2746.08,2026-08-15
INV108794,33,2026-06-22,2026-07-22,7900.52,2026-08-01
INV108795,67,2026-06-22,2026-07-22,4288.84,2026-07-18
INV108796,91,2026-06-22,2026-07-22,7716.17,2026-07-23
INV108797,96,2026-06-22,2026-07-22,14300.23,2026-08-19
INV108798,98,2026-06-22,2026-07-22,1223.92,
INV108799,102,2026-06-22,2026-07-22,13018.11,2026-07-21
INV108800,111,2026-06-22,2026-07-22,11666.77,2026-07-24
INV108801,118,2026-06-22,2026-07-22,6720.16,2026-07-18
INV108802,145,2026-06-22,2026-07-22,70222.68,2026-08-20
INV108803,7,2026-06-23,2026-07-23,12756.61,2026-07-18
INV108804,54,2026-06-23,2026-08-22,3194.77,2026-08-30
INV108805,146,2026-06-23,2026-07-23,15362.11,2026-08-12
INV108806,14,2026-06-24,2026-07-24,5953.66,2026-07-18
INV108807,15,2026-06-24,2026-08-23,4615.32,2026-08-19
INV108808,23,2026-06-24,2026-07-24,10441.86,2026-07-25
INV108809,40,2026-06-24,2026-08-23,3882.89,2026-08-30
INV108810,44,2026-06-24,2026-08-23,13120.38,2026-08-21
INV108811,47,2026-06-24,2026-07-24,37196.77,2026-07-23
INV108812,49,2026-06-24,2026-07-24,7558.75,2026-07-17
INV108813,52,2026-06-24,2026-07-24,3651.73,2026-08-01
INV108814,110,2026-06-24,2026-07-24,2504.77,2026-07-25
INV108815,111,2026-06-24,2026-07-24,6112.59,2026-07-27
INV108816,113,2026-06-24,2026-08-23,16790.37,2026-08-30
INV108817,119,2026-06-24,2026-08-23,10476.35,
INV108818,5,2026-06-25,2026-07-25,2598.47,2026-08-27
INV108819,7,2026-06-25,2026-07-25,15357.13,2026-07-27
INV108820,8,2026-06-25,2026-08-24,1581.94,2026-08-29
INV108821,15,2026-06-25,2026-08-24,2653.78,
INV108822,23,2026-06-25,2026-07-25,4527.66,2026-07-25
INV108823,44,2026-06-25,2026-08-24,10374.31,
INV108824,52,2026-06-25,2026-07-25,4454.23,2026-08-26
INV108825,55,2026-06-25,2026-07-25,6881.51,
INV108826,65,2026-06-25,2026-07-25,877.17,2026-08-05
INV108827,68,2026-06-25,2026-08-24,16436.82,2026-08-18
INV108828,71,2026-06-25,2026-07-25,376.65,2026-08-29
INV108829,87,2026-06-25,2026-07-25,1595.09,2026-08-11
INV108830,111,2026-06-25,2026-07-25,8134.03,2026-07-28
INV108831,126,2026-06-25,2026-07-25,4338.33,2026-07-26
INV108832,138,2026-06-25,2026-07-25,8676.7,2026-07-29
INV108833,26,2026-06-26,2026-08-25,7323.91,
INV108834,29,2026-06-26,2026-07-26,3691.22,2026-08-27
INV108835,46,2026-06-26,2026-08-25,1106.38,2026-08-28
INV108836,65,2026-06-26,2026-07-26,2343.01,2026-08-14
INV108837,123,2026-06-26,2026-08-25,6534.89,2026-08-26
INV108838,141,2026-06-26,2026-07-26,1227.06,2026-07-27
INV108839,145,2026-06-26,2026-07-26,26367.45,2026-08-01
INV108840,10,2026-06-27,2026-08-26,9289.46,
INV108841,14,2026-06-27,2026-07-27,6042.82,2026-07-28
INV108842,15,2026-06-27,2026-08-26,3732.36,2026-08-30
INV108843,15,2026-06-27,2026-08-26,6361.97,2026-08-27
INV108844,23,2026-06-27,2026-07-27,8886.73,2026-07-18
INV108845,64,2026-06-27,2026-07-27,12295.91,2026-07-28
INV108846,72,2026-06-27,2026-07-27,3994.54,2026-07-26
INV108847,82,2026-06-27,2026-07-27,22812.05,2026-08-19
INV108848,83,2026-06-27,2026-07-27,4767.72,
INV108849,91,2026-06-27,2026-07-27,7574.98,2026-08-02
INV108850,97,2026-06-27,2026-07-27,5617.8,2026-08-16
INV108851,148,2026-06-27,2026-08-26,5531.41,2026-08-23
INV108852,7,2026-06-28,2026-07-28,7795.46,2026-08-05
INV108853,33,2026-06-28,2026-07-28,13070.92,2026-07-22
INV108854,82,2026-06-28,2026-07-28,15293.71,
INV108855,111,2026-06-28,2026-07-28,7897.3,2026-07-25
INV108856,120,2026-06-28,2026-08-27,6061.15,2026-08-30
INV108857,138,2026-06-28,2026-07-28,5307.23,2026-08-06
INV108858,145,2026-06-28,2026-07-28,83871.98,2026-08-16
INV108859,15,2026-07-01,2026-08-30,3986.24,2026-08-30
INV108860,29,2026-07-01,2026-07-31,5966.59,2026-08-30
INV108861,36,2026-07-01,2026-07-31,7466.73,2026-08-01
INV108862,37,2026-07-01,2026-07-31,8496.57,2026-08-31
INV108863,38,2026-07-01,2026-07-31,10820.64,2026-08-02
INV108864,60,2026-07-01,2026-07-31,10951.88,2026-08-05
INV108865,87,2026-07-01,2026-07-31,3114.26,2026-08-27
INV108866,107,2026-07-01,2026-07-31,5853.49,2026-07-30
INV108867,130,2026-07-01,2026-07-31,6444.62,2026-08-06
INV108868,149,2026-07-01,2026-07-31,8842.29,
INV108869,3,2026-07-02,2026-08-01,2135.82,2026-08-09
INV108870,12,2026-07-02,2026-08-01,4955.35,2026-07-31
INV108871,14,2026-07-02,2026-08-01,4203.43,2026-08-03
INV108872,19,2026-07-02,2026-08-01,12111.57,
INV108873,40,2026-07-02,2026-08-31,2509.72,
INV108874,56,2026-07-02,2026-08-01,6379.6,
INV108875,59,2026-07-02,2026-08-01,2432.17,2026-07-26
INV108876,86,2026-07-02,2026-08-01,3776.99,2026-08-01
INV108877,89,2026-07-02,2026-08-01,10292.63,2026-08-06
INV108878,103,2026-07-02,2026-08-01,8295.15,2026-08-25
INV108879,122,2026-07-02,2026-08-01,1550.56,2026-08-04
INV108880,129,2026-07-02,2026-08-01,11665.85,2026-08-04
INV108881,16,2026-07-03,2026-08-02,26839.83,2026-08-21
INV108882,25,2026-07-03,2026-08-02,3625.21,2026-07-30
INV108883,45,2026-07-03,2026-08-02,6709.76,2026-08-02
INV108884,59,2026-07-03,2026-08-02,3506.11,2026-08-08
INV108885,60,2026-07-03,2026-08-02,7767.98,2026-08-13
INV108886,89,2026-07-03,2026-08-02,8537.24,2026-07-31
INV108887,92,2026-07-03,2026-08-02,40969.21,2026-08-27
INV108888,139,2026-07-03,2026-08-02,11002.49,2026-08-08
INV108889,5,2026-07-04,2026-08-03,3679.0,
INV108890,17,2026-07-04,2026-08-03,8716.0,2026-08-21
INV108891,31,2026-07-04,2026-08-03,4162.07,2026-08-08
INV108892,38,2026-07-04,2026-08-03,8448.67,2026-08-11
INV108893,66,2026-07-04,2026-08-03,9449.59,2026-07-27
INV108894,73,2026-07-04,2026-08-03,5643.43,2026-08-05
INV108895,73,2026-07-04,2026-08-03,8872.98,2026-08-08
INV108896,89,2026-07-04,2026-08-03,10559.32,2026-08-03
INV108897,106,2026-07-04,2026-08-03,4614.34,2026-08-11
INV108898,117,2026-07-04,2026-08-03,11051.94,2026-08-02
INV108899,132,2026-07-04,2026-08-03,4547.41,2026-08-03
INV108900,148,2026-07-04,2026-09-02,5214.22,
INV108901,149,2026-07-04,2026-08-03,9194.58,2026-08-17
INV108902,17,2026-07-05,2026-08-04,12212.19,2026-08-19
INV108903,20,2026-07-05,2026-09-03,6796.96,
INV108904,21,2026-07-05,2026-08-04,6805.43,2026-07-25
INV108905,30,2026-07-05,2026-08-04,2535.26,2026-07-31
INV108906,48,2026-07-05,2026-09-03,17609.16,2026-08-30
INV108907,53,2026-07-05,2026-09-03,16099.46,2026-08-31
INV108908,74,2026-07-05,2026-09-03,7726.19,
INV108909,84,2026-07-05,2026-08-04,8417.91,2026-08-01
INV108910,112,2026-07-05,2026-09-03,6040.66,
INV108911,124,2026-07-05,2026-09-03,6010.15,
INV108912,147,2026-07-05,2026-08-04,5702.85,2026-08-26
INV108913,3,2026-07-06,2026-08-05,5262.5,2026-08-01
INV108914,59,2026-07-06,2026-08-05,2694.39,2026-08-02
INV108915,86,2026-07-06,2026-08-05,3808.97,2026-08-05
INV108916,97,2026-07-06,2026-08-05,6579.89,2026-08-31
INV108917,108,2026-07-06,2026-08-05,3649.13,2026-07-30
INV108918,123,2026-07-06,2026-09-04,3760.14,
INV108919,131,2026-07-06,2026-08-05,6523.8,
INV108920,11,2026-07-07,2026-08-06,2476.09,2026-08-11
INV108921,41,2026-07-07,2026-08-06,16103.55,2026-08-09
INV108922,60,2026-07-07,2026-08-06,7537.37,2026-08-12
INV108923,106,2026-07-07,2026-08-06,6320.14,2026-08-09
INV108924,124,2026-07-07,2026-09-05,1705.19,
INV108925,2,2026-07-08,2026-08-07,5163.01,2026-08-17
INV108926,11,2026-07-08,2026-08-07,1689.66,2026-08-06
INV108927,19,2026-07-08,2026-08-07,9663.21,2026-08-15
INV108928,54,2026-07-08,2026-09-06,5290.32,
INV108929,54,2026-07-08,2026-09-06,6107.97,
INV108930,56,2026-07-08,2026-08-07,7713.4,
INV108931,58,2026-07-08,2026-08-07,6997.17,2026-08-17
INV108932,74,2026-07-08,2026-09-06,9683.13,2026-08-27
INV108933,75,2026-07-08,2026-08-07,2418.3,2026-08-07
INV108934,85,2026-07-08,2026-08-07,1458.32,2026-08-21
INV108935,107,2026-07-08,2026-08-07,11641.69,2026-08-09
INV108936,108,2026-07-08,2026-08-07,7053.79,2026-08-11
INV108937,115,2026-07-08,2026-08-07,979.44,2026-08-05
INV108938,117,2026-07-08,2026-08-07,13129.53,2026-08-03
INV108939,128,2026-07-08,2026-08-07,2691.82,2026-08-09
INV108940,3,2026-07-09,2026-08-08,3488.5,2026-08-24
INV108941,20,2026-07-09,2026-09-07,17555.41,
INV108942,27,2026-07-09,2026-08-08,1918.8,2026-08-07
INV108943,45,2026-07-09,2026-08-08,6385.52,
INV108944,54,2026-07-09,2026-09-07,4924.41,
INV108945,72,2026-07-09,2026-08-08,2096.97,2026-08-15
INV108946,79,2026-07-09,2026-09-07,3448.7,
INV108947,84,2026-07-09,2026-08-08,27646.98,2026-08-16
INV108948,89,2026-07-09,2026-08-08,8939.51,2026-08-13
INV108949,110,2026-07-09,2026-08-08,5308.29,2026-08-07
INV108950,150,2026-07-09,2026-08-08,2311.59,2026-08-10
INV108951,3,2026-07-10,2026-08-09,4178.52,2026-08-15
INV108952,15,2026-07-10,2026-09-08,6319.44,
INV108953,23,2026-07-10,2026-08-09,7299.88,2026-08-15
INV108954,62,2026-07-10,2026-09-08,11407.08,
INV108955,74,2026-07-10,2026-09-08,22291.47,
INV108956,123,2026-07-10,2026-09-08,5206.11,
INV108957,133,2026-07-10,2026-08-09,1618.68,2026-08-08
INV108958,144,2026-07-10,2026-08-09,1674.17,
INV108959,150,2026-07-10,2026-08-09,4216.22,2026-08-08
INV108960,1,2026-07-11,2026-08-10,3228.77,
INV108961,21,2026-07-11,2026-08-10,10182.0,
INV108962,23,2026-07-11,2026-08-10,14237.28,2026-08-10
INV108963,35,2026-07-11,2026-08-10,4500.96,2026-08-06
INV108964,35,2026-07-11,2026-08-10,3177.28,2026-08-16
INV108965,44,2026-07-11,2026-09-09,6880.04,
INV108966,47,2026-07-11,2026-08-10,15464.32,2026-08-14
INV108967,62,2026-07-11,2026-09-09,14383.58,
INV108968,79,2026-07-11,2026-09-09,6519.81,
INV108969,96,2026-07-11,2026-08-10,14579.53,2026-08-20
INV108970,121,2026-07-11,2026-08-10,12002.83,2026-08-06
INV108971,122,2026-07-11,2026-08-10,2114.91,2026-08-13
INV108972,136,2026-07-11,2026-08-10,3661.78,
INV108973,46,2026-07-12,2026-09-10,1646.49,
INV108974,64,2026-07-12,2026-08-11,4855.7,2026-08-14
INV108975,113,2026-07-12,2026-09-10,5973.37,
INV108976,120,2026-07-12,2026-09-10,3327.14,
INV108977,149,2026-07-12,2026-08-11,4107.45,
INV108978,149,2026-07-12,2026-08-11,26191.67,2026-08-26
INV108979,4,2026-07-13,2026-09-11,5016.85,
INV108980,11,2026-07-13,2026-08-12,1805.82,2026-08-12
INV108981,38,2026-07-13,2026-08-12,7429.13,2026-08-08
INV108982,60,2026-07-13,2026-08-12,13159.59,2026-08-16
INV108983,61,2026-07-13,2026-08-12,2843.13,2026-08-11
INV108984,61,2026-07-13,2026-08-12,2000.48,2026-08-13
INV108985,65,2026-07-13,2026-08-12,2430.97,2026-08-28
INV108986,68,2026-07-13,2026-09-11,7739.86,
INV108987,78,2026-07-13,2026-08-12,799.68,2026-08-05
INV108988,93,2026-07-13,2026-08-12,3133.6,2026-08-22
INV108989,116,2026-07-13,2026-08-12,18858.84,2026-08-20
INV108990,121,2026-07-13,2026-08-12,13975.17,2026-08-07
INV108991,8,2026-07-14,2026-09-12,2074.02,
INV108992,11,2026-07-14,2026-08-13,1340.17,2026-08-07
INV108993,11,2026-07-14,2026-08-13,1988.66,2026-08-18
INV108994,34,2026-07-14,2026-08-13,5944.69,2026-08-30
INV108995,41,2026-07-14,2026-08-13,29619.72,2026-08-19
INV108996,53,2026-07-14,2026-09-12,11126.83,
INV108997,56,2026-07-14,2026-08-13,5012.31,
INV108998,59,2026-07-14,2026-08-13,2837.36,2026-08-03
INV108999,107,2026-07-14,2026-08-13,10369.42,2026-08-17
INV109000,112,2026-07-14,2026-09-12,2855.41,
INV109001,117,2026-07-14,2026-08-13,12414.31,2026-08-10
INV109002,129,2026-07-14,2026-08-13,12075.64,2026-08-08
INV109003,139,2026-07-14,2026-08-13,19154.87,2026-08-24
INV109004,142,2026-07-14,2026-08-13,423.29,2026-08-15
INV109005,9,2026-07-15,2026-08-14,4202.54,
INV109006,55,2026-07-15,2026-08-14,1650.12,
INV109007,71,2026-07-15,2026-08-14,752.27,2026-08-23
INV109008,84,2026-07-15,2026-08-14,18188.82,2026-08-17
INV109009,113,2026-07-15,2026-09-13,16584.31,
INV109010,128,2026-07-15,2026-08-14,3561.8,2026-08-18
INV109011,131,2026-07-15,2026-08-14,7059.19,2026-08-30
INV109012,8,2026-07-16,2026-09-14,5469.1,
INV109013,12,2026-07-16,2026-08-15,2907.42,2026-08-15
INV109014,13,2026-07-16,2026-08-15,5719.68,2026-08-23
INV109015,23,2026-07-16,2026-08-15,10259.15,2026-08-19
INV109016,25,2026-07-16,2026-08-15,5282.18,2026-08-26
INV109017,99,2026-07-16,2026-08-15,1575.66,2026-08-22
INV109018,105,2026-07-16,2026-08-15,3124.16,
INV109019,15,2026-07-17,2026-09-15,3001.73,
INV109020,44,2026-07-17,2026-09-15,3717.52,
INV109021,59,2026-07-17,2026-08-16,1946.58,2026-08-21
INV109022,60,2026-07-17,2026-08-16,11457.88,2026-08-24
INV109023,86,2026-07-17,2026-08-16,3446.6,2026-08-20
INV109024,96,2026-07-17,2026-08-16,13830.27,2026-08-11
INV109025,105,2026-07-17,2026-08-16,2647.34,
INV109026,108,2026-07-17,2026-08-16,8868.74,2026-08-13
INV109027,139,2026-07-17,2026-08-16,23326.71,2026-08-22
INV109028,140,2026-07-17,2026-08-16,5457.38,2026-08-23
INV109029,145,2026-07-17,2026-08-16,56839.19,
INV109030,30,2026-07-18,2026-08-17,4214.31,2026-08-15
INV109031,42,2026-07-18,2026-09-16,2721.04,
INV109032,70,2026-07-18,2026-08-17,7955.75,2026-08-22
INV109033,79,2026-07-18,2026-09-16,4447.19,
INV109034,94,2026-07-18,2026-08-17,3460.13,2026-08-23
INV109035,119,2026-07-18,2026-09-16,4142.53,
INV109036,145,2026-07-18,2026-08-17,39887.91,
INV109037,22,2026-07-19,2026-08-18,23266.97,
INV109038,23,2026-07-19,2026-08-18,10878.9,2026-08-20
INV109039,29,2026-07-19,2026-08-18,8372.19,
INV109040,46,2026-07-19,2026-09-17,1747.39,
INV109041,58,2026-07-19,2026-08-18,9171.98,2026-08-12
INV109042,64,2026-07-19,2026-08-18,7873.76,2026-08-18
INV109043,81,2026-07-19,2026-08-18,1386.05,2026-08-10
INV109044,102,2026-07-19,2026-08-18,10323.24,2026-08-18
INV109045,108,2026-07-19,2026-08-18,5546.42,2026-08-24
INV109046,126,2026-07-19,2026-08-18,3881.45,2026-08-27
INV109047,146,2026-07-19,2026-08-18,14237.47,
INV109048,15,2026-07-20,2026-09-18,3502.52,
INV109049,19,2026-07-20,2026-08-19,7281.19,
INV109050,33,2026-07-20,2026-08-19,4677.8,2026-08-20
INV109051,47,2026-07-20,2026-08-19,11652.36,2026-08-17
INV109052,52,2026-07-20,2026-08-19,3237.34,
INV109053,60,2026-07-20,2026-08-19,12947.98,2026-08-20
INV109054,74,2026-07-20,2026-09-18,13256.0,
INV109055,90,2026-07-20,2026-08-19,12411.05,2026-08-14
INV109056,106,2026-07-20,2026-08-19,4273.53,2026-08-18
INV109057,107,2026-07-20,2026-08-19,8824.7,2026-08-20
INV109058,117,2026-07-20,2026-08-19,6521.18,2026-08-13
INV109059,142,2026-07-20,2026-08-19,465.98,2026-08-17
INV109060,27,2026-07-21,2026-08-20,2870.92,2026-08-12
INV109061,36,2026-07-21,2026-08-20,8898.77,2026-08-18
INV109062,39,2026-07-21,2026-08-20,4993.74,
INV109063,43,2026-07-21,2026-09-19,10806.54,
INV109064,50,2026-07-21,2026-08-20,11050.01,2026-08-10
INV109065,64,2026-07-21,2026-08-20,8990.66,2026-08-26
INV109066,76,2026-07-21,2026-08-20,8195.09,
INV109067,85,2026-07-21,2026-08-20,5004.6,2026-08-19
INV109068,105,2026-07-21,2026-08-20,2561.05,
INV109069,112,2026-07-21,2026-09-19,15452.81,
INV109070,116,2026-07-21,2026-08-20,8591.33,2026-08-24
INV109071,133,2026-07-21,2026-08-20,1024.87,2026-08-24
INV109072,145,2026-07-21,2026-08-20,81552.03,
INV109073,3,2026-07-22,2026-08-21,5473.96,
INV109074,22,2026-07-22,2026-08-21,23077.19,
INV109075,52,2026-07-22,2026-08-21,5314.16,
INV109076,55,2026-07-22,2026-08-21,8664.11,
INV109077,57,2026-07-22,2026-09-20,7737.09,
INV109078,66,2026-07-22,2026-08-21,8414.22,2026-08-15
INV109079,90,2026-07-22,2026-08-21,15369.99,2026-08-14
INV109080,114,2026-07-22,2026-08-21,2529.17,
INV109081,120,2026-07-22,2026-09-20,5980.85,
INV109082,148,2026-07-22,2026-09-20,5226.42,
INV109083,5,2026-07-23,2026-08-22,5264.71,
INV109084,44,2026-07-23,2026-09-21,6027.07,
INV109085,86,2026-07-23,2026-08-22,4101.93,2026-08-21
INV109086,91,2026-07-23,2026-08-22,8017.21,2026-08-24
INV109087,122,2026-07-23,2026-08-22,5330.17,
INV109088,125,2026-07-23,2026-09-21,4431.94,
INV109089,134,2026-07-23,2026-08-22,7093.29,2026-08-22
INV109090,6,2026-07-24,2026-08-23,22609.39,
INV109091,10,2026-07-24,2026-09-22,8557.03,
INV109092,16,2026-07-24,2026-08-23,21999.69,
INV109093,28,2026-07-24,2026-08-23,1314.86,
INV109094,34,2026-07-24,2026-08-23,9156.38,
INV109095,34,2026-07-24,2026-08-23,10605.54,
INV109096,47,2026-07-24,2026-08-23,18945.1,
INV109097,74,2026-07-24,2026-09-22,9501.11,
INV109098,81,2026-07-24,2026-08-23,953.54,2026-08-26
INV109099,89,2026-07-24,2026-08-23,10134.39,2026-08-20
INV109100,103,2026-07-24,2026-08-23,4222.22,
INV109101,124,2026-07-24,2026-09-22,7056.69,
INV109102,136,2026-07-24,2026-08-23,2076.91,
INV109103,140,2026-07-24,2026-08-23,8345.02,
INV109104,34,2026-07-25,2026-08-24,8804.66,
INV109105,46,2026-07-25,2026-09-23,2222.08,
INV109106,56,2026-07-25,2026-08-24,9158.53,
INV109107,75,2026-07-25,2026-08-24,1767.03,2026-08-21
INV109108,76,2026-07-25,2026-08-24,11729.11,
INV109109,90,2026-07-25,2026-08-24,10838.47,2026-08-29
INV109110,96,2026-07-25,2026-08-24,19267.92,
INV109111,97,2026-07-25,2026-08-24,8845.05,2026-08-14
INV109112,99,2026-07-25,2026-08-24,3182.97,2026-08-23
INV109113,104,2026-07-25,2026-08-24,14335.26,
INV109114,121,2026-07-25,2026-08-24,11079.17,2026-08-18
INV109115,131,2026-07-25,2026-08-24,7752.96,
INV109116,22,2026-07-26,2026-08-25,14598.6,
INV109117,35,2026-07-26,2026-08-25,3085.94,2026-08-24
INV109118,37,2026-07-26,2026-08-25,2540.02,
INV109119,46,2026-07-26,2026-09-24,3838.71,
INV109120,47,2026-07-26,2026-08-25,20286.55,2026-08-24
INV109121,94,2026-07-26,2026-08-25,3943.84,2026-08-26
INV109122,106,2026-07-26,2026-08-25,4494.21,2026-08-27
INV109123,133,2026-07-26,2026-08-25,1338.46,2026-08-31
INV109124,148,2026-07-26,2026-09-24,3780.47,
INV109125,7,2026-07-27,2026-08-26,17408.38,2026-08-29
INV109126,10,2026-07-27,2026-09-25,9877.17,
INV109127,13,2026-07-27,2026-08-26,4126.48,2026-08-19
INV109128,20,2026-07-27,2026-09-25,12984.31,
INV109129,31,2026-07-27,2026-08-26,4481.3,
INV109130,35,2026-07-27,2026-08-26,3172.54,2026-08-30
INV109131,56,2026-07-27,2026-08-26,16150.56,
INV109132,82,2026-07-27,2026-08-26,17738.19,
INV109133,107,2026-07-27,2026-08-26,5255.58,2026-08-31
INV109134,123,2026-07-27,2026-09-25,4675.79,
INV109135,125,2026-07-27,2026-09-25,2723.08,
INV109136,130,2026-07-27,2026-08-26,5998.41,
INV109137,139,2026-07-27,2026-08-26,29390.08,
INV109138,146,2026-07-27,2026-08-26,12628.69,
INV109139,146,2026-07-27,2026-08-26,19048.66,
INV109140,148,2026-07-27,2026-09-25,8049.84,
INV109141,9,2026-07-28,2026-08-27,4264.06,
INV109142,20,2026-07-28,2026-09-26,17865.08,
INV109143,22,2026-07-28,2026-08-27,20819.07,
INV109144,53,2026-07-28,2026-09-26,5883.63,
INV109145,91,2026-07-28,2026-08-27,9835.39,2026-08-29
INV109146,102,2026-07-28,2026-08-27,20426.19,2026-08-22
INV109147,116,2026-07-28,2026-08-27,7096.45,
INV109148,121,2026-07-28,2026-08-27,30453.27,
INV109149,127,2026-07-28,2026-08-27,3854.13,2026-08-29
INV109150,142,2026-07-28,2026-08-27,784.17,
INV109151,9,2026-08-01,2026-08-31,5031.11,
INV109152,15,2026-08-01,2026-09-30,4469.02,
INV109153,20,2026-08-01,2026-09-30,9840.14,
INV109154,31,2026-08-01,2026-08-31,5089.33,2026-08-23
INV109155,68,2026-08-01,2026-09-30,13553.53,
INV109156,69,2026-08-01,2026-08-31,22931.24,
INV109157,96,2026-08-01,2026-08-31,14525.88,
INV109158,102,2026-08-01,2026-08-31,33733.03,
INV109159,104,2026-08-01,2026-08-31,10676.49,
INV109160,106,2026-08-01,2026-08-31,3049.89,
INV109161,110,2026-08-01,2026-08-31,4872.97,
INV109162,113,2026-08-01,2026-09-30,20687.91,
INV109163,125,2026-08-01,2026-09-30,5247.14,
INV109164,125,2026-08-01,2026-09-30,4210.34,
INV109165,137,2026-08-01,2026-09-30,5705.05,
INV109166,138,2026-08-01,2026-08-31,8549.51,2026-08-30
INV109167,150,2026-08-01,2026-08-31,2915.33,2026-08-29
INV109168,9,2026-08-02,2026-09-01,4410.28,
INV109169,14,2026-08-02,2026-09-01,5107.87,
INV109170,21,2026-08-02,2026-09-01,16894.25,
INV109171,50,2026-08-02,2026-09-01,12037.23,
INV109172,63,2026-08-02,2026-09-01,3960.17,
INV109173,73,2026-08-02,2026-09-01,7195.19,
INV109174,92,2026-08-02,2026-09-01,23136.82,
INV109175,131,2026-08-02,2026-09-01,3787.65,
INV109176,19,2026-08-03,2026-09-02,12251.32,
INV109177,33,2026-08-03,2026-09-02,3356.02,
INV109178,58,2026-08-03,2026-09-02,5711.96,2026-08-29
INV109179,66,2026-08-03,2026-09-02,11035.24,
INV109180,69,2026-08-03,2026-09-02,27520.41,
INV109181,77,2026-08-03,2026-09-02,17481.82,
INV109182,85,2026-08-03,2026-09-02,5091.17,2026-08-31
INV109183,88,2026-08-03,2026-09-02,10496.46,
INV109184,92,2026-08-03,2026-09-02,15338.84,
INV109185,92,2026-08-03,2026-09-02,24259.13,
INV109186,97,2026-08-03,2026-09-02,20546.93,
INV109187,126,2026-08-03,2026-09-02,6695.4,2026-08-30
INV109188,128,2026-08-03,2026-09-02,2826.34,
INV109189,143,2026-08-03,2026-09-02,27657.99,2026-08-31
INV109190,145,2026-08-03,2026-09-02,29274.48,
INV109191,145,2026-08-03,2026-09-02,19763.49,
INV109192,44,2026-08-04,2026-10-03,13669.04,
INV109193,73,2026-08-04,2026-09-03,10257.13,
INV109194,101,2026-08-04,2026-09-03,12653.15,
INV109195,119,2026-08-04,2026-10-03,3983.12,
INV109196,133,2026-08-04,2026-09-03,1538.53,2026-08-27
INV109197,141,2026-08-04,2026-09-03,2989.69,
INV109198,4,2026-08-05,2026-10-04,3814.21,
INV109199,6,2026-08-05,2026-09-04,44554.46,
INV109200,27,2026-08-05,2026-09-04,4845.52,
INV109201,40,2026-08-05,2026-10-04,6461.23,
INV109202,43,2026-08-05,2026-10-04,2940.01,
INV109203,43,2026-08-05,2026-10-04,3987.95,
INV109204,80,2026-08-05,2026-10-04,22967.32,
INV109205,86,2026-08-05,2026-09-04,4510.6,
INV109206,88,2026-08-05,2026-09-04,5064.91,
INV109207,91,2026-08-05,2026-09-04,13497.89,2026-08-28
INV109208,122,2026-08-05,2026-09-04,2987.84,
INV109209,141,2026-08-05,2026-09-04,1192.74,2026-08-29
INV109210,4,2026-08-06,2026-10-05,6254.62,
INV109211,7,2026-08-06,2026-09-05,5763.49,
INV109212,63,2026-08-06,2026-09-05,1643.96,
INV109213,70,2026-08-06,2026-09-05,4710.91,
INV109214,72,2026-08-06,2026-09-05,7589.02,
INV109215,107,2026-08-06,2026-09-05,7242.78,
INV109216,132,2026-08-06,2026-09-05,2802.73,
INV109217,146,2026-08-06,2026-09-05,19407.66,
INV109218,6,2026-08-07,2026-09-06,13065.53,
INV109219,17,2026-08-07,2026-09-06,11797.22,
INV109220,45,2026-08-07,2026-09-06,6732.9,
INV109221,68,2026-08-07,2026-10-06,16609.67,
INV109222,73,2026-08-07,2026-09-06,6463.15,
INV109223,106,2026-08-07,2026-09-06,1822.28,
INV109224,111,2026-08-07,2026-09-06,13879.04,
INV109225,118,2026-08-07,2026-09-06,5355.78,
INV109226,128,2026-08-07,2026-09-06,2844.98,
INV109227,139,2026-08-07,2026-09-06,9481.77,
INV109228,141,2026-08-07,2026-09-06,2347.04,
INV109229,148,2026-08-07,2026-10-06,7625.76,
INV109230,21,2026-08-08,2026-09-07,8899.17,
INV109231,75,2026-08-08,2026-09-07,4455.67,
INV109232,85,2026-08-08,2026-09-07,7399.79,
INV109233,89,2026-08-08,2026-09-07,8703.24,
INV109234,89,2026-08-08,2026-09-07,11570.06,
INV109235,109,2026-08-08,2026-10-07,25954.5,
INV109236,133,2026-08-08,2026-09-07,1102.9,
INV109237,14,2026-08-09,2026-09-08,5534.65,
INV109238,25,2026-08-09,2026-09-08,2123.17,
INV109239,37,2026-08-09,2026-09-08,4383.55,
INV109240,38,2026-08-09,2026-09-08,6450.29,
INV109241,38,2026-08-09,2026-09-08,11536.87,
INV109242,47,2026-08-09,2026-09-08,17100.22,
INV109243,48,2026-08-09,2026-10-08,20078.41,
INV109244,56,2026-08-09,2026-09-08,8010.41,
INV109245,71,2026-08-09,2026-09-08,1276.76,
INV109246,78,2026-08-09,2026-09-08,524.3,
INV109247,97,2026-08-09,2026-09-08,15934.23,
INV109248,109,2026-08-09,2026-10-08,14247.13,
INV109249,110,2026-08-09,2026-09-08,6250.87,
INV109250,144,2026-08-09,2026-09-08,3659.44,
INV109251,5,2026-08-10,2026-09-09,3948.35,
INV109252,5,2026-08-10,2026-09-09,1790.43,
INV109253,86,2026-08-10,2026-09-09,10271.09,
INV109254,94,2026-08-10,2026-09-09,4442.85,
INV109255,98,2026-08-10,2026-09-09,481.1,
INV109256,105,2026-08-10,2026-09-09,3467.96,
INV109257,134,2026-08-10,2026-09-09,12620.75,
INV109258,142,2026-08-10,2026-09-09,318.16,
INV109259,143,2026-08-10,2026-09-09,50206.99,
INV109260,149,2026-08-10,2026-09-09,7927.31,
INV109261,16,2026-08-11,2026-09-10,36120.99,
INV109262,21,2026-08-11,2026-09-10,16552.43,
INV109263,23,2026-08-11,2026-09-10,10217.58,
INV109264,35,2026-08-11,2026-09-10,3222.33,
INV109265,41,2026-08-11,2026-09-10,24509.88,
INV109266,45,2026-08-11,2026-09-10,6767.54,
INV109267,56,2026-08-11,2026-09-10,7634.12,
INV109268,84,2026-08-11,2026-09-10,34805.37,
INV109269,114,2026-08-11,2026-09-10,5422.39,
INV109270,119,2026-08-11,2026-10-10,8799.48,
INV109271,120,2026-08-11,2026-10-10,3260.69,
INV109272,126,2026-08-11,2026-09-10,2730.72,
INV109273,141,2026-08-11,2026-09-10,3338.68,
INV109274,3,2026-08-12,2026-09-11,11074.16,
INV109275,31,2026-08-12,2026-09-11,4074.28,
INV109276,46,2026-08-12,2026-10-11,2317.12,
INV109277,97,2026-08-12,2026-09-11,8436.53,
INV109278,115,2026-08-12,2026-09-11,2872.72,
INV109279,138,2026-08-12,2026-09-11,11481.11,
INV109280,139,2026-08-12,2026-09-11,20842.89,
INV109281,2,2026-08-13,2026-09-12,8580.31,
INV109282,5,2026-08-13,2026-09-12,4511.48,
INV109283,12,2026-08-13,2026-09-12,2880.44,
INV109284,41,2026-08-13,2026-09-12,26925.89,
INV109285,49,2026-08-13,2026-09-12,9479.91,
INV109286,88,2026-08-13,2026-09-12,6999.69,
INV109287,97,2026-08-13,2026-09-12,8510.49,
INV109288,101,2026-08-13,2026-09-12,8465.43,
INV109289,101,2026-08-13,2026-09-12,14510.53,
INV109290,102,2026-08-13,2026-09-12,69188.86,
INV109291,112,2026-08-13,2026-10-12,7163.08,
INV109292,144,2026-08-13,2026-09-12,2028.73,
INV109293,145,2026-08-13,2026-09-12,99801.69,
INV109294,3,2026-08-14,2026-09-13,3871.24,
INV109295,8,2026-08-14,2026-10-13,1779.18,
INV109296,17,2026-08-14,2026-09-13,12964.84,
INV109297,63,2026-08-14,2026-09-13,3523.25,
INV109298,104,2026-08-14,2026-09-13,19602.89,
INV109299,130,2026-08-14,2026-09-13,3468.41,
INV109300,145,2026-08-14,2026-09-13,94209.41,
INV109301,148,2026-08-14,2026-10-13,7043.58,
INV109302,26,2026-08-15,2026-10-14,12048.57,
INV109303,40,2026-08-15,2026-10-14,6134.4,
INV109304,43,2026-08-15,2026-10-14,5392.84,
INV109305,62,2026-08-15,2026-10-14,16283.75,
INV109306,79,2026-08-15,2026-10-14,4863.39,
INV109307,94,2026-08-15,2026-09-14,5082.35,
INV109308,113,2026-08-15,2026-10-14,11088.89,
INV109309,130,2026-08-15,2026-09-14,4609.2,
INV109310,130,2026-08-15,2026-09-14,4580.01,
INV109311,7,2026-08-16,2026-09-15,6453.07,
INV109312,19,2026-08-16,2026-09-15,15409.61,
INV109313,29,2026-08-16,2026-09-15,3756.14,
INV109314,38,2026-08-16,2026-09-15,5845.27,
INV109315,38,2026-08-16,2026-09-15,11054.99,
INV109316,60,2026-08-16,2026-09-15,7076.7,
INV109317,114,2026-08-16,2026-09-15,3215.76,
INV109318,117,2026-08-16,2026-09-15,12876.15,
INV109319,128,2026-08-16,2026-09-15,5966.26,
INV109320,133,2026-08-16,2026-09-15,1232.88,
INV109321,26,2026-08-17,2026-10-16,6686.42,
INV109322,47,2026-08-17,2026-09-16,12824.91,
INV109323,61,2026-08-17,2026-09-16,3379.05,
INV109324,83,2026-08-17,2026-09-16,6399.42,
INV109325,110,2026-08-17,2026-09-16,4272.46,
INV109326,132,2026-08-17,2026-09-16,2242.75,
INV109327,28,2026-08-18,2026-09-17,781.69,
INV109328,35,2026-08-18,2026-09-17,3169.14,
INV109329,59,2026-08-18,2026-09-17,2362.4,
INV109330,62,2026-08-18,2026-10-17,11125.75,
INV109331,65,2026-08-18,2026-09-17,1336.46,
INV109332,110,2026-08-18,2026-09-17,10696.85,
INV109333,111,2026-08-18,2026-09-17,14814.23,
INV109334,112,2026-08-18,2026-10-17,2924.16,
INV109335,120,2026-08-18,2026-10-17,3338.52,
INV109336,121,2026-08-18,2026-09-17,25839.05,
INV109337,122,2026-08-18,2026-09-17,723.43,
INV109338,144,2026-08-18,2026-09-17,1398.07,
INV109339,2,2026-08-19,2026-09-18,8329.58,
INV109340,34,2026-08-19,2026-09-18,18792.2,
INV109341,61,2026-08-19,2026-09-18,1978.46,
INV109342,65,2026-08-19,2026-09-18,1693.35,
INV109343,102,2026-08-19,2026-09-18,17308.29,
INV109344,22,2026-08-20,2026-09-19,16376.53,
INV109345,44,2026-08-20,2026-10-19,14513.21,
INV109346,45,2026-08-20,2026-09-19,6940.28,
INV109347,48,2026-08-20,2026-10-19,12217.14,
INV109348,54,2026-08-20,2026-10-19,8069.29,
INV109349,55,2026-08-20,2026-09-19,4821.8,
INV109350,60,2026-08-20,2026-09-19,5732.58,
INV109351,66,2026-08-20,2026-09-19,12572.85,
INV109352,75,2026-08-20,2026-09-19,1498.16,
INV109353,84,2026-08-20,2026-09-19,16691.47,
INV109354,89,2026-08-20,2026-09-19,7914.87,
INV109355,115,2026-08-20,2026-09-19,1994.44,
INV109356,143,2026-08-20,2026-09-19,27343.6,
INV109357,148,2026-08-20,2026-10-19,8958.16,
INV109358,14,2026-08-21,2026-09-20,3473.75,
INV109359,27,2026-08-21,2026-09-20,2537.07,
INV109360,27,2026-08-21,2026-09-20,1839.73,
INV109361,68,2026-08-21,2026-10-20,17666.64,
INV109362,69,2026-08-21,2026-09-20,24910.56,
INV109363,83,2026-08-21,2026-09-20,4480.69,
INV109364,103,2026-08-21,2026-09-20,11905.61,
INV109365,105,2026-08-21,2026-09-20,3808.49,
INV109366,117,2026-08-21,2026-09-20,6195.82,
INV109367,119,2026-08-21,2026-10-20,9887.62,
INV109368,123,2026-08-21,2026-10-20,5378.47,
INV109369,142,2026-08-21,2026-09-20,1152.85,
INV109370,9,2026-08-22,2026-09-21,6042.78,
INV109371,48,2026-08-22,2026-10-21,15544.14,
INV109372,52,2026-08-22,2026-09-21,6398.51,
INV109373,67,2026-08-22,2026-09-21,5315.14,
INV109374,73,2026-08-22,2026-09-21,5092.3,
INV109375,77,2026-08-22,2026-09-21,13974.91,
INV109376,89,2026-08-22,2026-09-21,6305.92,
INV109377,110,2026-08-22,2026-09-21,4646.04,
INV109378,113,2026-08-22,2026-10-21,7036.69,
INV109379,116,2026-08-22,2026-09-21,3145.83,
INV109380,129,2026-08-22,2026-09-21,9017.18,
INV109381,139,2026-08-22,2026-09-21,17705.92,
INV109382,139,2026-08-22,2026-09-21,13670.56,
INV109383,140,2026-08-22,2026-09-21,3309.72,
INV109384,146,2026-08-22,2026-09-21,10150.47,
INV109385,2,2026-08-23,2026-09-22,15901.61,
INV109386,20,2026-08-23,2026-10-22,10044.06,
INV109387,28,2026-08-23,2026-09-22,779.89,
INV109388,31,2026-08-23,2026-09-22,4009.12,
INV109389,37,2026-08-23,2026-09-22,6453.45,
INV109390,43,2026-08-23,2026-10-22,1799.03,
INV109391,57,2026-08-23,2026-10-22,4861.78,
INV109392,67,2026-08-23,2026-09-22,4923.29,
INV109393,103,2026-08-23,2026-09-22,13004.26,
INV109394,142,2026-08-23,2026-09-22,514.09,
INV109395,12,2026-08-24,2026-09-23,3204.61,
INV109396,19,2026-08-24,2026-09-23,13271.02,
INV109397,45,2026-08-24,2026-09-23,4960.08,
INV109398,56,2026-08-24,2026-09-23,7885.43,
INV109399,56,2026-08-24,2026-09-23,8494.28,
INV109400,111,2026-08-24,2026-09-23,5944.25,
INV109401,131,2026-08-24,2026-09-23,3188.31,
INV109402,140,2026-08-24,2026-09-23,7202.92,
INV109403,1,2026-08-25,2026-09-24,4299.44,
INV109404,1,2026-08-25,2026-09-24,3237.47,
INV109405,22,2026-08-25,2026-09-24,21643.93,
INV109406,47,2026-08-25,2026-09-24,16727.36,
INV109407,103,2026-08-25,2026-09-24,2954.12,
INV109408,122,2026-08-25,2026-09-24,3435.16,
INV109409,16,2026-08-26,2026-09-25,19447.76,
INV109410,25,2026-08-26,2026-09-25,3480.13,
INV109411,31,2026-08-26,2026-09-25,7176.72,
INV109412,47,2026-08-26,2026-09-25,19954.88,
INV109413,54,2026-08-26,2026-10-25,7270.87,
INV109414,58,2026-08-26,2026-09-25,8126.39,
INV109415,68,2026-08-26,2026-10-25,9298.38,
INV109416,92,2026-08-26,2026-09-25,13941.71,
INV109417,107,2026-08-26,2026-09-25,13315.13,
INV109418,118,2026-08-26,2026-09-25,4659.66,
INV109419,128,2026-08-26,2026-09-25,4134.37,
INV109420,131,2026-08-26,2026-09-25,8565.55,
INV109421,25,2026-08-27,2026-09-26,1696.81,
INV109422,31,2026-08-27,2026-09-26,2158.85,
INV109423,40,2026-08-27,2026-10-26,6652.94,
INV109424,41,2026-08-27,2026-09-26,24491.1,
INV109425,50,2026-08-27,2026-09-26,6484.42,
INV109426,51,2026-08-27,2026-09-26,2246.65,
INV109427,82,2026-08-27,2026-09-26,6552.8,
INV109428,83,2026-08-27,2026-09-26,8756.1,
INV109429,87,2026-08-27,2026-09-26,992.07,
INV109430,87,2026-08-27,2026-09-26,1599.81,
INV109431,150,2026-08-27,2026-09-26,3320.45,
INV109432,12,2026-08-28,2026-09-27,3530.41,
INV109433,39,2026-08-28,2026-09-27,12161.76,
INV109434,40,2026-08-28,2026-10-27,4637.88,
INV109435,51,2026-08-28,2026-09-27,2054.74,
INV109436,88,2026-08-28,2026-09-27,3952.5,
INV109437,107,2026-08-28,2026-09-27,10307.05,
INV109438,116,2026-08-28,2026-09-27,11662.61,
INV109439,122,2026-08-28,2026-09-27,1379.31,
INV109440,128,2026-08-28,2026-09-27,4864.36,
