customer_id,month,mrr
1,2023-01-01,250.0
2,2023-01-01,330.0
3,2023-01-01,560.0
4,2023-01-01,440.0
5,2023-01-01,340.0
6,2023-01-01,150.0
7,2023-01-01,530.0
8,2023-01-01,100.0
9,2023-01-01,480.0
10,2023-01-01,490.0
11,2023-01-01,850.0
12,2023-01-01,770.0
13,2023-01-01,480.0
14,2023-01-01,470.0
15,2023-01-01,750.0
16,2023-01-01,1490.0
17,2023-01-01,470.0
18,2023-01-01,680.0
19,2023-01-01,1070.0
20,2023-01-01,340.0
21,2023-01-01,320.0
22,2023-01-01,890.0
23,2023-01-01,660.0
24,2023-01-01,420.0
25,2023-01-01,370.0
26,2023-01-01,1120.0
27,2023-01-01,560.0
28,2023-01-01,230.0
29,2023-01-01,910.0
1,2023-02-01,250.0
2,2023-02-01,330.0
3,2023-02-01,560.0
4,2023-02-01,440.0
5,2023-02-01,340.0
6,2023-02-01,190.0
7,2023-02-01,630.0
8,2023-02-01,100.0
9,2023-02-01,480.0
10,2023-02-01,490.0
11,2023-02-01,850.0
12,2023-02-01,770.0
13,2023-02-01,480.0
14,2023-02-01,470.0
15,2023-02-01,750.0
16,2023-02-01,1490.0
17,2023-02-01,470.0
18,2023-02-01,680.0
19,2023-02-01,1070.0
20,2023-02-01,340.0
21,2023-02-01,320.0
22,2023-02-01,890.0
23,2023-02-01,660.0
24,2023-02-01,420.0
25,2023-02-01,370.0
26,2023-02-01,1120.0
27,2023-02-01,560.0
28,2023-02-01,230.0
29,2023-02-01,910.0
30,2023-02-01,810.0
31,2023-02-01,320.0
32,2023-02-01,230.0
33,2023-02-01,750.0
34,2023-02-01,270.0
35,2023-02-01,180.0
36,2023-02-01,430.0
37,2023-02-01,250.0
38,2023-02-01,440.0
39,2023-02-01,210.0
40,2023-02-01,800.0
41,2023-02-01,370.0
42,2023-02-01,1080.0
43,2023-02-01,200.0
44,2023-02-01,300.0
45,2023-02-01,280.0
46,2023-02-01,400.0
47,2023-02-01,700.0
48,2023-02-01,290.0
49,2023-02-01,410.0
50,2023-02-01,1000.0
51,2023-02-01,440.0
52,2023-02-01,660.0
53,2023-02-01,460.0
54,2023-02-01,570.0
55,2023-02-01,800.0
56,2023-02-01,620.0
57,2023-02-01,780.0
58,2023-02-01,210.0
59,2023-02-01,760.0
60,2023-02-01,230.0
1,2023-03-01,250.0
2,2023-03-01,330.0
3,2023-03-01,560.0
4,2023-03-01,440.0
5,2023-03-01,340.0
6,2023-03-01,190.0
7,2023-03-01,630.0
8,2023-03-01,100.0
9,2023-03-01,480.0
10,2023-03-01,490.0
11,2023-03-01,850.0
12,2023-03-01,770.0
13,2023-03-01,480.0
14,2023-03-01,470.0
15,2023-03-01,750.0
16,2023-03-01,1490.0
17,2023-03-01,470.0
18,2023-03-01,680.0
19,2023-03-01,1070.0
20,2023-03-01,340.0
21,2023-03-01,320.0
22,2023-03-01,890.0
23,2023-03-01,660.0
24,2023-03-01,420.0
25,2023-03-01,370.0
26,2023-03-01,1120.0
27,2023-03-01,560.0
28,2023-03-01,230.0
29,2023-03-01,910.0
30,2023-03-01,810.0
31,2023-03-01,320.0
32,2023-03-01,230.0
33,2023-03-01,1030.0
34,2023-03-01,270.0
35,2023-03-01,180.0
36,2023-03-01,430.0
37,2023-03-01,250.0
38,2023-03-01,440.0
39,2023-03-01,210.0
40,2023-03-01,800.0
41,2023-03-01,370.0
42,2023-03-01,1080.0
43,2023-03-01,200.0
44,2023-03-01,300.0
45,2023-03-01,280.0
46,2023-03-01,400.0
47,2023-03-01,700.0
48,2023-03-01,290.0
49,2023-03-01,410.0
50,2023-03-01,1000.0
51,2023-03-01,440.0
52,2023-03-01,660.0
53,2023-03-01,460.0
54,2023-03-01,570.0
55,2023-03-01,800.0
56,2023-03-01,620.0
57,2023-03-01,780.0
58,2023-03-01,210.0
59,2023-03-01,760.0
60,2023-03-01,190.0
61,2023-03-01,490.0
62,2023-03-01,460.0
63,2023-03-01,510.0
64,2023-03-01,300.0
65,2023-03-01,410.0
66,2023-03-01,1260.0
67,2023-03-01,710.0
68,2023-03-01,520.0
69,2023-03-01,240.0
70,2023-03-01,920.0
71,2023-03-01,1130.0
72,2023-03-01,150.0
73,2023-03-01,780.0
74,2023-03-01,510.0
75,2023-03-01,460.0
76,2023-03-01,430.0
77,2023-03-01,1180.0
78,2023-03-01,370.0
79,2023-03-01,760.0
80,2023-03-01,390.0
81,2023-03-01,390.0
82,2023-03-01,280.0
83,2023-03-01,1120.0
84,2023-03-01,310.0
85,2023-03-01,250.0
86,2023-03-01,390.0
87,2023-03-01,540.0
1,2023-04-01,250.0
2,2023-04-01,330.0
3,2023-04-01,560.0
4,2023-04-01,660.0
5,2023-04-01,340.0
6,2023-04-01,190.0
7,2023-04-01,630.0
8,2023-04-01,100.0
9,2023-04-01,480.0
10,2023-04-01,490.0
11,2023-04-01,850.0
12,2023-04-01,770.0
13,2023-04-01,480.0
14,2023-04-01,620.0
15,2023-04-01,750.0
16,2023-04-01,1490.0
17,2023-04-01,470.0
18,2023-04-01,680.0
19,2023-04-01,1070.0
20,2023-04-01,340.0
21,2023-04-01,320.0
22,2023-04-01,890.0
23,2023-04-01,660.0
24,2023-04-01,420.0
25,2023-04-01,370.0
26,2023-04-01,1120.0
27,2023-04-01,560.0
28,2023-04-01,230.0
29,2023-04-01,910.0
30,2023-04-01,810.0
31,2023-04-01,320.0
32,2023-04-01,230.0
33,2023-04-01,1030.0
34,2023-04-01,270.0
35,2023-04-01,180.0
36,2023-04-01,430.0
37,2023-04-01,250.0
38,2023-04-01,440.0
39,2023-04-01,210.0
40,2023-04-01,800.0
41,2023-04-01,370.0
42,2023-04-01,1080.0
43,2023-04-01,200.0
44,2023-04-01,300.0
45,2023-04-01,280.0
46,2023-04-01,400.0
47,2023-04-01,700.0
48,2023-04-01,290.0
49,2023-04-01,520.0
50,2023-04-01,1000.0
51,2023-04-01,540.0
52,2023-04-01,660.0
53,2023-04-01,460.0
54,2023-04-01,570.0
55,2023-04-01,800.0
56,2023-04-01,620.0
57,2023-04-01,780.0
58,2023-04-01,210.0
59,2023-04-01,760.0
60,2023-04-01,190.0
61,2023-04-01,490.0
62,2023-04-01,460.0
63,2023-04-01,510.0
64,2023-04-01,300.0
65,2023-04-01,410.0
66,2023-04-01,1260.0
67,2023-04-01,710.0
68,2023-04-01,520.0
69,2023-04-01,240.0
70,2023-04-01,920.0
71,2023-04-01,1130.0
72,2023-04-01,150.0
73,2023-04-01,780.0
74,2023-04-01,510.0
75,2023-04-01,460.0
76,2023-04-01,430.0
77,2023-04-01,1180.0
78,2023-04-01,370.0
79,2023-04-01,760.0
80,2023-04-01,390.0
81,2023-04-01,390.0
82,2023-04-01,280.0
83,2023-04-01,1120.0
84,2023-04-01,310.0
85,2023-04-01,250.0
86,2023-04-01,390.0
87,2023-04-01,540.0
88,2023-04-01,260.0
89,2023-04-01,140.0
90,2023-04-01,1010.0
91,2023-04-01,230.0
92,2023-04-01,1170.0
93,2023-04-01,170.0
94,2023-04-01,210.0
95,2023-04-01,240.0
96,2023-04-01,440.0
97,2023-04-01,370.0
98,2023-04-01,440.0
99,2023-04-01,450.0
100,2023-04-01,750.0
101,2023-04-01,280.0
102,2023-04-01,290.0
103,2023-04-01,650.0
104,2023-04-01,420.0
105,2023-04-01,260.0
106,2023-04-01,670.0
107,2023-04-01,430.0
108,2023-04-01,230.0
109,2023-04-01,570.0
110,2023-04-01,640.0
111,2023-04-01,250.0
112,2023-04-01,1370.0
113,2023-04-01,440.0
114,2023-04-01,1410.0
115,2023-04-01,250.0
116,2023-04-01,740.0
117,2023-04-01,360.0
1,2023-05-01,250.0
2,2023-05-01,330.0
3,2023-05-01,560.0
4,2023-05-01,660.0
5,2023-05-01,340.0
6,2023-05-01,190.0
7,2023-05-01,890.0
8,2023-05-01,100.0
9,2023-05-01,480.0
10,2023-05-01,490.0
11,2023-05-01,1180.0
12,2023-05-01,770.0
13,2023-05-01,480.0
14,2023-05-01,620.0
15,2023-05-01,750.0
16,2023-05-01,1490.0
17,2023-05-01,470.0
18,2023-05-01,680.0
19,2023-05-01,1070.0
20,2023-05-01,340.0
21,2023-05-01,320.0
22,2023-05-01,890.0
23,2023-05-01,660.0
24,2023-05-01,420.0
25,2023-05-01,370.0
26,2023-05-01,1120.0
27,2023-05-01,560.0
28,2023-05-01,230.0
29,2023-05-01,910.0
30,2023-05-01,810.0
31,2023-05-01,320.0
32,2023-05-01,300.0
33,2023-05-01,1030.0
34,2023-05-01,270.0
35,2023-05-01,180.0
36,2023-05-01,430.0
37,2023-05-01,250.0
38,2023-05-01,440.0
39,2023-05-01,210.0
40,2023-05-01,800.0
41,2023-05-01,370.0
42,2023-05-01,1080.0
43,2023-05-01,200.0
44,2023-05-01,300.0
45,2023-05-01,280.0
46,2023-05-01,400.0
47,2023-05-01,700.0
48,2023-05-01,290.0
49,2023-05-01,520.0
50,2023-05-01,1000.0
51,2023-05-01,540.0
52,2023-05-01,660.0
53,2023-05-01,460.0
54,2023-05-01,570.0
55,2023-05-01,800.0
56,2023-05-01,620.0
57,2023-05-01,780.0
58,2023-05-01,210.0
59,2023-05-01,760.0
60,2023-05-01,190.0
61,2023-05-01,490.0
62,2023-05-01,460.0
63,2023-05-01,510.0
64,2023-05-01,300.0
65,2023-05-01,410.0
66,2023-05-01,1530.0
67,2023-05-01,710.0
68,2023-05-01,520.0
70,2023-05-01,920.0
71,2023-05-01,1130.0
72,2023-05-01,150.0
73,2023-05-01,780.0
74,2023-05-01,510.0
75,2023-05-01,460.0
76,2023-05-01,430.0
77,2023-05-01,1180.0
78,2023-05-01,370.0
79,2023-05-01,760.0
80,2023-05-01,390.0
81,2023-05-01,390.0
82,2023-05-01,280.0
83,2023-05-01,1120.0
84,2023-05-01,310.0
85,2023-05-01,250.0
86,2023-05-01,390.0
87,2023-05-01,540.0
88,2023-05-01,360.0
89,2023-05-01,140.0
90,2023-05-01,1010.0
91,2023-05-01,230.0
92,2023-05-01,1170.0
93,2023-05-01,170.0
94,2023-05-01,210.0
95,2023-05-01,240.0
96,2023-05-01,440.0
97,2023-05-01,370.0
98,2023-05-01,440.0
99,2023-05-01,650.0
100,2023-05-01,750.0
101,2023-05-01,280.0
102,2023-05-01,290.0
103,2023-05-01,650.0
104,2023-05-01,420.0
105,2023-05-01,260.0
106,2023-05-01,670.0
107,2023-05-01,430.0
108,2023-05-01,230.0
109,2023-05-01,570.0
110,2023-05-01,640.0
112,2023-05-01,1370.0
113,2023-05-01,440.0
114,2023-05-01,1410.0
115,2023-05-01,250.0
116,2023-05-01,740.0
117,2023-05-01,360.0
118,2023-05-01,700.0
119,2023-05-01,570.0
120,2023-05-01,250.0
121,2023-05-01,440.0
122,2023-05-01,360.0
123,2023-05-01,120.0
124,2023-05-01,570.0
125,2023-05-01,710.0
126,2023-05-01,620.0
127,2023-05-01,890.0
128,2023-05-01,720.0
129,2023-05-01,780.0
130,2023-05-01,440.0
131,2023-05-01,440.0
132,2023-05-01,400.0
133,2023-05-01,840.0
134,2023-05-01,550.0
135,2023-05-01,840.0
136,2023-05-01,340.0
137,2023-05-01,870.0
138,2023-05-01,510.0
139,2023-05-01,530.0
140,2023-05-01,360.0
141,2023-05-01,780.0
1,2023-06-01,340.0
2,2023-06-01,330.0
3,2023-06-01,560.0
5,2023-06-01,340.0
6,2023-06-01,190.0
7,2023-06-01,890.0
8,2023-06-01,70.0
9,2023-06-01,480.0
10,2023-06-01,490.0
11,2023-06-01,1180.0
12,2023-06-01,770.0
13,2023-06-01,480.0
14,2023-06-01,620.0
15,2023-06-01,750.0
16,2023-06-01,1490.0
17,2023-06-01,470.0
18,2023-06-01,680.0
19,2023-06-01,1070.0
20,2023-06-01,440.0
21,2023-06-01,320.0
22,2023-06-01,890.0
23,2023-06-01,520.0
24,2023-06-01,420.0
25,2023-06-01,370.0
26,2023-06-01,1120.0
27,2023-06-01,560.0
28,2023-06-01,230.0
29,2023-06-01,910.0
30,2023-06-01,810.0
31,2023-06-01,320.0
32,2023-06-01,300.0
33,2023-06-01,1030.0
34,2023-06-01,270.0
35,2023-06-01,180.0
36,2023-06-01,430.0
37,2023-06-01,250.0
38,2023-06-01,440.0
39,2023-06-01,210.0
40,2023-06-01,800.0
41,2023-06-01,370.0
42,2023-06-01,1080.0
43,2023-06-01,200.0
44,2023-06-01,300.0
45,2023-06-01,280.0
46,2023-06-01,400.0
47,2023-06-01,700.0
48,2023-06-01,290.0
49,2023-06-01,520.0
50,2023-06-01,1000.0
51,2023-06-01,540.0
52,2023-06-01,660.0
53,2023-06-01,460.0
54,2023-06-01,570.0
55,2023-06-01,800.0
56,2023-06-01,620.0
57,2023-06-01,780.0
58,2023-06-01,210.0
59,2023-06-01,760.0
60,2023-06-01,190.0
61,2023-06-01,490.0
62,2023-06-01,460.0
63,2023-06-01,510.0
64,2023-06-01,300.0
65,2023-06-01,410.0
66,2023-06-01,1940.0
67,2023-06-01,710.0
68,2023-06-01,520.0
70,2023-06-01,920.0
71,2023-06-01,1130.0
72,2023-06-01,110.0
73,2023-06-01,780.0
74,2023-06-01,510.0
75,2023-06-01,460.0
76,2023-06-01,430.0
77,2023-06-01,1180.0
78,2023-06-01,370.0
79,2023-06-01,760.0
80,2023-06-01,390.0
81,2023-06-01,390.0
82,2023-06-01,280.0
83,2023-06-01,1120.0
84,2023-06-01,310.0
85,2023-06-01,250.0
86,2023-06-01,390.0
87,2023-06-01,540.0
88,2023-06-01,360.0
90,2023-06-01,1010.0
91,2023-06-01,230.0
92,2023-06-01,1170.0
93,2023-06-01,170.0
94,2023-06-01,210.0
95,2023-06-01,240.0
96,2023-06-01,440.0
97,2023-06-01,370.0
98,2023-06-01,440.0
99,2023-06-01,650.0
100,2023-06-01,750.0
101,2023-06-01,340.0
102,2023-06-01,290.0
103,2023-06-01,650.0
104,2023-06-01,420.0
105,2023-06-01,260.0
106,2023-06-01,670.0
107,2023-06-01,540.0
108,2023-06-01,230.0
109,2023-06-01,570.0
110,2023-06-01,640.0
112,2023-06-01,1370.0
113,2023-06-01,440.0
114,2023-06-01,1410.0
115,2023-06-01,250.0
116,2023-06-01,740.0
117,2023-06-01,360.0
118,2023-06-01,700.0
119,2023-06-01,570.0
120,2023-06-01,250.0
121,2023-06-01,440.0
122,2023-06-01,360.0
123,2023-06-01,120.0
124,2023-06-01,570.0
125,2023-06-01,710.0
126,2023-06-01,620.0
127,2023-06-01,890.0
128,2023-06-01,720.0
129,2023-06-01,780.0
130,2023-06-01,440.0
131,2023-06-01,440.0
132,2023-06-01,400.0
133,2023-06-01,840.0
134,2023-06-01,550.0
135,2023-06-01,840.0
136,2023-06-01,340.0
137,2023-06-01,870.0
138,2023-06-01,510.0
139,2023-06-01,530.0
140,2023-06-01,360.0
141,2023-06-01,780.0
142,2023-06-01,380.0
143,2023-06-01,260.0
144,2023-06-01,180.0
145,2023-06-01,540.0
146,2023-06-01,180.0
147,2023-06-01,220.0
148,2023-06-01,140.0
149,2023-06-01,560.0
150,2023-06-01,460.0
151,2023-06-01,570.0
152,2023-06-01,410.0
153,2023-06-01,200.0
154,2023-06-01,220.0
155,2023-06-01,430.0
156,2023-06-01,310.0
157,2023-06-01,440.0
158,2023-06-01,250.0
159,2023-06-01,720.0
160,2023-06-01,440.0
161,2023-06-01,340.0
162,2023-06-01,350.0
163,2023-06-01,160.0
164,2023-06-01,630.0
165,2023-06-01,660.0
166,2023-06-01,280.0
167,2023-06-01,900.0
168,2023-06-01,310.0
169,2023-06-01,710.0
170,2023-06-01,550.0
1,2023-07-01,420.0
2,2023-07-01,390.0
3,2023-07-01,560.0
5,2023-07-01,340.0
6,2023-07-01,190.0
7,2023-07-01,890.0
8,2023-07-01,70.0
9,2023-07-01,480.0
10,2023-07-01,490.0
11,2023-07-01,1180.0
12,2023-07-01,770.0
13,2023-07-01,480.0
14,2023-07-01,620.0
15,2023-07-01,750.0
16,2023-07-01,1490.0
17,2023-07-01,470.0
18,2023-07-01,680.0
19,2023-07-01,1070.0
20,2023-07-01,440.0
21,2023-07-01,320.0
22,2023-07-01,890.0
23,2023-07-01,520.0
24,2023-07-01,420.0
25,2023-07-01,370.0
26,2023-07-01,1120.0
27,2023-07-01,560.0
28,2023-07-01,230.0
29,2023-07-01,910.0
31,2023-07-01,320.0
32,2023-07-01,360.0
33,2023-07-01,1030.0
34,2023-07-01,270.0
35,2023-07-01,180.0
36,2023-07-01,430.0
37,2023-07-01,250.0
38,2023-07-01,440.0
39,2023-07-01,300.0
40,2023-07-01,800.0
41,2023-07-01,370.0
42,2023-07-01,1080.0
43,2023-07-01,200.0
44,2023-07-01,300.0
45,2023-07-01,280.0
46,2023-07-01,400.0
47,2023-07-01,700.0
49,2023-07-01,520.0
50,2023-07-01,1000.0
51,2023-07-01,540.0
52,2023-07-01,660.0
53,2023-07-01,460.0
54,2023-07-01,570.0
55,2023-07-01,800.0
56,2023-07-01,620.0
57,2023-07-01,780.0
58,2023-07-01,210.0
59,2023-07-01,760.0
60,2023-07-01,190.0
61,2023-07-01,490.0
62,2023-07-01,460.0
63,2023-07-01,510.0
64,2023-07-01,300.0
65,2023-07-01,410.0
66,2023-07-01,2900.0
67,2023-07-01,710.0
68,2023-07-01,690.0
70,2023-07-01,920.0
71,2023-07-01,1130.0
72,2023-07-01,110.0
73,2023-07-01,780.0
74,2023-07-01,510.0
75,2023-07-01,460.0
76,2023-07-01,430.0
77,2023-07-01,1180.0
78,2023-07-01,370.0
79,2023-07-01,760.0
80,2023-07-01,390.0
81,2023-07-01,390.0
82,2023-07-01,280.0
83,2023-07-01,1120.0
84,2023-07-01,310.0
85,2023-07-01,250.0
86,2023-07-01,390.0
87,2023-07-01,540.0
90,2023-07-01,1010.0
91,2023-07-01,230.0
92,2023-07-01,1170.0
93,2023-07-01,170.0
94,2023-07-01,210.0
95,2023-07-01,240.0
96,2023-07-01,570.0
97,2023-07-01,370.0
98,2023-07-01,440.0
99,2023-07-01,650.0
100,2023-07-01,930.0
102,2023-07-01,290.0
103,2023-07-01,650.0
104,2023-07-01,420.0
105,2023-07-01,260.0
106,2023-07-01,670.0
107,2023-07-01,540.0
108,2023-07-01,230.0
109,2023-07-01,570.0
110,2023-07-01,640.0
112,2023-07-01,1370.0
113,2023-07-01,440.0
114,2023-07-01,1410.0
115,2023-07-01,250.0
116,2023-07-01,740.0
117,2023-07-01,360.0
118,2023-07-01,700.0
119,2023-07-01,570.0
120,2023-07-01,250.0
121,2023-07-01,440.0
122,2023-07-01,360.0
123,2023-07-01,120.0
124,2023-07-01,570.0
125,2023-07-01,710.0
126,2023-07-01,890.0
127,2023-07-01,890.0
128,2023-07-01,720.0
129,2023-07-01,780.0
130,2023-07-01,440.0
131,2023-07-01,550.0
132,2023-07-01,400.0
133,2023-07-01,840.0
134,2023-07-01,550.0
135,2023-07-01,840.0
136,2023-07-01,340.0
137,2023-07-01,870.0
138,2023-07-01,510.0
139,2023-07-01,530.0
140,2023-07-01,360.0
141,2023-07-01,780.0
142,2023-07-01,380.0
143,2023-07-01,260.0
144,2023-07-01,180.0
145,2023-07-01,540.0
146,2023-07-01,180.0
147,2023-07-01,220.0
148,2023-07-01,140.0
149,2023-07-01,560.0
150,2023-07-01,460.0
151,2023-07-01,570.0
152,2023-07-01,410.0
153,2023-07-01,200.0
154,2023-07-01,220.0
155,2023-07-01,430.0
156,2023-07-01,310.0
157,2023-07-01,440.0
158,2023-07-01,250.0
160,2023-07-01,440.0
161,2023-07-01,340.0
162,2023-07-01,350.0
163,2023-07-01,160.0
164,2023-07-01,630.0
165,2023-07-01,660.0
166,2023-07-01,280.0
167,2023-07-01,900.0
168,2023-07-01,310.0
169,2023-07-01,710.0
170,2023-07-01,550.0
171,2023-07-01,570.0
172,2023-07-01,560.0
173,2023-07-01,300.0
174,2023-07-01,470.0
175,2023-07-01,150.0
176,2023-07-01,560.0
177,2023-07-01,390.0
178,2023-07-01,160.0
179,2023-07-01,250.0
180,2023-07-01,670.0
181,2023-07-01,370.0
182,2023-07-01,1290.0
183,2023-07-01,250.0
184,2023-07-01,740.0
185,2023-07-01,140.0
186,2023-07-01,360.0
187,2023-07-01,200.0
188,2023-07-01,890.0
189,2023-07-01,350.0
190,2023-07-01,300.0
191,2023-07-01,360.0
192,2023-07-01,300.0
193,2023-07-01,310.0
194,2023-07-01,910.0
195,2023-07-01,900.0
196,2023-07-01,420.0
197,2023-07-01,110.0
1,2023-08-01,420.0
2,2023-08-01,390.0
3,2023-08-01,560.0
5,2023-08-01,340.0
6,2023-08-01,190.0
7,2023-08-01,640.0
8,2023-08-01,70.0
9,2023-08-01,480.0
10,2023-08-01,490.0
11,2023-08-01,1180.0
12,2023-08-01,770.0
13,2023-08-01,480.0
14,2023-08-01,620.0
15,2023-08-01,750.0
16,2023-08-01,1490.0
17,2023-08-01,470.0
18,2023-08-01,680.0
19,2023-08-01,1070.0
20,2023-08-01,440.0
21,2023-08-01,320.0
22,2023-08-01,890.0
23,2023-08-01,710.0
24,2023-08-01,420.0
25,2023-08-01,370.0
26,2023-08-01,1120.0
27,2023-08-01,560.0
28,2023-08-01,230.0
29,2023-08-01,910.0
31,2023-08-01,320.0
32,2023-08-01,360.0
33,2023-08-01,1030.0
34,2023-08-01,270.0
35,2023-08-01,180.0
36,2023-08-01,600.0
37,2023-08-01,250.0
38,2023-08-01,440.0
39,2023-08-01,300.0
40,2023-08-01,800.0
41,2023-08-01,370.0
42,2023-08-01,1080.0
44,2023-08-01,300.0
45,2023-08-01,280.0
46,2023-08-01,400.0
47,2023-08-01,700.0
49,2023-08-01,520.0
50,2023-08-01,1000.0
51,2023-08-01,540.0
52,2023-08-01,660.0
53,2023-08-01,460.0
54,2023-08-01,570.0
55,2023-08-01,800.0
56,2023-08-01,620.0
57,2023-08-01,780.0
58,2023-08-01,210.0
59,2023-08-01,760.0
60,2023-08-01,190.0
61,2023-08-01,490.0
62,2023-08-01,460.0
63,2023-08-01,510.0
64,2023-08-01,300.0
65,2023-08-01,530.0
66,2023-08-01,2900.0
67,2023-08-01,710.0
68,2023-08-01,690.0
70,2023-08-01,920.0
71,2023-08-01,1130.0
72,2023-08-01,110.0
73,2023-08-01,780.0
74,2023-08-01,510.0
75,2023-08-01,460.0
76,2023-08-01,430.0
77,2023-08-01,1180.0
78,2023-08-01,370.0
79,2023-08-01,760.0
80,2023-08-01,390.0
81,2023-08-01,390.0
82,2023-08-01,280.0
83,2023-08-01,1120.0
84,2023-08-01,310.0
85,2023-08-01,250.0
86,2023-08-01,390.0
87,2023-08-01,540.0
90,2023-08-01,1010.0
91,2023-08-01,230.0
92,2023-08-01,1170.0
93,2023-08-01,170.0
94,2023-08-01,210.0
95,2023-08-01,240.0
96,2023-08-01,570.0
97,2023-08-01,370.0
98,2023-08-01,440.0
99,2023-08-01,970.0
100,2023-08-01,930.0
102,2023-08-01,290.0
103,2023-08-01,650.0
104,2023-08-01,420.0
105,2023-08-01,260.0
106,2023-08-01,670.0
107,2023-08-01,540.0
108,2023-08-01,230.0
109,2023-08-01,570.0
110,2023-08-01,640.0
112,2023-08-01,1370.0
113,2023-08-01,440.0
114,2023-08-01,1410.0
115,2023-08-01,250.0
116,2023-08-01,740.0
117,2023-08-01,360.0
118,2023-08-01,700.0
119,2023-08-01,570.0
120,2023-08-01,250.0
121,2023-08-01,440.0
122,2023-08-01,360.0
123,2023-08-01,120.0
124,2023-08-01,570.0
125,2023-08-01,710.0
126,2023-08-01,890.0
127,2023-08-01,890.0
128,2023-08-01,720.0
129,2023-08-01,780.0
130,2023-08-01,440.0
131,2023-08-01,550.0
132,2023-08-01,290.0
133,2023-08-01,680.0
134,2023-08-01,550.0
135,2023-08-01,840.0
136,2023-08-01,340.0
137,2023-08-01,870.0
138,2023-08-01,510.0
139,2023-08-01,530.0
141,2023-08-01,780.0
142,2023-08-01,380.0
143,2023-08-01,260.0
144,2023-08-01,180.0
145,2023-08-01,750.0
146,2023-08-01,180.0
147,2023-08-01,220.0
148,2023-08-01,140.0
149,2023-08-01,560.0
150,2023-08-01,460.0
151,2023-08-01,570.0
152,2023-08-01,410.0
153,2023-08-01,200.0
154,2023-08-01,220.0
155,2023-08-01,430.0
156,2023-08-01,310.0
157,2023-08-01,440.0
158,2023-08-01,250.0
160,2023-08-01,440.0
161,2023-08-01,340.0
162,2023-08-01,350.0
163,2023-08-01,160.0
164,2023-08-01,630.0
165,2023-08-01,660.0
166,2023-08-01,280.0
167,2023-08-01,900.0
168,2023-08-01,310.0
169,2023-08-01,710.0
170,2023-08-01,550.0
171,2023-08-01,570.0
172,2023-08-01,560.0
173,2023-08-01,300.0
174,2023-08-01,470.0
175,2023-08-01,150.0
176,2023-08-01,560.0
177,2023-08-01,390.0
178,2023-08-01,160.0
180,2023-08-01,670.0
181,2023-08-01,370.0
182,2023-08-01,1290.0
183,2023-08-01,250.0
184,2023-08-01,740.0
185,2023-08-01,170.0
186,2023-08-01,360.0
187,2023-08-01,270.0
188,2023-08-01,890.0
189,2023-08-01,350.0
190,2023-08-01,300.0
191,2023-08-01,360.0
192,2023-08-01,370.0
193,2023-08-01,310.0
194,2023-08-01,910.0
195,2023-08-01,900.0
196,2023-08-01,420.0
197,2023-08-01,160.0
198,2023-08-01,660.0
199,2023-08-01,920.0
200,2023-08-01,180.0
201,2023-08-01,360.0
202,2023-08-01,260.0
203,2023-08-01,510.0
204,2023-08-01,550.0
205,2023-08-01,340.0
206,2023-08-01,920.0
207,2023-08-01,1520.0
208,2023-08-01,520.0
209,2023-08-01,720.0
210,2023-08-01,500.0
211,2023-08-01,550.0
212,2023-08-01,290.0
213,2023-08-01,420.0
214,2023-08-01,960.0
215,2023-08-01,330.0
216,2023-08-01,1040.0
217,2023-08-01,1120.0
218,2023-08-01,220.0
219,2023-08-01,270.0
1,2023-09-01,420.0
2,2023-09-01,390.0
3,2023-09-01,560.0
5,2023-09-01,340.0
6,2023-09-01,270.0
7,2023-09-01,640.0
8,2023-09-01,70.0
9,2023-09-01,480.0
10,2023-09-01,490.0
11,2023-09-01,1180.0
12,2023-09-01,770.0
13,2023-09-01,480.0
14,2023-09-01,620.0
15,2023-09-01,750.0
16,2023-09-01,1490.0
17,2023-09-01,470.0
18,2023-09-01,680.0
19,2023-09-01,1070.0
20,2023-09-01,440.0
21,2023-09-01,320.0
22,2023-09-01,890.0
23,2023-09-01,710.0
24,2023-09-01,420.0
25,2023-09-01,370.0
26,2023-09-01,1120.0
27,2023-09-01,560.0
28,2023-09-01,230.0
29,2023-09-01,910.0
32,2023-09-01,360.0
33,2023-09-01,1030.0
34,2023-09-01,270.0
35,2023-09-01,180.0
36,2023-09-01,480.0
37,2023-09-01,250.0
38,2023-09-01,440.0
39,2023-09-01,300.0
40,2023-09-01,800.0
41,2023-09-01,370.0
42,2023-09-01,1080.0
44,2023-09-01,300.0
45,2023-09-01,280.0
46,2023-09-01,400.0
47,2023-09-01,700.0
49,2023-09-01,520.0
50,2023-09-01,1000.0
51,2023-09-01,540.0
52,2023-09-01,660.0
53,2023-09-01,460.0
54,2023-09-01,570.0
55,2023-09-01,800.0
56,2023-09-01,620.0
57,2023-09-01,780.0
58,2023-09-01,210.0
59,2023-09-01,760.0
60,2023-09-01,190.0
61,2023-09-01,490.0
62,2023-09-01,460.0
63,2023-09-01,510.0
64,2023-09-01,300.0
65,2023-09-01,530.0
66,2023-09-01,2900.0
67,2023-09-01,710.0
68,2023-09-01,690.0
70,2023-09-01,920.0
71,2023-09-01,1130.0
72,2023-09-01,110.0
73,2023-09-01,780.0
74,2023-09-01,510.0
75,2023-09-01,460.0
76,2023-09-01,430.0
77,2023-09-01,1180.0
78,2023-09-01,370.0
79,2023-09-01,760.0
80,2023-09-01,390.0
81,2023-09-01,390.0
82,2023-09-01,280.0
83,2023-09-01,1120.0
84,2023-09-01,310.0
85,2023-09-01,250.0
86,2023-09-01,390.0
87,2023-09-01,540.0
90,2023-09-01,1010.0
91,2023-09-01,230.0
92,2023-09-01,1170.0
94,2023-09-01,210.0
95,2023-09-01,240.0
96,2023-09-01,570.0
97,2023-09-01,370.0
98,2023-09-01,440.0
99,2023-09-01,970.0
100,2023-09-01,930.0
102,2023-09-01,290.0
103,2023-09-01,650.0
104,2023-09-01,420.0
105,2023-09-01,260.0
106,2023-09-01,670.0
107,2023-09-01,540.0
108,2023-09-01,230.0
109,2023-09-01,570.0
110,2023-09-01,640.0
112,2023-09-01,1370.0
113,2023-09-01,440.0
114,2023-09-01,1410.0
115,2023-09-01,250.0
116,2023-09-01,740.0
117,2023-09-01,360.0
118,2023-09-01,700.0
119,2023-09-01,570.0
120,2023-09-01,250.0
121,2023-09-01,440.0
122,2023-09-01,360.0
123,2023-09-01,120.0
124,2023-09-01,570.0
125,2023-09-01,710.0
126,2023-09-01,890.0
127,2023-09-01,890.0
128,2023-09-01,720.0
129,2023-09-01,780.0
130,2023-09-01,440.0
131,2023-09-01,550.0
132,2023-09-01,290.0
133,2023-09-01,680.0
134,2023-09-01,550.0
135,2023-09-01,840.0
136,2023-09-01,340.0
137,2023-09-01,870.0
138,2023-09-01,510.0
139,2023-09-01,530.0
141,2023-09-01,780.0
142,2023-09-01,380.0
143,2023-09-01,260.0
144,2023-09-01,180.0
145,2023-09-01,750.0
146,2023-09-01,180.0
147,2023-09-01,220.0
148,2023-09-01,140.0
149,2023-09-01,560.0
150,2023-09-01,460.0
151,2023-09-01,570.0
152,2023-09-01,410.0
153,2023-09-01,200.0
154,2023-09-01,220.0
155,2023-09-01,430.0
156,2023-09-01,310.0
157,2023-09-01,440.0
158,2023-09-01,250.0
160,2023-09-01,440.0
161,2023-09-01,340.0
162,2023-09-01,350.0
163,2023-09-01,160.0
164,2023-09-01,630.0
165,2023-09-01,660.0
166,2023-09-01,280.0
167,2023-09-01,900.0
168,2023-09-01,310.0
169,2023-09-01,710.0
170,2023-09-01,550.0
171,2023-09-01,570.0
172,2023-09-01,560.0
173,2023-09-01,300.0
174,2023-09-01,470.0
175,2023-09-01,150.0
176,2023-09-01,560.0
177,2023-09-01,390.0
178,2023-09-01,160.0
180,2023-09-01,670.0
181,2023-09-01,370.0
182,2023-09-01,1290.0
183,2023-09-01,250.0
184,2023-09-01,740.0
185,2023-09-01,170.0
186,2023-09-01,360.0
187,2023-09-01,270.0
188,2023-09-01,890.0
189,2023-09-01,350.0
190,2023-09-01,300.0
191,2023-09-01,360.0
192,2023-09-01,370.0
193,2023-09-01,310.0
194,2023-09-01,910.0
195,2023-09-01,900.0
196,2023-09-01,420.0
197,2023-09-01,240.0
198,2023-09-01,660.0
199,2023-09-01,920.0
200,2023-09-01,180.0
201,2023-09-01,360.0
202,2023-09-01,260.0
204,2023-09-01,550.0
205,2023-09-01,340.0
206,2023-09-01,920.0
207,2023-09-01,1520.0
208,2023-09-01,520.0
209,2023-09-01,720.0
210,2023-09-01,500.0
211,2023-09-01,550.0
212,2023-09-01,290.0
213,2023-09-01,420.0
214,2023-09-01,960.0
215,2023-09-01,330.0
216,2023-09-01,1380.0
217,2023-09-01,1120.0
218,2023-09-01,220.0
219,2023-09-01,270.0
220,2023-09-01,1160.0
221,2023-09-01,400.0
222,2023-09-01,300.0
223,2023-09-01,920.0
224,2023-09-01,290.0
225,2023-09-01,210.0
226,2023-09-01,620.0
227,2023-09-01,370.0
228,2023-09-01,710.0
229,2023-09-01,260.0
230,2023-09-01,830.0
231,2023-09-01,440.0
232,2023-09-01,260.0
233,2023-09-01,350.0
234,2023-09-01,400.0
235,2023-09-01,610.0
236,2023-09-01,1100.0
237,2023-09-01,2280.0
238,2023-09-01,1250.0
239,2023-09-01,970.0
240,2023-09-01,260.0
241,2023-09-01,410.0
242,2023-09-01,190.0
1,2023-10-01,420.0
2,2023-10-01,390.0
5,2023-10-01,340.0
6,2023-10-01,270.0
7,2023-10-01,640.0
8,2023-10-01,70.0
9,2023-10-01,480.0
10,2023-10-01,490.0
11,2023-10-01,1180.0
12,2023-10-01,770.0
13,2023-10-01,480.0
14,2023-10-01,620.0
15,2023-10-01,750.0
16,2023-10-01,1490.0
17,2023-10-01,470.0
18,2023-10-01,680.0
19,2023-10-01,1070.0
20,2023-10-01,440.0
21,2023-10-01,320.0
22,2023-10-01,890.0
23,2023-10-01,710.0
24,2023-10-01,420.0
25,2023-10-01,370.0
26,2023-10-01,1120.0
27,2023-10-01,560.0
28,2023-10-01,230.0
29,2023-10-01,910.0
32,2023-10-01,360.0
33,2023-10-01,1030.0
34,2023-10-01,270.0
35,2023-10-01,180.0
36,2023-10-01,480.0
37,2023-10-01,250.0
38,2023-10-01,440.0
39,2023-10-01,300.0
40,2023-10-01,800.0
42,2023-10-01,1080.0
44,2023-10-01,300.0
45,2023-10-01,280.0
46,2023-10-01,400.0
47,2023-10-01,520.0
49,2023-10-01,520.0
50,2023-10-01,1000.0
52,2023-10-01,660.0
53,2023-10-01,460.0
54,2023-10-01,570.0
55,2023-10-01,800.0
56,2023-10-01,620.0
57,2023-10-01,780.0
58,2023-10-01,210.0
59,2023-10-01,760.0
60,2023-10-01,190.0
61,2023-10-01,490.0
62,2023-10-01,460.0
63,2023-10-01,510.0
64,2023-10-01,300.0
65,2023-10-01,530.0
66,2023-10-01,2900.0
67,2023-10-01,710.0
68,2023-10-01,690.0
70,2023-10-01,920.0
71,2023-10-01,1130.0
72,2023-10-01,110.0
73,2023-10-01,1010.0
74,2023-10-01,510.0
75,2023-10-01,460.0
76,2023-10-01,430.0
77,2023-10-01,1180.0
78,2023-10-01,370.0
79,2023-10-01,760.0
80,2023-10-01,390.0
81,2023-10-01,390.0
82,2023-10-01,280.0
83,2023-10-01,1120.0
84,2023-10-01,310.0
85,2023-10-01,250.0
86,2023-10-01,390.0
87,2023-10-01,540.0
90,2023-10-01,1010.0
91,2023-10-01,230.0
92,2023-10-01,1170.0
94,2023-10-01,210.0
95,2023-10-01,240.0
96,2023-10-01,570.0
97,2023-10-01,370.0
98,2023-10-01,440.0
99,2023-10-01,970.0
100,2023-10-01,930.0
102,2023-10-01,290.0
103,2023-10-01,650.0
104,2023-10-01,420.0
105,2023-10-01,260.0
106,2023-10-01,670.0
107,2023-10-01,540.0
109,2023-10-01,570.0
110,2023-10-01,640.0
112,2023-10-01,1370.0
113,2023-10-01,440.0
114,2023-10-01,1410.0
115,2023-10-01,250.0
116,2023-10-01,740.0
117,2023-10-01,360.0
118,2023-10-01,700.0
119,2023-10-01,690.0
120,2023-10-01,250.0
121,2023-10-01,440.0
122,2023-10-01,360.0
123,2023-10-01,120.0
124,2023-10-01,570.0
125,2023-10-01,710.0
126,2023-10-01,890.0
127,2023-10-01,890.0
128,2023-10-01,720.0
129,2023-10-01,780.0
130,2023-10-01,440.0
131,2023-10-01,550.0
132,2023-10-01,290.0
133,2023-10-01,680.0
134,2023-10-01,550.0
135,2023-10-01,1240.0
136,2023-10-01,340.0
137,2023-10-01,870.0
138,2023-10-01,510.0
139,2023-10-01,530.0
141,2023-10-01,780.0
142,2023-10-01,380.0
143,2023-10-01,260.0
144,2023-10-01,180.0
145,2023-10-01,750.0
146,2023-10-01,180.0
147,2023-10-01,220.0
148,2023-10-01,140.0
149,2023-10-01,560.0
150,2023-10-01,460.0
151,2023-10-01,750.0
152,2023-10-01,410.0
153,2023-10-01,200.0
155,2023-10-01,430.0
156,2023-10-01,310.0
157,2023-10-01,440.0
158,2023-10-01,250.0
160,2023-10-01,440.0
161,2023-10-01,500.0
162,2023-10-01,350.0
163,2023-10-01,160.0
164,2023-10-01,630.0
165,2023-10-01,660.0
166,2023-10-01,280.0
167,2023-10-01,900.0
168,2023-10-01,310.0
169,2023-10-01,710.0
170,2023-10-01,550.0
171,2023-10-01,570.0
172,2023-10-01,560.0
173,2023-10-01,300.0
174,2023-10-01,470.0
175,2023-10-01,150.0
177,2023-10-01,390.0
178,2023-10-01,160.0
180,2023-10-01,670.0
181,2023-10-01,370.0
182,2023-10-01,1290.0
183,2023-10-01,250.0
184,2023-10-01,740.0
185,2023-10-01,170.0
187,2023-10-01,270.0
188,2023-10-01,890.0
189,2023-10-01,350.0
190,2023-10-01,300.0
191,2023-10-01,360.0
192,2023-10-01,480.0
193,2023-10-01,310.0
194,2023-10-01,910.0
195,2023-10-01,900.0
196,2023-10-01,420.0
197,2023-10-01,240.0
198,2023-10-01,660.0
199,2023-10-01,920.0
200,2023-10-01,180.0
201,2023-10-01,360.0
202,2023-10-01,260.0
204,2023-10-01,550.0
205,2023-10-01,340.0
206,2023-10-01,920.0
207,2023-10-01,1520.0
208,2023-10-01,520.0
209,2023-10-01,720.0
210,2023-10-01,500.0
211,2023-10-01,550.0
212,2023-10-01,290.0
213,2023-10-01,420.0
214,2023-10-01,960.0
215,2023-10-01,330.0
216,2023-10-01,1380.0
217,2023-10-01,1120.0
218,2023-10-01,220.0
219,2023-10-01,270.0
220,2023-10-01,1160.0
221,2023-10-01,400.0
222,2023-10-01,300.0
223,2023-10-01,920.0
224,2023-10-01,290.0
225,2023-10-01,210.0
226,2023-10-01,620.0
227,2023-10-01,370.0
228,2023-10-01,710.0
229,2023-10-01,260.0
230,2023-10-01,830.0
231,2023-10-01,440.0
232,2023-10-01,260.0
233,2023-10-01,350.0
234,2023-10-01,400.0
235,2023-10-01,610.0
236,2023-10-01,1100.0
237,2023-10-01,2280.0
238,2023-10-01,1250.0
239,2023-10-01,970.0
240,2023-10-01,260.0
241,2023-10-01,410.0
242,2023-10-01,190.0
243,2023-10-01,280.0
244,2023-10-01,550.0
245,2023-10-01,940.0
246,2023-10-01,1070.0
247,2023-10-01,260.0
248,2023-10-01,200.0
249,2023-10-01,530.0
250,2023-10-01,660.0
251,2023-10-01,110.0
252,2023-10-01,760.0
253,2023-10-01,390.0
254,2023-10-01,310.0
255,2023-10-01,290.0
256,2023-10-01,920.0
257,2023-10-01,160.0
258,2023-10-01,740.0
259,2023-10-01,410.0
260,2023-10-01,810.0
261,2023-10-01,470.0
262,2023-10-01,1330.0
263,2023-10-01,560.0
264,2023-10-01,280.0
265,2023-10-01,230.0
266,2023-10-01,540.0
267,2023-10-01,690.0
1,2023-11-01,420.0
2,2023-11-01,390.0
5,2023-11-01,340.0
6,2023-11-01,270.0
7,2023-11-01,640.0
8,2023-11-01,70.0
9,2023-11-01,480.0
10,2023-11-01,490.0
11,2023-11-01,1180.0
12,2023-11-01,770.0
13,2023-11-01,480.0
14,2023-11-01,620.0
15,2023-11-01,750.0
16,2023-11-01,1490.0
17,2023-11-01,470.0
18,2023-11-01,680.0
19,2023-11-01,1070.0
20,2023-11-01,440.0
21,2023-11-01,320.0
22,2023-11-01,890.0
23,2023-11-01,710.0
24,2023-11-01,420.0
25,2023-11-01,370.0
26,2023-11-01,1120.0
27,2023-11-01,560.0
28,2023-11-01,230.0
29,2023-11-01,700.0
32,2023-11-01,360.0
33,2023-11-01,1030.0
35,2023-11-01,180.0
36,2023-11-01,480.0
37,2023-11-01,250.0
38,2023-11-01,440.0
39,2023-11-01,300.0
40,2023-11-01,800.0
42,2023-11-01,1080.0
44,2023-11-01,300.0
45,2023-11-01,280.0
46,2023-11-01,400.0
47,2023-11-01,520.0
49,2023-11-01,520.0
50,2023-11-01,1000.0
52,2023-11-01,660.0
53,2023-11-01,460.0
54,2023-11-01,570.0
55,2023-11-01,800.0
56,2023-11-01,620.0
57,2023-11-01,780.0
58,2023-11-01,210.0
59,2023-11-01,760.0
60,2023-11-01,190.0
61,2023-11-01,490.0
62,2023-11-01,460.0
63,2023-11-01,510.0
64,2023-11-01,300.0
65,2023-11-01,530.0
66,2023-11-01,2900.0
67,2023-11-01,710.0
68,2023-11-01,690.0
70,2023-11-01,920.0
71,2023-11-01,1130.0
72,2023-11-01,110.0
73,2023-11-01,1010.0
74,2023-11-01,760.0
75,2023-11-01,460.0
76,2023-11-01,430.0
77,2023-11-01,1180.0
78,2023-11-01,370.0
79,2023-11-01,760.0
80,2023-11-01,390.0
81,2023-11-01,390.0
82,2023-11-01,280.0
83,2023-11-01,1120.0
84,2023-11-01,310.0
85,2023-11-01,360.0
86,2023-11-01,390.0
87,2023-11-01,540.0
90,2023-11-01,1010.0
91,2023-11-01,230.0
92,2023-11-01,1170.0
94,2023-11-01,210.0
95,2023-11-01,240.0
96,2023-11-01,570.0
97,2023-11-01,370.0
98,2023-11-01,440.0
99,2023-11-01,970.0
100,2023-11-01,930.0
103,2023-11-01,650.0
104,2023-11-01,420.0
105,2023-11-01,260.0
106,2023-11-01,670.0
107,2023-11-01,540.0
109,2023-11-01,570.0
110,2023-11-01,640.0
112,2023-11-01,1370.0
113,2023-11-01,440.0
114,2023-11-01,1410.0
115,2023-11-01,250.0
116,2023-11-01,740.0
117,2023-11-01,360.0
118,2023-11-01,700.0
119,2023-11-01,690.0
120,2023-11-01,250.0
121,2023-11-01,440.0
122,2023-11-01,360.0
123,2023-11-01,120.0
124,2023-11-01,570.0
125,2023-11-01,710.0
126,2023-11-01,890.0
127,2023-11-01,890.0
128,2023-11-01,720.0
129,2023-11-01,780.0
130,2023-11-01,440.0
131,2023-11-01,550.0
132,2023-11-01,290.0
133,2023-11-01,680.0
134,2023-11-01,550.0
135,2023-11-01,1240.0
136,2023-11-01,340.0
137,2023-11-01,870.0
138,2023-11-01,510.0
139,2023-11-01,530.0
141,2023-11-01,780.0
142,2023-11-01,380.0
143,2023-11-01,260.0
144,2023-11-01,180.0
145,2023-11-01,750.0
146,2023-11-01,180.0
147,2023-11-01,220.0
148,2023-11-01,140.0
149,2023-11-01,560.0
150,2023-11-01,460.0
151,2023-11-01,750.0
152,2023-11-01,410.0
153,2023-11-01,200.0
155,2023-11-01,430.0
156,2023-11-01,440.0
157,2023-11-01,440.0
158,2023-11-01,250.0
160,2023-11-01,440.0
161,2023-11-01,500.0
162,2023-11-01,350.0
163,2023-11-01,160.0
164,2023-11-01,790.0
165,2023-11-01,660.0
166,2023-11-01,280.0
167,2023-11-01,900.0
168,2023-11-01,310.0
169,2023-11-01,710.0
170,2023-11-01,550.0
171,2023-11-01,570.0
172,2023-11-01,560.0
173,2023-11-01,300.0
174,2023-11-01,470.0
175,2023-11-01,150.0
177,2023-11-01,390.0
178,2023-11-01,160.0
180,2023-11-01,670.0
181,2023-11-01,370.0
182,2023-11-01,1290.0
183,2023-11-01,250.0
184,2023-11-01,740.0
185,2023-11-01,170.0
187,2023-11-01,270.0
188,2023-11-01,890.0
189,2023-11-01,350.0
190,2023-11-01,300.0
191,2023-11-01,360.0
192,2023-11-01,480.0
193,2023-11-01,310.0
194,2023-11-01,910.0
195,2023-11-01,900.0
196,2023-11-01,420.0
197,2023-11-01,240.0
198,2023-11-01,660.0
199,2023-11-01,920.0
200,2023-11-01,180.0
201,2023-11-01,360.0
202,2023-11-01,260.0
204,2023-11-01,550.0
205,2023-11-01,340.0
206,2023-11-01,920.0
207,2023-11-01,1520.0
208,2023-11-01,520.0
209,2023-11-01,720.0
210,2023-11-01,500.0
211,2023-11-01,550.0
212,2023-11-01,290.0
213,2023-11-01,420.0
214,2023-11-01,960.0
215,2023-11-01,330.0
216,2023-11-01,1380.0
217,2023-11-01,1120.0
218,2023-11-01,220.0
219,2023-11-01,270.0
220,2023-11-01,1160.0
221,2023-11-01,400.0
222,2023-11-01,390.0
223,2023-11-01,920.0
224,2023-11-01,290.0
225,2023-11-01,210.0
226,2023-11-01,620.0
227,2023-11-01,370.0
228,2023-11-01,710.0
229,2023-11-01,260.0
230,2023-11-01,830.0
231,2023-11-01,440.0
232,2023-11-01,260.0
233,2023-11-01,350.0
234,2023-11-01,400.0
235,2023-11-01,610.0
236,2023-11-01,1100.0
237,2023-11-01,2280.0
238,2023-11-01,1250.0
239,2023-11-01,970.0
240,2023-11-01,260.0
241,2023-11-01,410.0
242,2023-11-01,190.0
243,2023-11-01,280.0
244,2023-11-01,550.0
246,2023-11-01,1070.0
247,2023-11-01,260.0
248,2023-11-01,200.0
249,2023-11-01,530.0
250,2023-11-01,660.0
251,2023-11-01,110.0
253,2023-11-01,390.0
254,2023-11-01,310.0
255,2023-11-01,290.0
256,2023-11-01,920.0
257,2023-11-01,160.0
258,2023-11-01,740.0
259,2023-11-01,410.0
260,2023-11-01,810.0
261,2023-11-01,470.0
262,2023-11-01,1640.0
263,2023-11-01,560.0
264,2023-11-01,280.0
265,2023-11-01,230.0
266,2023-11-01,540.0
267,2023-11-01,690.0
268,2023-11-01,210.0
269,2023-11-01,300.0
270,2023-11-01,730.0
271,2023-11-01,270.0
272,2023-11-01,230.0
273,2023-11-01,600.0
274,2023-11-01,330.0
275,2023-11-01,520.0
276,2023-11-01,480.0
277,2023-11-01,480.0
278,2023-11-01,360.0
279,2023-11-01,260.0
280,2023-11-01,330.0
281,2023-11-01,670.0
282,2023-11-01,690.0
283,2023-11-01,230.0
284,2023-11-01,520.0
285,2023-11-01,810.0
286,2023-11-01,950.0
287,2023-11-01,450.0
288,2023-11-01,790.0
289,2023-11-01,200.0
290,2023-11-01,110.0
291,2023-11-01,340.0
292,2023-11-01,290.0
293,2023-11-01,280.0
294,2023-11-01,340.0
295,2023-11-01,730.0
296,2023-11-01,1080.0
297,2023-11-01,250.0
1,2023-12-01,420.0
2,2023-12-01,390.0
5,2023-12-01,480.0
6,2023-12-01,270.0
7,2023-12-01,640.0
8,2023-12-01,70.0
9,2023-12-01,480.0
10,2023-12-01,490.0
11,2023-12-01,1180.0
12,2023-12-01,770.0
13,2023-12-01,480.0
14,2023-12-01,620.0
15,2023-12-01,750.0
16,2023-12-01,1490.0
17,2023-12-01,470.0
18,2023-12-01,680.0
19,2023-12-01,1070.0
20,2023-12-01,440.0
21,2023-12-01,380.0
22,2023-12-01,890.0
23,2023-12-01,710.0
24,2023-12-01,420.0
25,2023-12-01,370.0
26,2023-12-01,1120.0
27,2023-12-01,560.0
28,2023-12-01,230.0
29,2023-12-01,700.0
32,2023-12-01,360.0
33,2023-12-01,1030.0
35,2023-12-01,180.0
36,2023-12-01,480.0
37,2023-12-01,250.0
38,2023-12-01,440.0
39,2023-12-01,300.0
40,2023-12-01,940.0
42,2023-12-01,1080.0
44,2023-12-01,300.0
45,2023-12-01,280.0
46,2023-12-01,400.0
47,2023-12-01,520.0
49,2023-12-01,520.0
50,2023-12-01,1000.0
52,2023-12-01,660.0
53,2023-12-01,460.0
54,2023-12-01,570.0
55,2023-12-01,800.0
56,2023-12-01,620.0
57,2023-12-01,780.0
58,2023-12-01,210.0
59,2023-12-01,760.0
60,2023-12-01,190.0
61,2023-12-01,490.0
62,2023-12-01,460.0
63,2023-12-01,510.0
64,2023-12-01,300.0
65,2023-12-01,530.0
66,2023-12-01,2900.0
67,2023-12-01,710.0
68,2023-12-01,690.0
70,2023-12-01,920.0
71,2023-12-01,1130.0
72,2023-12-01,110.0
73,2023-12-01,1010.0
74,2023-12-01,760.0
75,2023-12-01,460.0
76,2023-12-01,430.0
77,2023-12-01,1180.0
78,2023-12-01,370.0
79,2023-12-01,760.0
80,2023-12-01,390.0
81,2023-12-01,390.0
82,2023-12-01,280.0
83,2023-12-01,1120.0
84,2023-12-01,310.0
85,2023-12-01,360.0
86,2023-12-01,390.0
87,2023-12-01,540.0
90,2023-12-01,1010.0
91,2023-12-01,230.0
92,2023-12-01,1170.0
94,2023-12-01,210.0
95,2023-12-01,240.0
96,2023-12-01,570.0
97,2023-12-01,370.0
98,2023-12-01,440.0
99,2023-12-01,970.0
100,2023-12-01,930.0
103,2023-12-01,650.0
104,2023-12-01,420.0
105,2023-12-01,260.0
106,2023-12-01,670.0
107,2023-12-01,540.0
109,2023-12-01,570.0
110,2023-12-01,640.0
112,2023-12-01,1370.0
113,2023-12-01,440.0
114,2023-12-01,1410.0
115,2023-12-01,250.0
116,2023-12-01,740.0
117,2023-12-01,360.0
118,2023-12-01,700.0
119,2023-12-01,690.0
120,2023-12-01,250.0
121,2023-12-01,440.0
122,2023-12-01,360.0
123,2023-12-01,120.0
124,2023-12-01,570.0
125,2023-12-01,710.0
126,2023-12-01,890.0
127,2023-12-01,890.0
128,2023-12-01,720.0
129,2023-12-01,780.0
130,2023-12-01,440.0
131,2023-12-01,550.0
132,2023-12-01,290.0
133,2023-12-01,680.0
134,2023-12-01,550.0
135,2023-12-01,1240.0
136,2023-12-01,340.0
137,2023-12-01,870.0
138,2023-12-01,510.0
139,2023-12-01,530.0
141,2023-12-01,780.0
142,2023-12-01,380.0
143,2023-12-01,260.0
144,2023-12-01,180.0
145,2023-12-01,750.0
146,2023-12-01,180.0
147,2023-12-01,220.0
148,2023-12-01,140.0
149,2023-12-01,560.0
150,2023-12-01,460.0
151,2023-12-01,750.0
152,2023-12-01,410.0
153,2023-12-01,200.0
155,2023-12-01,430.0
156,2023-12-01,440.0
157,2023-12-01,440.0
158,2023-12-01,250.0
160,2023-12-01,440.0
161,2023-12-01,500.0
162,2023-12-01,350.0
163,2023-12-01,160.0
165,2023-12-01,660.0
166,2023-12-01,280.0
167,2023-12-01,900.0
168,2023-12-01,310.0
169,2023-12-01,710.0
170,2023-12-01,550.0
171,2023-12-01,570.0
172,2023-12-01,700.0
173,2023-12-01,300.0
174,2023-12-01,470.0
175,2023-12-01,150.0
177,2023-12-01,390.0
178,2023-12-01,160.0
180,2023-12-01,670.0
181,2023-12-01,370.0
182,2023-12-01,1290.0
183,2023-12-01,250.0
184,2023-12-01,740.0
185,2023-12-01,170.0
187,2023-12-01,270.0
188,2023-12-01,890.0
189,2023-12-01,350.0
190,2023-12-01,440.0
191,2023-12-01,360.0
192,2023-12-01,480.0
193,2023-12-01,310.0
194,2023-12-01,910.0
195,2023-12-01,900.0
196,2023-12-01,420.0
197,2023-12-01,240.0
198,2023-12-01,660.0
199,2023-12-01,920.0
200,2023-12-01,180.0
201,2023-12-01,450.0
202,2023-12-01,260.0
205,2023-12-01,340.0
206,2023-12-01,920.0
207,2023-12-01,1520.0
208,2023-12-01,520.0
209,2023-12-01,720.0
210,2023-12-01,500.0
211,2023-12-01,550.0
212,2023-12-01,290.0
213,2023-12-01,420.0
214,2023-12-01,960.0
215,2023-12-01,330.0
216,2023-12-01,1380.0
217,2023-12-01,1120.0
218,2023-12-01,220.0
219,2023-12-01,270.0
220,2023-12-01,1160.0
221,2023-12-01,400.0
222,2023-12-01,390.0
223,2023-12-01,920.0
224,2023-12-01,290.0
225,2023-12-01,210.0
226,2023-12-01,620.0
227,2023-12-01,370.0
228,2023-12-01,710.0
229,2023-12-01,260.0
230,2023-12-01,830.0
231,2023-12-01,440.0
232,2023-12-01,260.0
233,2023-12-01,350.0
234,2023-12-01,400.0
235,2023-12-01,780.0
236,2023-12-01,1100.0
237,2023-12-01,2280.0
238,2023-12-01,1250.0
239,2023-12-01,970.0
240,2023-12-01,260.0
241,2023-12-01,310.0
242,2023-12-01,190.0
243,2023-12-01,280.0
244,2023-12-01,550.0
246,2023-12-01,1070.0
247,2023-12-01,260.0
249,2023-12-01,530.0
250,2023-12-01,660.0
251,2023-12-01,110.0
253,2023-12-01,390.0
254,2023-12-01,310.0
255,2023-12-01,290.0
256,2023-12-01,660.0
257,2023-12-01,160.0
258,2023-12-01,740.0
259,2023-12-01,410.0
260,2023-12-01,810.0
262,2023-12-01,1640.0
263,2023-12-01,560.0
264,2023-12-01,280.0
265,2023-12-01,230.0
266,2023-12-01,540.0
267,2023-12-01,690.0
268,2023-12-01,210.0
269,2023-12-01,300.0
270,2023-12-01,730.0
271,2023-12-01,270.0
272,2023-12-01,230.0
273,2023-12-01,600.0
274,2023-12-01,330.0
275,2023-12-01,520.0
276,2023-12-01,480.0
277,2023-12-01,480.0
278,2023-12-01,360.0
279,2023-12-01,260.0
280,2023-12-01,330.0
281,2023-12-01,670.0
282,2023-12-01,690.0
283,2023-12-01,230.0
284,2023-12-01,520.0
285,2023-12-01,810.0
286,2023-12-01,950.0
287,2023-12-01,450.0
288,2023-12-01,790.0
289,2023-12-01,200.0
290,2023-12-01,150.0
291,2023-12-01,340.0
292,2023-12-01,290.0
293,2023-12-01,280.0
294,2023-12-01,420.0
295,2023-12-01,730.0
296,2023-12-01,1080.0
297,2023-12-01,250.0
298,2023-12-01,660.0
299,2023-12-01,430.0
300,2023-12-01,250.0
301,2023-12-01,240.0
302,2023-12-01,830.0
303,2023-12-01,490.0
304,2023-12-01,350.0
305,2023-12-01,970.0
306,2023-12-01,350.0
307,2023-12-01,330.0
308,2023-12-01,220.0
309,2023-12-01,320.0
310,2023-12-01,880.0
311,2023-12-01,360.0
312,2023-12-01,500.0
313,2023-12-01,100.0
314,2023-12-01,520.0
315,2023-12-01,360.0
316,2023-12-01,320.0
317,2023-12-01,920.0
318,2023-12-01,390.0
319,2023-12-01,590.0
320,2023-12-01,300.0
321,2023-12-01,380.0
322,2023-12-01,860.0
323,2023-12-01,1850.0
324,2023-12-01,410.0
325,2023-12-01,570.0
326,2023-12-01,220.0
327,2023-12-01,190.0
328,2023-12-01,2460.0
329,2023-12-01,270.0
330,2023-12-01,310.0
331,2023-12-01,650.0
1,2024-01-01,420.0
2,2024-01-01,390.0
5,2024-01-01,480.0
6,2024-01-01,270.0
7,2024-01-01,640.0
8,2024-01-01,70.0
9,2024-01-01,480.0
10,2024-01-01,640.0
11,2024-01-01,1180.0
12,2024-01-01,960.0
13,2024-01-01,600.0
14,2024-01-01,620.0
16,2024-01-01,1490.0
17,2024-01-01,610.0
18,2024-01-01,680.0
19,2024-01-01,1070.0
20,2024-01-01,440.0
21,2024-01-01,380.0
22,2024-01-01,890.0
23,2024-01-01,710.0
24,2024-01-01,420.0
25,2024-01-01,370.0
26,2024-01-01,1120.0
27,2024-01-01,560.0
28,2024-01-01,230.0
29,2024-01-01,700.0
32,2024-01-01,360.0
33,2024-01-01,1030.0
35,2024-01-01,180.0
36,2024-01-01,480.0
37,2024-01-01,250.0
38,2024-01-01,440.0
39,2024-01-01,300.0
40,2024-01-01,940.0
42,2024-01-01,1080.0
44,2024-01-01,300.0
45,2024-01-01,280.0
46,2024-01-01,400.0
47,2024-01-01,520.0
49,2024-01-01,520.0
50,2024-01-01,1000.0
52,2024-01-01,660.0
53,2024-01-01,460.0
54,2024-01-01,570.0
55,2024-01-01,800.0
56,2024-01-01,620.0
57,2024-01-01,780.0
58,2024-01-01,210.0
59,2024-01-01,760.0
60,2024-01-01,190.0
61,2024-01-01,490.0
62,2024-01-01,460.0
63,2024-01-01,510.0
64,2024-01-01,300.0
65,2024-01-01,530.0
66,2024-01-01,2900.0
67,2024-01-01,1040.0
68,2024-01-01,690.0
70,2024-01-01,920.0
71,2024-01-01,1130.0
72,2024-01-01,160.0
73,2024-01-01,1010.0
74,2024-01-01,760.0
75,2024-01-01,460.0
76,2024-01-01,430.0
77,2024-01-01,1180.0
78,2024-01-01,370.0
79,2024-01-01,760.0
80,2024-01-01,390.0
81,2024-01-01,390.0
82,2024-01-01,280.0
83,2024-01-01,1120.0
84,2024-01-01,310.0
85,2024-01-01,520.0
86,2024-01-01,390.0
87,2024-01-01,540.0
90,2024-01-01,1010.0
91,2024-01-01,230.0
92,2024-01-01,1170.0
94,2024-01-01,210.0
95,2024-01-01,240.0
96,2024-01-01,570.0
97,2024-01-01,370.0
98,2024-01-01,440.0
99,2024-01-01,970.0
100,2024-01-01,930.0
103,2024-01-01,650.0
104,2024-01-01,420.0
105,2024-01-01,260.0
106,2024-01-01,860.0
107,2024-01-01,540.0
109,2024-01-01,570.0
110,2024-01-01,640.0
112,2024-01-01,1370.0
113,2024-01-01,440.0
114,2024-01-01,1410.0
115,2024-01-01,250.0
116,2024-01-01,740.0
117,2024-01-01,360.0
118,2024-01-01,700.0
119,2024-01-01,690.0
120,2024-01-01,250.0
121,2024-01-01,440.0
122,2024-01-01,360.0
123,2024-01-01,120.0
125,2024-01-01,710.0
126,2024-01-01,890.0
127,2024-01-01,890.0
128,2024-01-01,720.0
129,2024-01-01,780.0
130,2024-01-01,440.0
131,2024-01-01,550.0
132,2024-01-01,290.0
133,2024-01-01,680.0
134,2024-01-01,550.0
135,2024-01-01,1240.0
136,2024-01-01,340.0
137,2024-01-01,870.0
138,2024-01-01,510.0
139,2024-01-01,530.0
141,2024-01-01,780.0
142,2024-01-01,380.0
143,2024-01-01,260.0
144,2024-01-01,180.0
145,2024-01-01,750.0
146,2024-01-01,180.0
147,2024-01-01,220.0
148,2024-01-01,140.0
150,2024-01-01,460.0
151,2024-01-01,750.0
152,2024-01-01,410.0
153,2024-01-01,200.0
155,2024-01-01,430.0
156,2024-01-01,440.0
157,2024-01-01,440.0
158,2024-01-01,370.0
160,2024-01-01,440.0
161,2024-01-01,500.0
162,2024-01-01,350.0
163,2024-01-01,160.0
165,2024-01-01,660.0
166,2024-01-01,280.0
167,2024-01-01,900.0
168,2024-01-01,310.0
169,2024-01-01,710.0
170,2024-01-01,550.0
171,2024-01-01,570.0
172,2024-01-01,700.0
173,2024-01-01,300.0
174,2024-01-01,470.0
175,2024-01-01,150.0
178,2024-01-01,160.0
180,2024-01-01,670.0
181,2024-01-01,370.0
182,2024-01-01,1290.0
183,2024-01-01,250.0
184,2024-01-01,550.0
185,2024-01-01,170.0
187,2024-01-01,270.0
188,2024-01-01,890.0
189,2024-01-01,350.0
190,2024-01-01,440.0
191,2024-01-01,360.0
192,2024-01-01,480.0
193,2024-01-01,310.0
194,2024-01-01,910.0
195,2024-01-01,900.0
196,2024-01-01,420.0
197,2024-01-01,240.0
198,2024-01-01,660.0
199,2024-01-01,920.0
200,2024-01-01,180.0
201,2024-01-01,450.0
202,2024-01-01,260.0
205,2024-01-01,340.0
206,2024-01-01,920.0
207,2024-01-01,1520.0
208,2024-01-01,520.0
209,2024-01-01,720.0
210,2024-01-01,500.0
211,2024-01-01,550.0
212,2024-01-01,290.0
213,2024-01-01,420.0
214,2024-01-01,960.0
215,2024-01-01,330.0
216,2024-01-01,1380.0
217,2024-01-01,1120.0
218,2024-01-01,220.0
219,2024-01-01,270.0
220,2024-01-01,1160.0
221,2024-01-01,400.0
222,2024-01-01,390.0
223,2024-01-01,920.0
224,2024-01-01,290.0
225,2024-01-01,210.0
226,2024-01-01,620.0
227,2024-01-01,370.0
228,2024-01-01,710.0
229,2024-01-01,260.0
230,2024-01-01,830.0
231,2024-01-01,440.0
232,2024-01-01,260.0
233,2024-01-01,350.0
234,2024-01-01,400.0
235,2024-01-01,780.0
236,2024-01-01,1100.0
237,2024-01-01,2280.0
238,2024-01-01,1250.0
239,2024-01-01,970.0
240,2024-01-01,260.0
241,2024-01-01,310.0
242,2024-01-01,190.0
243,2024-01-01,280.0
244,2024-01-01,550.0
246,2024-01-01,1070.0
247,2024-01-01,260.0
249,2024-01-01,530.0
250,2024-01-01,660.0
251,2024-01-01,110.0
253,2024-01-01,390.0
254,2024-01-01,430.0
255,2024-01-01,290.0
256,2024-01-01,660.0
257,2024-01-01,160.0
258,2024-01-01,740.0
259,2024-01-01,410.0
260,2024-01-01,810.0
262,2024-01-01,1640.0
263,2024-01-01,560.0
264,2024-01-01,360.0
265,2024-01-01,230.0
266,2024-01-01,540.0
267,2024-01-01,690.0
268,2024-01-01,210.0
269,2024-01-01,300.0
270,2024-01-01,730.0
271,2024-01-01,400.0
272,2024-01-01,230.0
273,2024-01-01,600.0
274,2024-01-01,330.0
275,2024-01-01,520.0
276,2024-01-01,480.0
277,2024-01-01,480.0
278,2024-01-01,360.0
279,2024-01-01,260.0
280,2024-01-01,330.0
281,2024-01-01,670.0
282,2024-01-01,690.0
283,2024-01-01,230.0
284,2024-01-01,520.0
285,2024-01-01,810.0
286,2024-01-01,950.0
287,2024-01-01,450.0
288,2024-01-01,790.0
289,2024-01-01,200.0
290,2024-01-01,170.0
291,2024-01-01,340.0
292,2024-01-01,290.0
293,2024-01-01,280.0
294,2024-01-01,420.0
295,2024-01-01,730.0
296,2024-01-01,1080.0
297,2024-01-01,250.0
298,2024-01-01,660.0
300,2024-01-01,250.0
301,2024-01-01,240.0
302,2024-01-01,830.0
303,2024-01-01,490.0
304,2024-01-01,350.0
305,2024-01-01,970.0
306,2024-01-01,350.0
307,2024-01-01,330.0
308,2024-01-01,220.0
309,2024-01-01,320.0
311,2024-01-01,360.0
312,2024-01-01,500.0
313,2024-01-01,100.0
314,2024-01-01,520.0
315,2024-01-01,360.0
316,2024-01-01,320.0
317,2024-01-01,920.0
318,2024-01-01,390.0
319,2024-01-01,590.0
320,2024-01-01,300.0
321,2024-01-01,380.0
322,2024-01-01,860.0
323,2024-01-01,1850.0
324,2024-01-01,510.0
325,2024-01-01,570.0
326,2024-01-01,310.0
327,2024-01-01,190.0
328,2024-01-01,2460.0
329,2024-01-01,270.0
330,2024-01-01,310.0
331,2024-01-01,650.0
332,2024-01-01,220.0
333,2024-01-01,730.0
334,2024-01-01,820.0
335,2024-01-01,310.0
336,2024-01-01,740.0
337,2024-01-01,410.0
338,2024-01-01,460.0
339,2024-01-01,190.0
340,2024-01-01,530.0
341,2024-01-01,180.0
342,2024-01-01,1610.0
343,2024-01-01,730.0
344,2024-01-01,2150.0
345,2024-01-01,630.0
346,2024-01-01,930.0
347,2024-01-01,1060.0
348,2024-01-01,520.0
349,2024-01-01,1130.0
350,2024-01-01,560.0
351,2024-01-01,700.0
352,2024-01-01,1670.0
353,2024-01-01,770.0
354,2024-01-01,170.0
355,2024-01-01,270.0
356,2024-01-01,730.0
357,2024-01-01,720.0
358,2024-01-01,310.0
359,2024-01-01,230.0
360,2024-01-01,250.0
361,2024-01-01,590.0
362,2024-01-01,840.0
1,2024-02-01,420.0
2,2024-02-01,390.0
5,2024-02-01,480.0
6,2024-02-01,270.0
7,2024-02-01,930.0
8,2024-02-01,70.0
9,2024-02-01,480.0
10,2024-02-01,640.0
11,2024-02-01,1180.0
12,2024-02-01,960.0
13,2024-02-01,600.0
14,2024-02-01,620.0
16,2024-02-01,1490.0
17,2024-02-01,610.0
18,2024-02-01,680.0
19,2024-02-01,1070.0
20,2024-02-01,440.0
21,2024-02-01,380.0
22,2024-02-01,890.0
23,2024-02-01,710.0
24,2024-02-01,420.0
25,2024-02-01,370.0
26,2024-02-01,1120.0
27,2024-02-01,560.0
28,2024-02-01,230.0
29,2024-02-01,700.0
32,2024-02-01,360.0
33,2024-02-01,1030.0
35,2024-02-01,180.0
36,2024-02-01,480.0
37,2024-02-01,250.0
38,2024-02-01,440.0
39,2024-02-01,300.0
40,2024-02-01,940.0
42,2024-02-01,1080.0
44,2024-02-01,300.0
46,2024-02-01,400.0
47,2024-02-01,520.0
49,2024-02-01,520.0
50,2024-02-01,1000.0
52,2024-02-01,660.0
55,2024-02-01,800.0
56,2024-02-01,620.0
57,2024-02-01,780.0
58,2024-02-01,210.0
60,2024-02-01,190.0
61,2024-02-01,490.0
62,2024-02-01,460.0
63,2024-02-01,510.0
64,2024-02-01,300.0
65,2024-02-01,530.0
66,2024-02-01,2900.0
67,2024-02-01,1040.0
68,2024-02-01,690.0
71,2024-02-01,1130.0
72,2024-02-01,160.0
73,2024-02-01,1010.0
74,2024-02-01,760.0
75,2024-02-01,360.0
76,2024-02-01,430.0
77,2024-02-01,1180.0
78,2024-02-01,370.0
79,2024-02-01,760.0
80,2024-02-01,390.0
81,2024-02-01,390.0
82,2024-02-01,280.0
83,2024-02-01,1120.0
84,2024-02-01,310.0
85,2024-02-01,520.0
86,2024-02-01,390.0
87,2024-02-01,540.0
90,2024-02-01,1010.0
91,2024-02-01,230.0
92,2024-02-01,1170.0
94,2024-02-01,210.0
95,2024-02-01,240.0
96,2024-02-01,570.0
97,2024-02-01,370.0
98,2024-02-01,440.0
99,2024-02-01,970.0
100,2024-02-01,930.0
103,2024-02-01,650.0
104,2024-02-01,420.0
105,2024-02-01,260.0
106,2024-02-01,860.0
107,2024-02-01,540.0
109,2024-02-01,570.0
110,2024-02-01,640.0
112,2024-02-01,1370.0
113,2024-02-01,440.0
114,2024-02-01,1410.0
115,2024-02-01,250.0
116,2024-02-01,740.0
117,2024-02-01,360.0
118,2024-02-01,700.0
119,2024-02-01,690.0
120,2024-02-01,250.0
121,2024-02-01,440.0
122,2024-02-01,360.0
123,2024-02-01,120.0
125,2024-02-01,710.0
126,2024-02-01,890.0
127,2024-02-01,890.0
128,2024-02-01,720.0
129,2024-02-01,780.0
130,2024-02-01,440.0
131,2024-02-01,550.0
132,2024-02-01,290.0
133,2024-02-01,680.0
134,2024-02-01,550.0
135,2024-02-01,1240.0
136,2024-02-01,340.0
137,2024-02-01,870.0
138,2024-02-01,510.0
139,2024-02-01,530.0
141,2024-02-01,780.0
142,2024-02-01,380.0
143,2024-02-01,260.0
144,2024-02-01,180.0
145,2024-02-01,750.0
146,2024-02-01,180.0
147,2024-02-01,270.0
148,2024-02-01,140.0
150,2024-02-01,460.0
151,2024-02-01,570.0
152,2024-02-01,410.0
153,2024-02-01,200.0
155,2024-02-01,430.0
156,2024-02-01,440.0
157,2024-02-01,440.0
158,2024-02-01,370.0
160,2024-02-01,440.0
161,2024-02-01,500.0
162,2024-02-01,430.0
163,2024-02-01,160.0
165,2024-02-01,660.0
166,2024-02-01,280.0
167,2024-02-01,900.0
168,2024-02-01,310.0
169,2024-02-01,710.0
170,2024-02-01,550.0
171,2024-02-01,570.0
172,2024-02-01,700.0
173,2024-02-01,300.0
174,2024-02-01,470.0
175,2024-02-01,150.0
178,2024-02-01,160.0
180,2024-02-01,670.0
181,2024-02-01,370.0
182,2024-02-01,1610.0
183,2024-02-01,250.0
184,2024-02-01,550.0
185,2024-02-01,220.0
187,2024-02-01,270.0
188,2024-02-01,890.0
189,2024-02-01,350.0
190,2024-02-01,440.0
191,2024-02-01,520.0
192,2024-02-01,480.0
193,2024-02-01,310.0
194,2024-02-01,910.0
195,2024-02-01,900.0
196,2024-02-01,420.0
197,2024-02-01,240.0
198,2024-02-01,510.0
199,2024-02-01,920.0
200,2024-02-01,180.0
201,2024-02-01,450.0
202,2024-02-01,260.0
205,2024-02-01,440.0
206,2024-02-01,920.0
207,2024-02-01,1520.0
208,2024-02-01,520.0
209,2024-02-01,720.0
210,2024-02-01,500.0
211,2024-02-01,550.0
212,2024-02-01,290.0
213,2024-02-01,420.0
214,2024-02-01,960.0
215,2024-02-01,330.0
216,2024-02-01,1380.0
217,2024-02-01,1120.0
218,2024-02-01,220.0
219,2024-02-01,270.0
220,2024-02-01,1160.0
221,2024-02-01,400.0
222,2024-02-01,390.0
223,2024-02-01,920.0
224,2024-02-01,340.0
225,2024-02-01,210.0
226,2024-02-01,620.0
227,2024-02-01,370.0
228,2024-02-01,710.0
229,2024-02-01,260.0
230,2024-02-01,830.0
231,2024-02-01,440.0
232,2024-02-01,260.0
233,2024-02-01,350.0
234,2024-02-01,400.0
235,2024-02-01,780.0
236,2024-02-01,1100.0
237,2024-02-01,2280.0
238,2024-02-01,1250.0
239,2024-02-01,970.0
240,2024-02-01,260.0
241,2024-02-01,310.0
242,2024-02-01,190.0
243,2024-02-01,280.0
244,2024-02-01,550.0
246,2024-02-01,1370.0
247,2024-02-01,260.0
249,2024-02-01,530.0
250,2024-02-01,660.0
251,2024-02-01,110.0
253,2024-02-01,390.0
254,2024-02-01,430.0
255,2024-02-01,430.0
256,2024-02-01,660.0
257,2024-02-01,160.0
258,2024-02-01,740.0
259,2024-02-01,410.0
260,2024-02-01,810.0
264,2024-02-01,360.0
265,2024-02-01,230.0
266,2024-02-01,540.0
267,2024-02-01,690.0
268,2024-02-01,210.0
269,2024-02-01,300.0
270,2024-02-01,1090.0
271,2024-02-01,400.0
272,2024-02-01,230.0
273,2024-02-01,600.0
274,2024-02-01,330.0
275,2024-02-01,520.0
276,2024-02-01,480.0
277,2024-02-01,480.0
278,2024-02-01,360.0
279,2024-02-01,260.0
280,2024-02-01,330.0
281,2024-02-01,670.0
282,2024-02-01,690.0
283,2024-02-01,230.0
284,2024-02-01,520.0
285,2024-02-01,810.0
286,2024-02-01,950.0
287,2024-02-01,450.0
288,2024-02-01,790.0
289,2024-02-01,200.0
290,2024-02-01,170.0
291,2024-02-01,340.0
292,2024-02-01,290.0
293,2024-02-01,390.0
294,2024-02-01,420.0
295,2024-02-01,730.0
296,2024-02-01,1080.0
297,2024-02-01,250.0
298,2024-02-01,960.0
300,2024-02-01,250.0
301,2024-02-01,240.0
302,2024-02-01,830.0
304,2024-02-01,350.0
305,2024-02-01,970.0
306,2024-02-01,350.0
307,2024-02-01,330.0
308,2024-02-01,220.0
309,2024-02-01,320.0
311,2024-02-01,360.0
312,2024-02-01,500.0
313,2024-02-01,100.0
314,2024-02-01,520.0
315,2024-02-01,360.0
316,2024-02-01,320.0
317,2024-02-01,920.0
318,2024-02-01,390.0
319,2024-02-01,590.0
320,2024-02-01,300.0
321,2024-02-01,380.0
322,2024-02-01,860.0
323,2024-02-01,1850.0
324,2024-02-01,510.0
325,2024-02-01,710.0
326,2024-02-01,310.0
327,2024-02-01,190.0
328,2024-02-01,2460.0
329,2024-02-01,270.0
330,2024-02-01,310.0
331,2024-02-01,650.0
332,2024-02-01,220.0
333,2024-02-01,730.0
334,2024-02-01,820.0
335,2024-02-01,310.0
336,2024-02-01,740.0
337,2024-02-01,410.0
338,2024-02-01,460.0
340,2024-02-01,530.0
341,2024-02-01,180.0
342,2024-02-01,1610.0
343,2024-02-01,730.0
344,2024-02-01,2150.0
345,2024-02-01,630.0
346,2024-02-01,930.0
347,2024-02-01,1060.0
348,2024-02-01,520.0
349,2024-02-01,1130.0
350,2024-02-01,560.0
351,2024-02-01,700.0
352,2024-02-01,1670.0
353,2024-02-01,770.0
354,2024-02-01,170.0
355,2024-02-01,270.0
356,2024-02-01,730.0
357,2024-02-01,720.0
358,2024-02-01,310.0
359,2024-02-01,230.0
360,2024-02-01,250.0
361,2024-02-01,590.0
362,2024-02-01,840.0
363,2024-02-01,430.0
364,2024-02-01,430.0
365,2024-02-01,560.0
366,2024-02-01,620.0
367,2024-02-01,400.0
368,2024-02-01,210.0
369,2024-02-01,800.0
370,2024-02-01,220.0
371,2024-02-01,190.0
372,2024-02-01,150.0
373,2024-02-01,530.0
374,2024-02-01,530.0
375,2024-02-01,380.0
376,2024-02-01,320.0
377,2024-02-01,190.0
378,2024-02-01,240.0
379,2024-02-01,640.0
380,2024-02-01,820.0
381,2024-02-01,310.0
382,2024-02-01,650.0
383,2024-02-01,470.0
1,2024-03-01,420.0
2,2024-03-01,390.0
5,2024-03-01,480.0
6,2024-03-01,270.0
7,2024-03-01,930.0
8,2024-03-01,70.0
9,2024-03-01,480.0
10,2024-03-01,640.0
11,2024-03-01,1180.0
12,2024-03-01,960.0
13,2024-03-01,600.0
14,2024-03-01,620.0
16,2024-03-01,1490.0
17,2024-03-01,610.0
18,2024-03-01,680.0
19,2024-03-01,1070.0
20,2024-03-01,440.0
21,2024-03-01,380.0
22,2024-03-01,890.0
23,2024-03-01,710.0
24,2024-03-01,420.0
25,2024-03-01,370.0
26,2024-03-01,1120.0
27,2024-03-01,560.0
28,2024-03-01,230.0
29,2024-03-01,700.0
32,2024-03-01,360.0
33,2024-03-01,1250.0
35,2024-03-01,180.0
36,2024-03-01,480.0
38,2024-03-01,520.0
39,2024-03-01,300.0
40,2024-03-01,940.0
42,2024-03-01,1080.0
44,2024-03-01,300.0
46,2024-03-01,400.0
47,2024-03-01,520.0
49,2024-03-01,520.0
50,2024-03-01,1000.0
52,2024-03-01,660.0
55,2024-03-01,800.0
56,2024-03-01,620.0
58,2024-03-01,210.0
60,2024-03-01,190.0
61,2024-03-01,710.0
62,2024-03-01,550.0
63,2024-03-01,510.0
64,2024-03-01,300.0
65,2024-03-01,670.0
66,2024-03-01,2900.0
67,2024-03-01,1040.0
68,2024-03-01,690.0
71,2024-03-01,1130.0
72,2024-03-01,160.0
73,2024-03-01,1010.0
74,2024-03-01,930.0
75,2024-03-01,360.0
76,2024-03-01,430.0
77,2024-03-01,1590.0
78,2024-03-01,370.0
79,2024-03-01,760.0
80,2024-03-01,450.0
81,2024-03-01,390.0
82,2024-03-01,330.0
83,2024-03-01,1120.0
84,2024-03-01,370.0
85,2024-03-01,520.0
86,2024-03-01,570.0
87,2024-03-01,540.0
90,2024-03-01,1010.0
91,2024-03-01,230.0
92,2024-03-01,1170.0
94,2024-03-01,210.0
95,2024-03-01,240.0
96,2024-03-01,570.0
97,2024-03-01,370.0
98,2024-03-01,440.0
99,2024-03-01,970.0
100,2024-03-01,930.0
103,2024-03-01,650.0
104,2024-03-01,420.0
105,2024-03-01,260.0
106,2024-03-01,860.0
107,2024-03-01,540.0
109,2024-03-01,570.0
110,2024-03-01,640.0
112,2024-03-01,1370.0
113,2024-03-01,440.0
114,2024-03-01,1410.0
115,2024-03-01,250.0
116,2024-03-01,740.0
117,2024-03-01,360.0
118,2024-03-01,700.0
119,2024-03-01,690.0
120,2024-03-01,250.0
121,2024-03-01,440.0
122,2024-03-01,360.0
123,2024-03-01,120.0
125,2024-03-01,710.0
126,2024-03-01,890.0
127,2024-03-01,890.0
128,2024-03-01,720.0
129,2024-03-01,780.0
130,2024-03-01,440.0
131,2024-03-01,550.0
132,2024-03-01,290.0
133,2024-03-01,680.0
134,2024-03-01,550.0
135,2024-03-01,1240.0
136,2024-03-01,340.0
137,2024-03-01,870.0
138,2024-03-01,510.0
139,2024-03-01,650.0
141,2024-03-01,780.0
142,2024-03-01,380.0
143,2024-03-01,260.0
144,2024-03-01,180.0
145,2024-03-01,750.0
146,2024-03-01,180.0
147,2024-03-01,270.0
148,2024-03-01,140.0
150,2024-03-01,460.0
151,2024-03-01,570.0
152,2024-03-01,410.0
153,2024-03-01,200.0
155,2024-03-01,430.0
156,2024-03-01,440.0
157,2024-03-01,440.0
158,2024-03-01,370.0
160,2024-03-01,440.0
161,2024-03-01,500.0
162,2024-03-01,430.0
163,2024-03-01,160.0
165,2024-03-01,660.0
166,2024-03-01,280.0
167,2024-03-01,900.0
168,2024-03-01,310.0
169,2024-03-01,710.0
170,2024-03-01,550.0
171,2024-03-01,570.0
172,2024-03-01,700.0
173,2024-03-01,300.0
174,2024-03-01,470.0
175,2024-03-01,150.0
178,2024-03-01,160.0
180,2024-03-01,670.0
181,2024-03-01,370.0
182,2024-03-01,1610.0
183,2024-03-01,250.0
184,2024-03-01,550.0
185,2024-03-01,220.0
187,2024-03-01,270.0
188,2024-03-01,890.0
189,2024-03-01,350.0
190,2024-03-01,440.0
191,2024-03-01,520.0
192,2024-03-01,480.0
193,2024-03-01,310.0
194,2024-03-01,1350.0
195,2024-03-01,900.0
196,2024-03-01,420.0
197,2024-03-01,240.0
198,2024-03-01,510.0
199,2024-03-01,1240.0
200,2024-03-01,180.0
201,2024-03-01,450.0
202,2024-03-01,260.0
205,2024-03-01,440.0
206,2024-03-01,920.0
207,2024-03-01,1520.0
208,2024-03-01,520.0
209,2024-03-01,720.0
211,2024-03-01,550.0
212,2024-03-01,290.0
213,2024-03-01,420.0
214,2024-03-01,960.0
215,2024-03-01,330.0
216,2024-03-01,1380.0
217,2024-03-01,1120.0
218,2024-03-01,220.0
219,2024-03-01,270.0
220,2024-03-01,1160.0
221,2024-03-01,400.0
222,2024-03-01,390.0
223,2024-03-01,920.0
224,2024-03-01,340.0
226,2024-03-01,620.0
227,2024-03-01,370.0
228,2024-03-01,710.0
229,2024-03-01,260.0
230,2024-03-01,830.0
231,2024-03-01,440.0
232,2024-03-01,260.0
233,2024-03-01,350.0
234,2024-03-01,400.0
235,2024-03-01,780.0
236,2024-03-01,1100.0
237,2024-03-01,2280.0
238,2024-03-01,1250.0
239,2024-03-01,970.0
240,2024-03-01,260.0
241,2024-03-01,310.0
242,2024-03-01,130.0
243,2024-03-01,280.0
244,2024-03-01,550.0
246,2024-03-01,1370.0
247,2024-03-01,260.0
249,2024-03-01,530.0
250,2024-03-01,660.0
251,2024-03-01,110.0
253,2024-03-01,390.0
254,2024-03-01,430.0
255,2024-03-01,430.0
256,2024-03-01,660.0
257,2024-03-01,160.0
258,2024-03-01,740.0
259,2024-03-01,410.0
260,2024-03-01,810.0
264,2024-03-01,360.0
265,2024-03-01,230.0
266,2024-03-01,540.0
267,2024-03-01,690.0
268,2024-03-01,210.0
269,2024-03-01,300.0
270,2024-03-01,1090.0
271,2024-03-01,400.0
272,2024-03-01,230.0
273,2024-03-01,600.0
274,2024-03-01,380.0
275,2024-03-01,520.0
276,2024-03-01,480.0
277,2024-03-01,480.0
278,2024-03-01,360.0
279,2024-03-01,260.0
280,2024-03-01,330.0
281,2024-03-01,670.0
282,2024-03-01,690.0
283,2024-03-01,230.0
284,2024-03-01,520.0
285,2024-03-01,810.0
286,2024-03-01,950.0
287,2024-03-01,450.0
288,2024-03-01,790.0
289,2024-03-01,200.0
290,2024-03-01,170.0
291,2024-03-01,340.0
292,2024-03-01,290.0
293,2024-03-01,390.0
294,2024-03-01,420.0
296,2024-03-01,1080.0
297,2024-03-01,250.0
298,2024-03-01,960.0
300,2024-03-01,250.0
301,2024-03-01,240.0
302,2024-03-01,830.0
304,2024-03-01,350.0
305,2024-03-01,970.0
306,2024-03-01,350.0
307,2024-03-01,330.0
308,2024-03-01,220.0
309,2024-03-01,320.0
311,2024-03-01,360.0
312,2024-03-01,500.0
313,2024-03-01,100.0
314,2024-03-01,520.0
315,2024-03-01,360.0
316,2024-03-01,320.0
317,2024-03-01,920.0
318,2024-03-01,390.0
319,2024-03-01,590.0
320,2024-03-01,300.0
321,2024-03-01,380.0
322,2024-03-01,860.0
323,2024-03-01,1850.0
324,2024-03-01,510.0
325,2024-03-01,710.0
326,2024-03-01,310.0
327,2024-03-01,190.0
328,2024-03-01,2460.0
329,2024-03-01,270.0
330,2024-03-01,310.0
331,2024-03-01,650.0
332,2024-03-01,220.0
333,2024-03-01,730.0
334,2024-03-01,820.0
335,2024-03-01,310.0
336,2024-03-01,740.0
337,2024-03-01,410.0
338,2024-03-01,460.0
340,2024-03-01,530.0
341,2024-03-01,180.0
342,2024-03-01,1610.0
343,2024-03-01,730.0
344,2024-03-01,2150.0
345,2024-03-01,630.0
346,2024-03-01,930.0
347,2024-03-01,1060.0
348,2024-03-01,520.0
349,2024-03-01,1130.0
350,2024-03-01,560.0
351,2024-03-01,700.0
352,2024-03-01,1670.0
353,2024-03-01,770.0
354,2024-03-01,170.0
355,2024-03-01,270.0
356,2024-03-01,730.0
357,2024-03-01,720.0
358,2024-03-01,310.0
359,2024-03-01,230.0
360,2024-03-01,250.0
361,2024-03-01,590.0
362,2024-03-01,840.0
363,2024-03-01,430.0
364,2024-03-01,430.0
365,2024-03-01,560.0
366,2024-03-01,620.0
367,2024-03-01,400.0
368,2024-03-01,210.0
369,2024-03-01,800.0
370,2024-03-01,220.0
371,2024-03-01,190.0
372,2024-03-01,150.0
373,2024-03-01,530.0
374,2024-03-01,530.0
375,2024-03-01,380.0
376,2024-03-01,320.0
377,2024-03-01,190.0
378,2024-03-01,240.0
379,2024-03-01,640.0
380,2024-03-01,820.0
381,2024-03-01,310.0
382,2024-03-01,650.0
383,2024-03-01,470.0
384,2024-03-01,310.0
385,2024-03-01,840.0
386,2024-03-01,230.0
387,2024-03-01,920.0
388,2024-03-01,240.0
389,2024-03-01,1080.0
390,2024-03-01,350.0
391,2024-03-01,230.0
392,2024-03-01,280.0
393,2024-03-01,250.0
394,2024-03-01,300.0
395,2024-03-01,1270.0
396,2024-03-01,460.0
397,2024-03-01,430.0
398,2024-03-01,820.0
399,2024-03-01,450.0
400,2024-03-01,820.0
401,2024-03-01,440.0
402,2024-03-01,240.0
403,2024-03-01,240.0
404,2024-03-01,160.0
405,2024-03-01,420.0
406,2024-03-01,310.0
407,2024-03-01,420.0
408,2024-03-01,420.0
409,2024-03-01,260.0
410,2024-03-01,470.0
411,2024-03-01,480.0
412,2024-03-01,590.0
1,2024-04-01,420.0
2,2024-04-01,390.0
5,2024-04-01,480.0
6,2024-04-01,270.0
7,2024-04-01,930.0
8,2024-04-01,70.0
9,2024-04-01,480.0
10,2024-04-01,640.0
11,2024-04-01,1180.0
12,2024-04-01,960.0
13,2024-04-01,600.0
14,2024-04-01,620.0
16,2024-04-01,1490.0
17,2024-04-01,610.0
18,2024-04-01,680.0
19,2024-04-01,1070.0
20,2024-04-01,440.0
21,2024-04-01,560.0
22,2024-04-01,890.0
23,2024-04-01,710.0
24,2024-04-01,420.0
25,2024-04-01,370.0
26,2024-04-01,1120.0
27,2024-04-01,720.0
28,2024-04-01,230.0
29,2024-04-01,700.0
32,2024-04-01,360.0
33,2024-04-01,1250.0
35,2024-04-01,180.0
36,2024-04-01,480.0
38,2024-04-01,520.0
39,2024-04-01,300.0
40,2024-04-01,940.0
42,2024-04-01,1080.0
44,2024-04-01,300.0
46,2024-04-01,400.0
47,2024-04-01,520.0
49,2024-04-01,520.0
52,2024-04-01,990.0
55,2024-04-01,800.0
56,2024-04-01,620.0
58,2024-04-01,210.0
60,2024-04-01,190.0
61,2024-04-01,710.0
62,2024-04-01,550.0
63,2024-04-01,510.0
64,2024-04-01,300.0
65,2024-04-01,670.0
66,2024-04-01,2900.0
67,2024-04-01,1040.0
68,2024-04-01,690.0
71,2024-04-01,1130.0
72,2024-04-01,160.0
73,2024-04-01,1010.0
74,2024-04-01,930.0
75,2024-04-01,360.0
76,2024-04-01,430.0
77,2024-04-01,1590.0
78,2024-04-01,370.0
79,2024-04-01,760.0
80,2024-04-01,450.0
81,2024-04-01,390.0
82,2024-04-01,330.0
83,2024-04-01,1120.0
84,2024-04-01,370.0
85,2024-04-01,520.0
86,2024-04-01,570.0
87,2024-04-01,540.0
90,2024-04-01,1010.0
91,2024-04-01,230.0
92,2024-04-01,1750.0
94,2024-04-01,210.0
95,2024-04-01,240.0
96,2024-04-01,570.0
97,2024-04-01,430.0
98,2024-04-01,440.0
99,2024-04-01,970.0
100,2024-04-01,930.0
103,2024-04-01,650.0
104,2024-04-01,420.0
105,2024-04-01,260.0
106,2024-04-01,860.0
107,2024-04-01,540.0
109,2024-04-01,570.0
110,2024-04-01,950.0
112,2024-04-01,1370.0
113,2024-04-01,440.0
114,2024-04-01,1410.0
115,2024-04-01,300.0
116,2024-04-01,740.0
117,2024-04-01,360.0
118,2024-04-01,700.0
119,2024-04-01,690.0
120,2024-04-01,250.0
121,2024-04-01,440.0
122,2024-04-01,360.0
123,2024-04-01,120.0
125,2024-04-01,710.0
126,2024-04-01,890.0
127,2024-04-01,890.0
128,2024-04-01,720.0
129,2024-04-01,780.0
130,2024-04-01,440.0
131,2024-04-01,550.0
132,2024-04-01,290.0
133,2024-04-01,680.0
134,2024-04-01,550.0
135,2024-04-01,1240.0
136,2024-04-01,340.0
137,2024-04-01,870.0
138,2024-04-01,710.0
139,2024-04-01,650.0
141,2024-04-01,780.0
143,2024-04-01,260.0
144,2024-04-01,180.0
145,2024-04-01,750.0
146,2024-04-01,180.0
147,2024-04-01,270.0
148,2024-04-01,180.0
150,2024-04-01,460.0
151,2024-04-01,570.0
152,2024-04-01,410.0
153,2024-04-01,200.0
155,2024-04-01,430.0
156,2024-04-01,440.0
157,2024-04-01,440.0
158,2024-04-01,370.0
160,2024-04-01,440.0
161,2024-04-01,500.0
162,2024-04-01,430.0
163,2024-04-01,160.0
165,2024-04-01,660.0
166,2024-04-01,280.0
167,2024-04-01,900.0
168,2024-04-01,310.0
169,2024-04-01,710.0
170,2024-04-01,550.0
171,2024-04-01,430.0
172,2024-04-01,700.0
173,2024-04-01,300.0
174,2024-04-01,470.0
175,2024-04-01,150.0
178,2024-04-01,160.0
180,2024-04-01,670.0
181,2024-04-01,370.0
182,2024-04-01,1610.0
183,2024-04-01,250.0
184,2024-04-01,550.0
185,2024-04-01,220.0
187,2024-04-01,270.0
188,2024-04-01,890.0
189,2024-04-01,350.0
190,2024-04-01,440.0
191,2024-04-01,520.0
192,2024-04-01,480.0
193,2024-04-01,310.0
194,2024-04-01,1350.0
195,2024-04-01,710.0
196,2024-04-01,420.0
197,2024-04-01,240.0
198,2024-04-01,510.0
199,2024-04-01,1240.0
200,2024-04-01,180.0
201,2024-04-01,450.0
202,2024-04-01,260.0
205,2024-04-01,440.0
206,2024-04-01,920.0
207,2024-04-01,1520.0
208,2024-04-01,520.0
209,2024-04-01,720.0
211,2024-04-01,550.0
212,2024-04-01,430.0
213,2024-04-01,420.0
214,2024-04-01,960.0
215,2024-04-01,330.0
216,2024-04-01,1380.0
217,2024-04-01,1120.0
218,2024-04-01,220.0
219,2024-04-01,270.0
220,2024-04-01,1160.0
221,2024-04-01,400.0
222,2024-04-01,390.0
223,2024-04-01,920.0
224,2024-04-01,340.0
226,2024-04-01,620.0
227,2024-04-01,470.0
228,2024-04-01,710.0
229,2024-04-01,260.0
230,2024-04-01,830.0
231,2024-04-01,440.0
232,2024-04-01,260.0
233,2024-04-01,350.0
234,2024-04-01,400.0
235,2024-04-01,780.0
236,2024-04-01,1100.0
237,2024-04-01,2280.0
238,2024-04-01,1250.0
239,2024-04-01,970.0
240,2024-04-01,260.0
241,2024-04-01,310.0
242,2024-04-01,130.0
243,2024-04-01,280.0
244,2024-04-01,550.0
246,2024-04-01,1370.0
247,2024-04-01,260.0
249,2024-04-01,530.0
250,2024-04-01,660.0
251,2024-04-01,110.0
253,2024-04-01,390.0
254,2024-04-01,430.0
255,2024-04-01,430.0
256,2024-04-01,660.0
257,2024-04-01,160.0
258,2024-04-01,740.0
259,2024-04-01,410.0
260,2024-04-01,810.0
264,2024-04-01,360.0
265,2024-04-01,230.0
266,2024-04-01,540.0
267,2024-04-01,690.0
268,2024-04-01,210.0
269,2024-04-01,300.0
270,2024-04-01,1090.0
271,2024-04-01,400.0
272,2024-04-01,230.0
273,2024-04-01,600.0
274,2024-04-01,380.0
275,2024-04-01,520.0
276,2024-04-01,480.0
277,2024-04-01,480.0
278,2024-04-01,360.0
279,2024-04-01,260.0
280,2024-04-01,330.0
281,2024-04-01,670.0
282,2024-04-01,690.0
283,2024-04-01,230.0
284,2024-04-01,520.0
285,2024-04-01,810.0
286,2024-04-01,950.0
287,2024-04-01,450.0
288,2024-04-01,790.0
289,2024-04-01,200.0
290,2024-04-01,170.0
291,2024-04-01,340.0
292,2024-04-01,290.0
293,2024-04-01,390.0
294,2024-04-01,420.0
296,2024-04-01,1080.0
297,2024-04-01,250.0
298,2024-04-01,960.0
300,2024-04-01,250.0
301,2024-04-01,240.0
302,2024-04-01,830.0
304,2024-04-01,350.0
305,2024-04-01,970.0
306,2024-04-01,350.0
307,2024-04-01,330.0
308,2024-04-01,220.0
309,2024-04-01,250.0
311,2024-04-01,360.0
312,2024-04-01,500.0
313,2024-04-01,100.0
314,2024-04-01,520.0
315,2024-04-01,360.0
316,2024-04-01,320.0
317,2024-04-01,920.0
318,2024-04-01,390.0
319,2024-04-01,590.0
320,2024-04-01,250.0
321,2024-04-01,380.0
322,2024-04-01,860.0
323,2024-04-01,1850.0
324,2024-04-01,510.0
325,2024-04-01,710.0
326,2024-04-01,310.0
327,2024-04-01,190.0
328,2024-04-01,2460.0
329,2024-04-01,270.0
330,2024-04-01,310.0
331,2024-04-01,650.0
332,2024-04-01,220.0
333,2024-04-01,730.0
334,2024-04-01,1220.0
335,2024-04-01,310.0
336,2024-04-01,740.0
337,2024-04-01,410.0
338,2024-04-01,460.0
340,2024-04-01,530.0
341,2024-04-01,180.0
342,2024-04-01,1610.0
343,2024-04-01,730.0
344,2024-04-01,2150.0
345,2024-04-01,630.0
346,2024-04-01,930.0
347,2024-04-01,1060.0
348,2024-04-01,520.0
349,2024-04-01,1130.0
350,2024-04-01,560.0
351,2024-04-01,700.0
352,2024-04-01,1670.0
353,2024-04-01,770.0
354,2024-04-01,170.0
355,2024-04-01,270.0
356,2024-04-01,730.0
357,2024-04-01,720.0
358,2024-04-01,310.0
359,2024-04-01,230.0
360,2024-04-01,250.0
361,2024-04-01,590.0
362,2024-04-01,840.0
363,2024-04-01,430.0
364,2024-04-01,430.0
365,2024-04-01,560.0
366,2024-04-01,620.0
367,2024-04-01,400.0
368,2024-04-01,210.0
369,2024-04-01,800.0
370,2024-04-01,220.0
371,2024-04-01,190.0
372,2024-04-01,150.0
373,2024-04-01,530.0
374,2024-04-01,530.0
375,2024-04-01,380.0
376,2024-04-01,320.0
377,2024-04-01,190.0
378,2024-04-01,240.0
379,2024-04-01,640.0
380,2024-04-01,820.0
381,2024-04-01,310.0
382,2024-04-01,650.0
383,2024-04-01,370.0
384,2024-04-01,310.0
385,2024-04-01,840.0
386,2024-04-01,230.0
387,2024-04-01,920.0
388,2024-04-01,240.0
389,2024-04-01,1080.0
390,2024-04-01,350.0
391,2024-04-01,230.0
392,2024-04-01,280.0
393,2024-04-01,250.0
394,2024-04-01,300.0
395,2024-04-01,1270.0
396,2024-04-01,460.0
397,2024-04-01,640.0
398,2024-04-01,820.0
399,2024-04-01,450.0
400,2024-04-01,820.0
401,2024-04-01,440.0
402,2024-04-01,240.0
403,2024-04-01,240.0
404,2024-04-01,160.0
405,2024-04-01,420.0
406,2024-04-01,310.0
407,2024-04-01,320.0
408,2024-04-01,420.0
409,2024-04-01,260.0
410,2024-04-01,470.0
411,2024-04-01,480.0
412,2024-04-01,590.0
413,2024-04-01,780.0
414,2024-04-01,100.0
415,2024-04-01,480.0
416,2024-04-01,330.0
417,2024-04-01,310.0
418,2024-04-01,260.0
419,2024-04-01,260.0
420,2024-04-01,190.0
421,2024-04-01,1100.0
422,2024-04-01,610.0
423,2024-04-01,1270.0
424,2024-04-01,330.0
425,2024-04-01,380.0
426,2024-04-01,440.0
427,2024-04-01,340.0
428,2024-04-01,310.0
429,2024-04-01,640.0
430,2024-04-01,800.0
431,2024-04-01,270.0
432,2024-04-01,780.0
433,2024-04-01,890.0
434,2024-04-01,520.0
435,2024-04-01,680.0
436,2024-04-01,300.0
437,2024-04-01,1040.0
438,2024-04-01,510.0
439,2024-04-01,430.0
440,2024-04-01,240.0
441,2024-04-01,870.0
442,2024-04-01,170.0
443,2024-04-01,910.0
1,2024-05-01,420.0
2,2024-05-01,390.0
5,2024-05-01,480.0
6,2024-05-01,270.0
7,2024-05-01,930.0
8,2024-05-01,70.0
9,2024-05-01,480.0
10,2024-05-01,640.0
11,2024-05-01,1180.0
12,2024-05-01,960.0
13,2024-05-01,600.0
14,2024-05-01,620.0
16,2024-05-01,1490.0
17,2024-05-01,610.0
18,2024-05-01,680.0
19,2024-05-01,1070.0
20,2024-05-01,440.0
21,2024-05-01,560.0
22,2024-05-01,890.0
23,2024-05-01,710.0
24,2024-05-01,420.0
25,2024-05-01,370.0
26,2024-05-01,1120.0
27,2024-05-01,720.0
28,2024-05-01,230.0
29,2024-05-01,700.0
32,2024-05-01,360.0
33,2024-05-01,1250.0
35,2024-05-01,180.0
36,2024-05-01,480.0
38,2024-05-01,520.0
39,2024-05-01,300.0
40,2024-05-01,940.0
42,2024-05-01,1080.0
44,2024-05-01,300.0
46,2024-05-01,400.0
47,2024-05-01,520.0
49,2024-05-01,520.0
52,2024-05-01,990.0
55,2024-05-01,800.0
56,2024-05-01,620.0
58,2024-05-01,210.0
60,2024-05-01,190.0
61,2024-05-01,710.0
62,2024-05-01,550.0
63,2024-05-01,510.0
64,2024-05-01,300.0
65,2024-05-01,520.0
66,2024-05-01,2900.0
67,2024-05-01,1430.0
68,2024-05-01,930.0
71,2024-05-01,1130.0
72,2024-05-01,160.0
73,2024-05-01,1010.0
74,2024-05-01,930.0
75,2024-05-01,360.0
76,2024-05-01,430.0
77,2024-05-01,1590.0
78,2024-05-01,370.0
79,2024-05-01,760.0
80,2024-05-01,450.0
81,2024-05-01,390.0
82,2024-05-01,330.0
83,2024-05-01,1120.0
84,2024-05-01,370.0
85,2024-05-01,520.0
86,2024-05-01,570.0
87,2024-05-01,540.0
90,2024-05-01,1010.0
91,2024-05-01,230.0
92,2024-05-01,1750.0
94,2024-05-01,210.0
95,2024-05-01,240.0
96,2024-05-01,570.0
97,2024-05-01,430.0
98,2024-05-01,440.0
99,2024-05-01,970.0
100,2024-05-01,1220.0
103,2024-05-01,890.0
104,2024-05-01,330.0
105,2024-05-01,260.0
106,2024-05-01,860.0
107,2024-05-01,540.0
109,2024-05-01,570.0
110,2024-05-01,950.0
112,2024-05-01,1370.0
113,2024-05-01,440.0
114,2024-05-01,1410.0
115,2024-05-01,300.0
116,2024-05-01,740.0
117,2024-05-01,360.0
118,2024-05-01,810.0
119,2024-05-01,690.0
120,2024-05-01,180.0
121,2024-05-01,440.0
122,2024-05-01,360.0
123,2024-05-01,120.0
125,2024-05-01,960.0
126,2024-05-01,890.0
127,2024-05-01,890.0
128,2024-05-01,720.0
129,2024-05-01,780.0
130,2024-05-01,370.0
131,2024-05-01,550.0
132,2024-05-01,290.0
133,2024-05-01,680.0
134,2024-05-01,640.0
135,2024-05-01,1240.0
136,2024-05-01,340.0
138,2024-05-01,820.0
139,2024-05-01,650.0
141,2024-05-01,780.0
143,2024-05-01,260.0
144,2024-05-01,180.0
145,2024-05-01,750.0
146,2024-05-01,180.0
148,2024-05-01,180.0
150,2024-05-01,460.0
151,2024-05-01,570.0
152,2024-05-01,410.0
153,2024-05-01,200.0
155,2024-05-01,430.0
156,2024-05-01,440.0
157,2024-05-01,440.0
160,2024-05-01,440.0
161,2024-05-01,500.0
162,2024-05-01,430.0
163,2024-05-01,160.0
165,2024-05-01,660.0
166,2024-05-01,280.0
167,2024-05-01,900.0
168,2024-05-01,310.0
169,2024-05-01,710.0
170,2024-05-01,550.0
171,2024-05-01,430.0
172,2024-05-01,700.0
173,2024-05-01,300.0
174,2024-05-01,470.0
175,2024-05-01,150.0
178,2024-05-01,160.0
180,2024-05-01,670.0
181,2024-05-01,370.0
182,2024-05-01,1610.0
184,2024-05-01,550.0
185,2024-05-01,220.0
187,2024-05-01,270.0
188,2024-05-01,890.0
189,2024-05-01,350.0
190,2024-05-01,440.0
191,2024-05-01,520.0
192,2024-05-01,480.0
193,2024-05-01,310.0
194,2024-05-01,1350.0
195,2024-05-01,710.0
196,2024-05-01,420.0
197,2024-05-01,240.0
198,2024-05-01,510.0
199,2024-05-01,940.0
200,2024-05-01,180.0
201,2024-05-01,360.0
202,2024-05-01,260.0
205,2024-05-01,440.0
206,2024-05-01,920.0
207,2024-05-01,1520.0
208,2024-05-01,520.0
209,2024-05-01,720.0
211,2024-05-01,550.0
212,2024-05-01,430.0
213,2024-05-01,420.0
214,2024-05-01,960.0
215,2024-05-01,330.0
216,2024-05-01,1380.0
217,2024-05-01,1120.0
218,2024-05-01,220.0
219,2024-05-01,270.0
220,2024-05-01,1160.0
221,2024-05-01,400.0
222,2024-05-01,390.0
223,2024-05-01,920.0
224,2024-05-01,340.0
226,2024-05-01,620.0
227,2024-05-01,470.0
228,2024-05-01,710.0
229,2024-05-01,260.0
230,2024-05-01,830.0
231,2024-05-01,440.0
232,2024-05-01,260.0
233,2024-05-01,350.0
234,2024-05-01,400.0
235,2024-05-01,780.0
236,2024-05-01,1100.0
237,2024-05-01,2280.0
238,2024-05-01,1250.0
239,2024-05-01,970.0
240,2024-05-01,260.0
241,2024-05-01,310.0
242,2024-05-01,130.0
243,2024-05-01,280.0
244,2024-05-01,550.0
246,2024-05-01,1370.0
247,2024-05-01,260.0
249,2024-05-01,530.0
250,2024-05-01,660.0
251,2024-05-01,110.0
253,2024-05-01,390.0
254,2024-05-01,430.0
255,2024-05-01,430.0
256,2024-05-01,660.0
257,2024-05-01,160.0
258,2024-05-01,740.0
259,2024-05-01,410.0
260,2024-05-01,810.0
264,2024-05-01,360.0
265,2024-05-01,230.0
266,2024-05-01,540.0
267,2024-05-01,690.0
268,2024-05-01,210.0
269,2024-05-01,300.0
270,2024-05-01,1090.0
271,2024-05-01,400.0
272,2024-05-01,230.0
273,2024-05-01,600.0
274,2024-05-01,380.0
275,2024-05-01,520.0
276,2024-05-01,480.0
277,2024-05-01,480.0
278,2024-05-01,360.0
279,2024-05-01,260.0
280,2024-05-01,330.0
281,2024-05-01,670.0
282,2024-05-01,690.0
283,2024-05-01,230.0
284,2024-05-01,520.0
285,2024-05-01,810.0
286,2024-05-01,950.0
287,2024-05-01,450.0
288,2024-05-01,790.0
289,2024-05-01,200.0
290,2024-05-01,170.0
291,2024-05-01,340.0
292,2024-05-01,290.0
293,2024-05-01,390.0
294,2024-05-01,420.0
296,2024-05-01,1080.0
297,2024-05-01,250.0
298,2024-05-01,960.0
300,2024-05-01,250.0
301,2024-05-01,240.0
302,2024-05-01,830.0
304,2024-05-01,350.0
305,2024-05-01,970.0
306,2024-05-01,350.0
307,2024-05-01,330.0
308,2024-05-01,220.0
309,2024-05-01,250.0
311,2024-05-01,360.0
312,2024-05-01,500.0
313,2024-05-01,100.0
314,2024-05-01,520.0
315,2024-05-01,360.0
316,2024-05-01,320.0
317,2024-05-01,920.0
318,2024-05-01,390.0
319,2024-05-01,590.0
320,2024-05-01,250.0
321,2024-05-01,380.0
322,2024-05-01,860.0
323,2024-05-01,1850.0
324,2024-05-01,510.0
325,2024-05-01,710.0
326,2024-05-01,310.0
327,2024-05-01,190.0
328,2024-05-01,2460.0
329,2024-05-01,270.0
330,2024-05-01,310.0
331,2024-05-01,650.0
332,2024-05-01,320.0
333,2024-05-01,730.0
334,2024-05-01,1220.0
335,2024-05-01,310.0
336,2024-05-01,740.0
337,2024-05-01,410.0
338,2024-05-01,460.0
340,2024-05-01,530.0
341,2024-05-01,180.0
342,2024-05-01,1610.0
343,2024-05-01,730.0
344,2024-05-01,2150.0
345,2024-05-01,630.0
346,2024-05-01,930.0
347,2024-05-01,1060.0
348,2024-05-01,520.0
349,2024-05-01,1130.0
350,2024-05-01,560.0
351,2024-05-01,700.0
352,2024-05-01,1670.0
354,2024-05-01,170.0
356,2024-05-01,730.0
357,2024-05-01,720.0
358,2024-05-01,310.0
359,2024-05-01,230.0
360,2024-05-01,250.0
361,2024-05-01,590.0
362,2024-05-01,840.0
363,2024-05-01,430.0
364,2024-05-01,430.0
365,2024-05-01,560.0
366,2024-05-01,620.0
367,2024-05-01,400.0
368,2024-05-01,210.0
369,2024-05-01,800.0
370,2024-05-01,220.0
371,2024-05-01,190.0
372,2024-05-01,150.0
373,2024-05-01,530.0
374,2024-05-01,530.0
375,2024-05-01,380.0
376,2024-05-01,320.0
377,2024-05-01,190.0
379,2024-05-01,640.0
380,2024-05-01,820.0
381,2024-05-01,310.0
382,2024-05-01,650.0
383,2024-05-01,370.0
384,2024-05-01,310.0
385,2024-05-01,840.0
386,2024-05-01,230.0
387,2024-05-01,920.0
388,2024-05-01,240.0
389,2024-05-01,1080.0
390,2024-05-01,350.0
391,2024-05-01,230.0
392,2024-05-01,390.0
393,2024-05-01,250.0
394,2024-05-01,300.0
395,2024-05-01,1270.0
396,2024-05-01,460.0
397,2024-05-01,640.0
398,2024-05-01,820.0
399,2024-05-01,450.0
400,2024-05-01,820.0
401,2024-05-01,440.0
402,2024-05-01,240.0
403,2024-05-01,330.0
404,2024-05-01,160.0
405,2024-05-01,420.0
406,2024-05-01,310.0
407,2024-05-01,320.0
408,2024-05-01,420.0
409,2024-05-01,300.0
410,2024-05-01,470.0
411,2024-05-01,480.0
412,2024-05-01,590.0
414,2024-05-01,100.0
415,2024-05-01,480.0
416,2024-05-01,330.0
417,2024-05-01,310.0
418,2024-05-01,260.0
419,2024-05-01,260.0
420,2024-05-01,190.0
421,2024-05-01,1100.0
422,2024-05-01,610.0
423,2024-05-01,1860.0
424,2024-05-01,400.0
425,2024-05-01,380.0
426,2024-05-01,440.0
427,2024-05-01,340.0
428,2024-05-01,310.0
429,2024-05-01,640.0
430,2024-05-01,800.0
431,2024-05-01,270.0
432,2024-05-01,780.0
433,2024-05-01,890.0
434,2024-05-01,520.0
435,2024-05-01,680.0
436,2024-05-01,300.0
437,2024-05-01,1040.0
438,2024-05-01,510.0
439,2024-05-01,430.0
440,2024-05-01,240.0
441,2024-05-01,870.0
442,2024-05-01,170.0
443,2024-05-01,910.0
444,2024-05-01,240.0
445,2024-05-01,390.0
446,2024-05-01,290.0
447,2024-05-01,230.0
448,2024-05-01,790.0
449,2024-05-01,480.0
450,2024-05-01,350.0
451,2024-05-01,550.0
452,2024-05-01,920.0
453,2024-05-01,370.0
454,2024-05-01,250.0
455,2024-05-01,800.0
456,2024-05-01,540.0
457,2024-05-01,310.0
458,2024-05-01,180.0
459,2024-05-01,640.0
460,2024-05-01,220.0
461,2024-05-01,700.0
462,2024-05-01,580.0
463,2024-05-01,230.0
464,2024-05-01,680.0
465,2024-05-01,1120.0
466,2024-05-01,650.0
467,2024-05-01,550.0
468,2024-05-01,1160.0
469,2024-05-01,480.0
470,2024-05-01,270.0
471,2024-05-01,810.0
472,2024-05-01,1300.0
473,2024-05-01,580.0
474,2024-05-01,550.0
475,2024-05-01,760.0
476,2024-05-01,450.0
477,2024-05-01,150.0
478,2024-05-01,910.0
479,2024-05-01,720.0
480,2024-05-01,350.0
481,2024-05-01,350.0
1,2024-06-01,420.0
2,2024-06-01,390.0
5,2024-06-01,400.0
6,2024-06-01,270.0
7,2024-06-01,930.0
8,2024-06-01,70.0
9,2024-06-01,480.0
10,2024-06-01,640.0
11,2024-06-01,1180.0
12,2024-06-01,960.0
13,2024-06-01,600.0
14,2024-06-01,620.0
16,2024-06-01,1490.0
17,2024-06-01,610.0
18,2024-06-01,680.0
19,2024-06-01,1070.0
20,2024-06-01,440.0
21,2024-06-01,560.0
22,2024-06-01,890.0
23,2024-06-01,590.0
24,2024-06-01,420.0
25,2024-06-01,370.0
26,2024-06-01,1120.0
27,2024-06-01,720.0
28,2024-06-01,230.0
29,2024-06-01,700.0
32,2024-06-01,360.0
33,2024-06-01,1250.0
35,2024-06-01,180.0
36,2024-06-01,480.0
38,2024-06-01,520.0
39,2024-06-01,300.0
40,2024-06-01,940.0
42,2024-06-01,1080.0
44,2024-06-01,300.0
46,2024-06-01,400.0
47,2024-06-01,520.0
49,2024-06-01,520.0
52,2024-06-01,990.0
55,2024-06-01,800.0
56,2024-06-01,620.0
58,2024-06-01,210.0
60,2024-06-01,190.0
61,2024-06-01,710.0
62,2024-06-01,550.0
63,2024-06-01,510.0
64,2024-06-01,300.0
65,2024-06-01,520.0
66,2024-06-01,2900.0
67,2024-06-01,1430.0
68,2024-06-01,930.0
71,2024-06-01,1130.0
72,2024-06-01,160.0
73,2024-06-01,1010.0
74,2024-06-01,930.0
75,2024-06-01,500.0
76,2024-06-01,430.0
77,2024-06-01,1590.0
78,2024-06-01,370.0
79,2024-06-01,760.0
80,2024-06-01,450.0
81,2024-06-01,390.0
82,2024-06-01,330.0
83,2024-06-01,1120.0
84,2024-06-01,370.0
85,2024-06-01,520.0
86,2024-06-01,570.0
87,2024-06-01,540.0
90,2024-06-01,1010.0
91,2024-06-01,230.0
92,2024-06-01,1750.0
94,2024-06-01,210.0
95,2024-06-01,240.0
96,2024-06-01,570.0
97,2024-06-01,430.0
98,2024-06-01,440.0
99,2024-06-01,970.0
100,2024-06-01,1220.0
103,2024-06-01,890.0
104,2024-06-01,330.0
105,2024-06-01,260.0
106,2024-06-01,860.0
107,2024-06-01,540.0
109,2024-06-01,570.0
110,2024-06-01,950.0
112,2024-06-01,1370.0
113,2024-06-01,440.0
114,2024-06-01,1410.0
115,2024-06-01,300.0
116,2024-06-01,740.0
117,2024-06-01,360.0
118,2024-06-01,810.0
119,2024-06-01,690.0
120,2024-06-01,180.0
121,2024-06-01,440.0
122,2024-06-01,360.0
123,2024-06-01,120.0
125,2024-06-01,960.0
126,2024-06-01,890.0
127,2024-06-01,890.0
128,2024-06-01,720.0
129,2024-06-01,780.0
130,2024-06-01,370.0
131,2024-06-01,550.0
132,2024-06-01,290.0
133,2024-06-01,680.0
134,2024-06-01,640.0
135,2024-06-01,1240.0
136,2024-06-01,340.0
138,2024-06-01,820.0
139,2024-06-01,650.0
141,2024-06-01,780.0
143,2024-06-01,260.0
144,2024-06-01,180.0
145,2024-06-01,750.0
146,2024-06-01,260.0
148,2024-06-01,180.0
150,2024-06-01,460.0
151,2024-06-01,570.0
152,2024-06-01,410.0
153,2024-06-01,200.0
155,2024-06-01,430.0
156,2024-06-01,440.0
157,2024-06-01,440.0
160,2024-06-01,560.0
161,2024-06-01,500.0
162,2024-06-01,350.0
165,2024-06-01,660.0
166,2024-06-01,280.0
167,2024-06-01,900.0
168,2024-06-01,310.0
170,2024-06-01,550.0
171,2024-06-01,430.0
172,2024-06-01,700.0
173,2024-06-01,440.0
174,2024-06-01,470.0
175,2024-06-01,150.0
178,2024-06-01,160.0
180,2024-06-01,670.0
181,2024-06-01,370.0
182,2024-06-01,1610.0
184,2024-06-01,550.0
185,2024-06-01,220.0
187,2024-06-01,270.0
188,2024-06-01,890.0
189,2024-06-01,350.0
190,2024-06-01,440.0
191,2024-06-01,520.0
192,2024-06-01,370.0
193,2024-06-01,310.0
194,2024-06-01,1350.0
195,2024-06-01,710.0
196,2024-06-01,420.0
197,2024-06-01,240.0
198,2024-06-01,510.0
199,2024-06-01,940.0
200,2024-06-01,180.0
201,2024-06-01,360.0
202,2024-06-01,260.0
205,2024-06-01,440.0
206,2024-06-01,920.0
207,2024-06-01,1520.0
208,2024-06-01,520.0
209,2024-06-01,720.0
211,2024-06-01,550.0
212,2024-06-01,430.0
213,2024-06-01,420.0
214,2024-06-01,960.0
215,2024-06-01,400.0
216,2024-06-01,1380.0
217,2024-06-01,1120.0
218,2024-06-01,220.0
219,2024-06-01,270.0
220,2024-06-01,1160.0
221,2024-06-01,570.0
222,2024-06-01,390.0
223,2024-06-01,920.0
226,2024-06-01,840.0
227,2024-06-01,470.0
228,2024-06-01,710.0
229,2024-06-01,260.0
230,2024-06-01,830.0
231,2024-06-01,440.0
232,2024-06-01,260.0
233,2024-06-01,350.0
234,2024-06-01,510.0
235,2024-06-01,780.0
236,2024-06-01,1100.0
237,2024-06-01,2280.0
238,2024-06-01,1250.0
239,2024-06-01,970.0
240,2024-06-01,260.0
241,2024-06-01,310.0
242,2024-06-01,130.0
243,2024-06-01,280.0
244,2024-06-01,550.0
246,2024-06-01,1370.0
247,2024-06-01,260.0
249,2024-06-01,700.0
250,2024-06-01,660.0
251,2024-06-01,110.0
253,2024-06-01,390.0
254,2024-06-01,430.0
255,2024-06-01,510.0
256,2024-06-01,790.0
257,2024-06-01,160.0
258,2024-06-01,620.0
259,2024-06-01,410.0
260,2024-06-01,810.0
264,2024-06-01,360.0
265,2024-06-01,230.0
266,2024-06-01,540.0
267,2024-06-01,690.0
268,2024-06-01,210.0
269,2024-06-01,300.0
270,2024-06-01,1090.0
271,2024-06-01,400.0
272,2024-06-01,230.0
273,2024-06-01,600.0
274,2024-06-01,380.0
275,2024-06-01,520.0
276,2024-06-01,480.0
277,2024-06-01,480.0
278,2024-06-01,360.0
279,2024-06-01,260.0
280,2024-06-01,330.0
281,2024-06-01,670.0
282,2024-06-01,690.0
283,2024-06-01,230.0
284,2024-06-01,520.0
285,2024-06-01,810.0
286,2024-06-01,950.0
287,2024-06-01,450.0
288,2024-06-01,790.0
289,2024-06-01,200.0
290,2024-06-01,170.0
291,2024-06-01,340.0
292,2024-06-01,290.0
293,2024-06-01,390.0
294,2024-06-01,420.0
296,2024-06-01,1080.0
297,2024-06-01,250.0
298,2024-06-01,960.0
300,2024-06-01,210.0
301,2024-06-01,240.0
302,2024-06-01,830.0
304,2024-06-01,350.0
305,2024-06-01,970.0
306,2024-06-01,350.0
307,2024-06-01,330.0
308,2024-06-01,220.0
309,2024-06-01,250.0
311,2024-06-01,360.0
312,2024-06-01,500.0
313,2024-06-01,100.0
314,2024-06-01,520.0
315,2024-06-01,360.0
316,2024-06-01,320.0
317,2024-06-01,920.0
318,2024-06-01,390.0
319,2024-06-01,590.0
320,2024-06-01,250.0
321,2024-06-01,380.0
322,2024-06-01,860.0
323,2024-06-01,1850.0
324,2024-06-01,510.0
325,2024-06-01,710.0
326,2024-06-01,310.0
327,2024-06-01,190.0
328,2024-06-01,2990.0
329,2024-06-01,270.0
330,2024-06-01,360.0
331,2024-06-01,650.0
332,2024-06-01,320.0
333,2024-06-01,730.0
334,2024-06-01,1220.0
335,2024-06-01,310.0
336,2024-06-01,740.0
337,2024-06-01,410.0
338,2024-06-01,460.0
340,2024-06-01,530.0
341,2024-06-01,180.0
342,2024-06-01,1610.0
343,2024-06-01,730.0
344,2024-06-01,2150.0
345,2024-06-01,630.0
346,2024-06-01,1150.0
347,2024-06-01,1060.0
348,2024-06-01,520.0
349,2024-06-01,1130.0
350,2024-06-01,810.0
351,2024-06-01,700.0
352,2024-06-01,1670.0
354,2024-06-01,170.0
356,2024-06-01,730.0
357,2024-06-01,720.0
358,2024-06-01,310.0
359,2024-06-01,230.0
360,2024-06-01,250.0
361,2024-06-01,590.0
363,2024-06-01,430.0
364,2024-06-01,560.0
365,2024-06-01,560.0
366,2024-06-01,620.0
367,2024-06-01,600.0
368,2024-06-01,210.0
369,2024-06-01,800.0
370,2024-06-01,220.0
371,2024-06-01,190.0
372,2024-06-01,150.0
373,2024-06-01,530.0
374,2024-06-01,530.0
375,2024-06-01,380.0
376,2024-06-01,320.0
377,2024-06-01,190.0
379,2024-06-01,640.0
380,2024-06-01,820.0
381,2024-06-01,310.0
382,2024-06-01,650.0
383,2024-06-01,310.0
384,2024-06-01,310.0
385,2024-06-01,840.0
386,2024-06-01,310.0
387,2024-06-01,920.0
388,2024-06-01,240.0
389,2024-06-01,910.0
390,2024-06-01,350.0
391,2024-06-01,230.0
392,2024-06-01,390.0
393,2024-06-01,250.0
394,2024-06-01,300.0
395,2024-06-01,1270.0
396,2024-06-01,460.0
397,2024-06-01,640.0
398,2024-06-01,820.0
399,2024-06-01,450.0
400,2024-06-01,820.0
401,2024-06-01,440.0
402,2024-06-01,240.0
403,2024-06-01,330.0
404,2024-06-01,160.0
405,2024-06-01,420.0
406,2024-06-01,310.0
407,2024-06-01,320.0
408,2024-06-01,420.0
409,2024-06-01,300.0
410,2024-06-01,470.0
411,2024-06-01,480.0
412,2024-06-01,590.0
414,2024-06-01,100.0
415,2024-06-01,480.0
416,2024-06-01,330.0
417,2024-06-01,310.0
418,2024-06-01,260.0
419,2024-06-01,260.0
420,2024-06-01,190.0
421,2024-06-01,1100.0
422,2024-06-01,610.0
423,2024-06-01,1860.0
424,2024-06-01,400.0
425,2024-06-01,380.0
426,2024-06-01,440.0
428,2024-06-01,310.0
429,2024-06-01,640.0
430,2024-06-01,800.0
431,2024-06-01,270.0
432,2024-06-01,780.0
433,2024-06-01,890.0
434,2024-06-01,520.0
435,2024-06-01,680.0
436,2024-06-01,300.0
437,2024-06-01,1040.0
438,2024-06-01,510.0
439,2024-06-01,430.0
440,2024-06-01,240.0
441,2024-06-01,870.0
442,2024-06-01,170.0
443,2024-06-01,910.0
444,2024-06-01,350.0
445,2024-06-01,390.0
446,2024-06-01,290.0
447,2024-06-01,230.0
448,2024-06-01,790.0
449,2024-06-01,480.0
450,2024-06-01,350.0
451,2024-06-01,550.0
452,2024-06-01,920.0
453,2024-06-01,370.0
454,2024-06-01,250.0
455,2024-06-01,800.0
456,2024-06-01,540.0
457,2024-06-01,310.0
458,2024-06-01,180.0
459,2024-06-01,640.0
460,2024-06-01,220.0
461,2024-06-01,700.0
462,2024-06-01,580.0
463,2024-06-01,230.0
464,2024-06-01,680.0
465,2024-06-01,1120.0
466,2024-06-01,650.0
467,2024-06-01,550.0
468,2024-06-01,1160.0
469,2024-06-01,480.0
470,2024-06-01,270.0
471,2024-06-01,810.0
472,2024-06-01,1300.0
473,2024-06-01,580.0
474,2024-06-01,550.0
475,2024-06-01,760.0
476,2024-06-01,450.0
477,2024-06-01,150.0
478,2024-06-01,910.0
479,2024-06-01,720.0
480,2024-06-01,350.0
482,2024-06-01,250.0
483,2024-06-01,340.0
484,2024-06-01,110.0
485,2024-06-01,730.0
486,2024-06-01,180.0
487,2024-06-01,770.0
488,2024-06-01,510.0
489,2024-06-01,1150.0
490,2024-06-01,1300.0
491,2024-06-01,110.0
492,2024-06-01,1770.0
493,2024-06-01,150.0
494,2024-06-01,390.0
495,2024-06-01,790.0
496,2024-06-01,550.0
497,2024-06-01,1220.0
498,2024-06-01,330.0
499,2024-06-01,800.0
500,2024-06-01,540.0
501,2024-06-01,600.0
502,2024-06-01,750.0
503,2024-06-01,680.0
504,2024-06-01,630.0
505,2024-06-01,310.0
506,2024-06-01,1220.0
507,2024-06-01,940.0
508,2024-06-01,490.0
509,2024-06-01,590.0
510,2024-06-01,290.0
511,2024-06-01,280.0
1,2024-07-01,420.0
2,2024-07-01,390.0
5,2024-07-01,400.0
6,2024-07-01,270.0
7,2024-07-01,930.0
8,2024-07-01,70.0
9,2024-07-01,480.0
10,2024-07-01,640.0
11,2024-07-01,1180.0
12,2024-07-01,960.0
13,2024-07-01,600.0
14,2024-07-01,620.0
16,2024-07-01,1490.0
17,2024-07-01,610.0
18,2024-07-01,680.0
19,2024-07-01,1070.0
20,2024-07-01,440.0
21,2024-07-01,560.0
22,2024-07-01,890.0
23,2024-07-01,590.0
24,2024-07-01,420.0
25,2024-07-01,370.0
26,2024-07-01,1120.0
27,2024-07-01,720.0
28,2024-07-01,230.0
29,2024-07-01,700.0
32,2024-07-01,360.0
33,2024-07-01,1250.0
35,2024-07-01,180.0
36,2024-07-01,480.0
38,2024-07-01,520.0
39,2024-07-01,230.0
40,2024-07-01,940.0
42,2024-07-01,1080.0
44,2024-07-01,300.0
46,2024-07-01,400.0
47,2024-07-01,520.0
49,2024-07-01,520.0
52,2024-07-01,990.0
55,2024-07-01,800.0
56,2024-07-01,620.0
58,2024-07-01,210.0
60,2024-07-01,190.0
61,2024-07-01,710.0
62,2024-07-01,550.0
63,2024-07-01,510.0
64,2024-07-01,300.0
65,2024-07-01,520.0
66,2024-07-01,2060.0
67,2024-07-01,1430.0
68,2024-07-01,930.0
71,2024-07-01,1130.0
72,2024-07-01,160.0
73,2024-07-01,1010.0
74,2024-07-01,930.0
75,2024-07-01,500.0
76,2024-07-01,430.0
77,2024-07-01,1590.0
78,2024-07-01,370.0
79,2024-07-01,760.0
80,2024-07-01,530.0
81,2024-07-01,490.0
82,2024-07-01,330.0
83,2024-07-01,1120.0
84,2024-07-01,370.0
85,2024-07-01,520.0
86,2024-07-01,570.0
87,2024-07-01,540.0
90,2024-07-01,1010.0
91,2024-07-01,330.0
92,2024-07-01,1750.0
94,2024-07-01,210.0
95,2024-07-01,240.0
96,2024-07-01,570.0
97,2024-07-01,430.0
98,2024-07-01,440.0
99,2024-07-01,970.0
100,2024-07-01,1220.0
103,2024-07-01,890.0
104,2024-07-01,330.0
105,2024-07-01,260.0
106,2024-07-01,860.0
107,2024-07-01,540.0
109,2024-07-01,570.0
110,2024-07-01,950.0
112,2024-07-01,1370.0
113,2024-07-01,440.0
114,2024-07-01,1410.0
115,2024-07-01,300.0
116,2024-07-01,740.0
117,2024-07-01,360.0
118,2024-07-01,810.0
119,2024-07-01,690.0
120,2024-07-01,180.0
121,2024-07-01,350.0
122,2024-07-01,360.0
123,2024-07-01,120.0
125,2024-07-01,960.0
126,2024-07-01,890.0
127,2024-07-01,890.0
128,2024-07-01,720.0
129,2024-07-01,780.0
130,2024-07-01,370.0
132,2024-07-01,290.0
133,2024-07-01,680.0
134,2024-07-01,640.0
135,2024-07-01,1240.0
136,2024-07-01,340.0
138,2024-07-01,820.0
139,2024-07-01,650.0
141,2024-07-01,780.0
143,2024-07-01,260.0
144,2024-07-01,180.0
145,2024-07-01,750.0
146,2024-07-01,260.0
148,2024-07-01,180.0
150,2024-07-01,460.0
151,2024-07-01,570.0
152,2024-07-01,410.0
153,2024-07-01,200.0
155,2024-07-01,430.0
156,2024-07-01,440.0
157,2024-07-01,440.0
160,2024-07-01,560.0
161,2024-07-01,500.0
162,2024-07-01,350.0
165,2024-07-01,660.0
166,2024-07-01,280.0
167,2024-07-01,900.0
168,2024-07-01,310.0
170,2024-07-01,550.0
171,2024-07-01,430.0
172,2024-07-01,700.0
173,2024-07-01,440.0
174,2024-07-01,470.0
175,2024-07-01,150.0
178,2024-07-01,220.0
180,2024-07-01,670.0
181,2024-07-01,370.0
182,2024-07-01,1610.0
184,2024-07-01,550.0
185,2024-07-01,220.0
187,2024-07-01,270.0
188,2024-07-01,890.0
189,2024-07-01,440.0
190,2024-07-01,440.0
191,2024-07-01,760.0
192,2024-07-01,370.0
193,2024-07-01,430.0
194,2024-07-01,1350.0
195,2024-07-01,710.0
196,2024-07-01,420.0
197,2024-07-01,240.0
198,2024-07-01,510.0
199,2024-07-01,940.0
200,2024-07-01,180.0
201,2024-07-01,360.0
202,2024-07-01,260.0
205,2024-07-01,440.0
206,2024-07-01,920.0
207,2024-07-01,1520.0
208,2024-07-01,520.0
209,2024-07-01,720.0
211,2024-07-01,550.0
212,2024-07-01,430.0
213,2024-07-01,420.0
214,2024-07-01,960.0
215,2024-07-01,400.0
216,2024-07-01,1380.0
217,2024-07-01,1120.0
218,2024-07-01,220.0
219,2024-07-01,270.0
220,2024-07-01,1160.0
221,2024-07-01,570.0
222,2024-07-01,390.0
223,2024-07-01,920.0
226,2024-07-01,600.0
227,2024-07-01,470.0
228,2024-07-01,710.0
229,2024-07-01,260.0
230,2024-07-01,830.0
231,2024-07-01,440.0
232,2024-07-01,190.0
233,2024-07-01,350.0
234,2024-07-01,510.0
235,2024-07-01,780.0
236,2024-07-01,1100.0
237,2024-07-01,2280.0
238,2024-07-01,1250.0
239,2024-07-01,970.0
240,2024-07-01,260.0
241,2024-07-01,310.0
242,2024-07-01,130.0
243,2024-07-01,280.0
244,2024-07-01,550.0
246,2024-07-01,1370.0
247,2024-07-01,260.0
249,2024-07-01,700.0
250,2024-07-01,660.0
251,2024-07-01,110.0
253,2024-07-01,390.0
254,2024-07-01,430.0
255,2024-07-01,510.0
256,2024-07-01,790.0
257,2024-07-01,160.0
258,2024-07-01,620.0
259,2024-07-01,410.0
260,2024-07-01,810.0
264,2024-07-01,360.0
266,2024-07-01,540.0
267,2024-07-01,690.0
268,2024-07-01,210.0
269,2024-07-01,300.0
270,2024-07-01,1090.0
271,2024-07-01,400.0
272,2024-07-01,230.0
273,2024-07-01,600.0
274,2024-07-01,380.0
275,2024-07-01,520.0
276,2024-07-01,480.0
277,2024-07-01,480.0
278,2024-07-01,360.0
279,2024-07-01,260.0
280,2024-07-01,330.0
281,2024-07-01,670.0
282,2024-07-01,690.0
283,2024-07-01,230.0
284,2024-07-01,520.0
285,2024-07-01,810.0
286,2024-07-01,950.0
287,2024-07-01,450.0
288,2024-07-01,1030.0
289,2024-07-01,200.0
290,2024-07-01,170.0
291,2024-07-01,340.0
293,2024-07-01,390.0
294,2024-07-01,420.0
296,2024-07-01,1080.0
297,2024-07-01,250.0
298,2024-07-01,960.0
300,2024-07-01,210.0
301,2024-07-01,240.0
302,2024-07-01,830.0
305,2024-07-01,970.0
306,2024-07-01,350.0
307,2024-07-01,330.0
308,2024-07-01,220.0
309,2024-07-01,250.0
311,2024-07-01,360.0
312,2024-07-01,500.0
313,2024-07-01,100.0
314,2024-07-01,520.0
315,2024-07-01,360.0
316,2024-07-01,320.0
317,2024-07-01,920.0
318,2024-07-01,390.0
319,2024-07-01,590.0
320,2024-07-01,250.0
321,2024-07-01,380.0
322,2024-07-01,860.0
323,2024-07-01,1850.0
324,2024-07-01,510.0
325,2024-07-01,710.0
326,2024-07-01,310.0
327,2024-07-01,190.0
328,2024-07-01,2990.0
329,2024-07-01,270.0
330,2024-07-01,360.0
331,2024-07-01,650.0
332,2024-07-01,320.0
333,2024-07-01,730.0
334,2024-07-01,1220.0
335,2024-07-01,310.0
336,2024-07-01,740.0
337,2024-07-01,410.0
338,2024-07-01,370.0
340,2024-07-01,530.0
341,2024-07-01,180.0
342,2024-07-01,1610.0
343,2024-07-01,730.0
344,2024-07-01,2150.0
345,2024-07-01,630.0
346,2024-07-01,1150.0
347,2024-07-01,1060.0
348,2024-07-01,520.0
349,2024-07-01,1130.0
350,2024-07-01,810.0
351,2024-07-01,700.0
352,2024-07-01,1670.0
354,2024-07-01,170.0
356,2024-07-01,730.0
358,2024-07-01,310.0
359,2024-07-01,230.0
360,2024-07-01,250.0
361,2024-07-01,590.0
363,2024-07-01,430.0
364,2024-07-01,560.0
365,2024-07-01,560.0
366,2024-07-01,620.0
367,2024-07-01,600.0
368,2024-07-01,210.0
369,2024-07-01,800.0
370,2024-07-01,220.0
371,2024-07-01,270.0
372,2024-07-01,150.0
373,2024-07-01,530.0
374,2024-07-01,530.0
375,2024-07-01,380.0
376,2024-07-01,320.0
377,2024-07-01,190.0
379,2024-07-01,640.0
380,2024-07-01,820.0
381,2024-07-01,410.0
382,2024-07-01,650.0
383,2024-07-01,310.0
384,2024-07-01,310.0
385,2024-07-01,840.0
386,2024-07-01,310.0
387,2024-07-01,920.0
388,2024-07-01,240.0
389,2024-07-01,910.0
390,2024-07-01,350.0
391,2024-07-01,230.0
392,2024-07-01,390.0
393,2024-07-01,250.0
394,2024-07-01,300.0
395,2024-07-01,1270.0
396,2024-07-01,460.0
397,2024-07-01,640.0
398,2024-07-01,820.0
399,2024-07-01,450.0
400,2024-07-01,820.0
401,2024-07-01,440.0
402,2024-07-01,240.0
403,2024-07-01,330.0
404,2024-07-01,160.0
405,2024-07-01,420.0
406,2024-07-01,310.0
407,2024-07-01,320.0
408,2024-07-01,420.0
409,2024-07-01,300.0
410,2024-07-01,470.0
411,2024-07-01,480.0
412,2024-07-01,590.0
414,2024-07-01,100.0
415,2024-07-01,480.0
416,2024-07-01,330.0
417,2024-07-01,310.0
418,2024-07-01,260.0
419,2024-07-01,260.0
420,2024-07-01,190.0
421,2024-07-01,1100.0
422,2024-07-01,610.0
423,2024-07-01,2140.0
424,2024-07-01,400.0
425,2024-07-01,380.0
426,2024-07-01,440.0
428,2024-07-01,310.0
429,2024-07-01,640.0
430,2024-07-01,800.0
431,2024-07-01,270.0
432,2024-07-01,780.0
433,2024-07-01,890.0
434,2024-07-01,410.0
435,2024-07-01,680.0
436,2024-07-01,300.0
437,2024-07-01,1040.0
438,2024-07-01,430.0
439,2024-07-01,430.0
440,2024-07-01,240.0
441,2024-07-01,870.0
442,2024-07-01,170.0
443,2024-07-01,910.0
444,2024-07-01,350.0
445,2024-07-01,390.0
446,2024-07-01,290.0
447,2024-07-01,230.0
448,2024-07-01,790.0
449,2024-07-01,480.0
450,2024-07-01,350.0
451,2024-07-01,550.0
452,2024-07-01,920.0
453,2024-07-01,370.0
454,2024-07-01,250.0
455,2024-07-01,800.0
456,2024-07-01,540.0
457,2024-07-01,310.0
458,2024-07-01,180.0
459,2024-07-01,640.0
460,2024-07-01,220.0
461,2024-07-01,700.0
462,2024-07-01,580.0
463,2024-07-01,230.0
464,2024-07-01,680.0
465,2024-07-01,1300.0
466,2024-07-01,650.0
467,2024-07-01,550.0
468,2024-07-01,1160.0
469,2024-07-01,480.0
470,2024-07-01,270.0
471,2024-07-01,810.0
472,2024-07-01,1300.0
473,2024-07-01,580.0
474,2024-07-01,550.0
475,2024-07-01,760.0
476,2024-07-01,450.0
477,2024-07-01,150.0
478,2024-07-01,910.0
479,2024-07-01,720.0
480,2024-07-01,350.0
482,2024-07-01,250.0
483,2024-07-01,340.0
484,2024-07-01,110.0
485,2024-07-01,730.0
486,2024-07-01,180.0
487,2024-07-01,770.0
488,2024-07-01,510.0
489,2024-07-01,1150.0
490,2024-07-01,1300.0
491,2024-07-01,110.0
492,2024-07-01,1770.0
493,2024-07-01,150.0
494,2024-07-01,390.0
495,2024-07-01,790.0
496,2024-07-01,550.0
497,2024-07-01,1220.0
498,2024-07-01,330.0
499,2024-07-01,800.0
500,2024-07-01,540.0
501,2024-07-01,600.0
502,2024-07-01,750.0
503,2024-07-01,680.0
504,2024-07-01,630.0
505,2024-07-01,310.0
506,2024-07-01,1220.0
507,2024-07-01,940.0
508,2024-07-01,490.0
509,2024-07-01,590.0
510,2024-07-01,290.0
511,2024-07-01,280.0
512,2024-07-01,600.0
513,2024-07-01,580.0
514,2024-07-01,520.0
515,2024-07-01,460.0
516,2024-07-01,980.0
517,2024-07-01,410.0
518,2024-07-01,470.0
519,2024-07-01,300.0
520,2024-07-01,240.0
521,2024-07-01,300.0
522,2024-07-01,470.0
523,2024-07-01,300.0
524,2024-07-01,270.0
525,2024-07-01,130.0
526,2024-07-01,430.0
527,2024-07-01,230.0
528,2024-07-01,1320.0
529,2024-07-01,750.0
530,2024-07-01,1150.0
531,2024-07-01,450.0
532,2024-07-01,220.0
533,2024-07-01,940.0
534,2024-07-01,650.0
535,2024-07-01,770.0
536,2024-07-01,250.0
537,2024-07-01,280.0
538,2024-07-01,260.0
539,2024-07-01,590.0
540,2024-07-01,170.0
541,2024-07-01,380.0
542,2024-07-01,580.0
543,2024-07-01,390.0
1,2024-08-01,420.0
2,2024-08-01,390.0
5,2024-08-01,400.0
6,2024-08-01,270.0
7,2024-08-01,1180.0
8,2024-08-01,70.0
9,2024-08-01,480.0
10,2024-08-01,640.0
11,2024-08-01,1180.0
12,2024-08-01,960.0
13,2024-08-01,600.0
14,2024-08-01,620.0
16,2024-08-01,1810.0
17,2024-08-01,610.0
18,2024-08-01,680.0
19,2024-08-01,1070.0
20,2024-08-01,440.0
21,2024-08-01,560.0
22,2024-08-01,890.0
23,2024-08-01,590.0
24,2024-08-01,420.0
25,2024-08-01,370.0
26,2024-08-01,1120.0
27,2024-08-01,720.0
28,2024-08-01,230.0
29,2024-08-01,700.0
32,2024-08-01,360.0
33,2024-08-01,1250.0
35,2024-08-01,180.0
36,2024-08-01,480.0
38,2024-08-01,520.0
39,2024-08-01,230.0
40,2024-08-01,940.0
42,2024-08-01,890.0
44,2024-08-01,300.0
46,2024-08-01,520.0
47,2024-08-01,520.0
49,2024-08-01,520.0
52,2024-08-01,1370.0
55,2024-08-01,800.0
56,2024-08-01,620.0
58,2024-08-01,270.0
60,2024-08-01,190.0
61,2024-08-01,710.0
62,2024-08-01,550.0
63,2024-08-01,510.0
64,2024-08-01,300.0
65,2024-08-01,640.0
66,2024-08-01,2060.0
67,2024-08-01,1200.0
68,2024-08-01,930.0
71,2024-08-01,1130.0
72,2024-08-01,160.0
73,2024-08-01,1010.0
74,2024-08-01,930.0
75,2024-08-01,500.0
76,2024-08-01,430.0
77,2024-08-01,1590.0
78,2024-08-01,370.0
79,2024-08-01,760.0
81,2024-08-01,490.0
82,2024-08-01,330.0
83,2024-08-01,1120.0
84,2024-08-01,370.0
85,2024-08-01,520.0
86,2024-08-01,570.0
87,2024-08-01,540.0
90,2024-08-01,1010.0
91,2024-08-01,330.0
92,2024-08-01,1750.0
94,2024-08-01,210.0
95,2024-08-01,240.0
96,2024-08-01,740.0
97,2024-08-01,430.0
98,2024-08-01,440.0
99,2024-08-01,970.0
100,2024-08-01,1220.0
103,2024-08-01,890.0
104,2024-08-01,330.0
105,2024-08-01,260.0
106,2024-08-01,860.0
107,2024-08-01,540.0
109,2024-08-01,570.0
110,2024-08-01,950.0
112,2024-08-01,1370.0
113,2024-08-01,440.0
114,2024-08-01,1410.0
115,2024-08-01,300.0
116,2024-08-01,740.0
117,2024-08-01,360.0
118,2024-08-01,810.0
119,2024-08-01,690.0
120,2024-08-01,180.0
121,2024-08-01,350.0
122,2024-08-01,360.0
123,2024-08-01,120.0
125,2024-08-01,960.0
126,2024-08-01,890.0
127,2024-08-01,890.0
128,2024-08-01,720.0
129,2024-08-01,780.0
130,2024-08-01,370.0
132,2024-08-01,360.0
133,2024-08-01,680.0
134,2024-08-01,640.0
135,2024-08-01,1240.0
136,2024-08-01,340.0
138,2024-08-01,820.0
139,2024-08-01,650.0
141,2024-08-01,620.0
143,2024-08-01,210.0
144,2024-08-01,180.0
145,2024-08-01,750.0
146,2024-08-01,260.0
148,2024-08-01,270.0
150,2024-08-01,460.0
151,2024-08-01,570.0
152,2024-08-01,410.0
153,2024-08-01,200.0
155,2024-08-01,360.0
156,2024-08-01,610.0
157,2024-08-01,440.0
160,2024-08-01,560.0
161,2024-08-01,500.0
165,2024-08-01,660.0
166,2024-08-01,280.0
167,2024-08-01,900.0
168,2024-08-01,310.0
170,2024-08-01,640.0
171,2024-08-01,430.0
172,2024-08-01,700.0
173,2024-08-01,440.0
174,2024-08-01,470.0
175,2024-08-01,150.0
178,2024-08-01,220.0
180,2024-08-01,670.0
181,2024-08-01,370.0
182,2024-08-01,1610.0
184,2024-08-01,550.0
185,2024-08-01,220.0
187,2024-08-01,270.0
188,2024-08-01,890.0
189,2024-08-01,440.0
190,2024-08-01,440.0
191,2024-08-01,760.0
192,2024-08-01,370.0
193,2024-08-01,430.0
194,2024-08-01,1350.0
195,2024-08-01,710.0
196,2024-08-01,420.0
197,2024-08-01,240.0
198,2024-08-01,380.0
199,2024-08-01,800.0
200,2024-08-01,180.0
201,2024-08-01,360.0
202,2024-08-01,260.0
205,2024-08-01,440.0
206,2024-08-01,760.0
207,2024-08-01,1520.0
208,2024-08-01,520.0
209,2024-08-01,510.0
211,2024-08-01,550.0
212,2024-08-01,430.0
213,2024-08-01,420.0
214,2024-08-01,960.0
215,2024-08-01,400.0
216,2024-08-01,2040.0
217,2024-08-01,1120.0
218,2024-08-01,220.0
219,2024-08-01,270.0
220,2024-08-01,1160.0
221,2024-08-01,570.0
222,2024-08-01,390.0
223,2024-08-01,920.0
226,2024-08-01,600.0
227,2024-08-01,470.0
228,2024-08-01,710.0
229,2024-08-01,260.0
230,2024-08-01,830.0
231,2024-08-01,440.0
232,2024-08-01,190.0
233,2024-08-01,350.0
234,2024-08-01,510.0
235,2024-08-01,780.0
236,2024-08-01,1100.0
237,2024-08-01,2280.0
238,2024-08-01,1250.0
239,2024-08-01,970.0
240,2024-08-01,260.0
241,2024-08-01,310.0
242,2024-08-01,130.0
243,2024-08-01,280.0
244,2024-08-01,550.0
246,2024-08-01,1370.0
247,2024-08-01,260.0
249,2024-08-01,700.0
250,2024-08-01,660.0
251,2024-08-01,110.0
253,2024-08-01,390.0
254,2024-08-01,330.0
255,2024-08-01,510.0
256,2024-08-01,790.0
257,2024-08-01,210.0
258,2024-08-01,620.0
259,2024-08-01,410.0
260,2024-08-01,810.0
264,2024-08-01,360.0
266,2024-08-01,540.0
267,2024-08-01,690.0
268,2024-08-01,210.0
269,2024-08-01,300.0
270,2024-08-01,1090.0
271,2024-08-01,400.0
272,2024-08-01,230.0
273,2024-08-01,600.0
274,2024-08-01,380.0
275,2024-08-01,520.0
276,2024-08-01,480.0
277,2024-08-01,480.0
278,2024-08-01,360.0
279,2024-08-01,260.0
280,2024-08-01,330.0
281,2024-08-01,670.0
282,2024-08-01,690.0
283,2024-08-01,230.0
284,2024-08-01,520.0
285,2024-08-01,810.0
286,2024-08-01,950.0
287,2024-08-01,450.0
288,2024-08-01,1030.0
289,2024-08-01,200.0
290,2024-08-01,170.0
291,2024-08-01,340.0
293,2024-08-01,390.0
294,2024-08-01,420.0
296,2024-08-01,1080.0
297,2024-08-01,250.0
298,2024-08-01,960.0
300,2024-08-01,210.0
301,2024-08-01,240.0
302,2024-08-01,830.0
305,2024-08-01,970.0
306,2024-08-01,350.0
307,2024-08-01,330.0
308,2024-08-01,220.0
309,2024-08-01,250.0
311,2024-08-01,360.0
312,2024-08-01,500.0
313,2024-08-01,100.0
314,2024-08-01,520.0
315,2024-08-01,360.0
316,2024-08-01,320.0
317,2024-08-01,920.0
318,2024-08-01,390.0
319,2024-08-01,590.0
320,2024-08-01,250.0
321,2024-08-01,380.0
322,2024-08-01,860.0
323,2024-08-01,1850.0
324,2024-08-01,510.0
325,2024-08-01,710.0
326,2024-08-01,310.0
327,2024-08-01,190.0
328,2024-08-01,2990.0
329,2024-08-01,270.0
330,2024-08-01,360.0
331,2024-08-01,650.0
332,2024-08-01,320.0
333,2024-08-01,730.0
334,2024-08-01,1220.0
335,2024-08-01,310.0
336,2024-08-01,740.0
337,2024-08-01,410.0
338,2024-08-01,370.0
340,2024-08-01,530.0
341,2024-08-01,180.0
342,2024-08-01,1610.0
343,2024-08-01,840.0
344,2024-08-01,2150.0
345,2024-08-01,630.0
346,2024-08-01,1150.0
347,2024-08-01,1060.0
348,2024-08-01,520.0
349,2024-08-01,1130.0
350,2024-08-01,810.0
351,2024-08-01,700.0
352,2024-08-01,1670.0
354,2024-08-01,170.0
356,2024-08-01,730.0
358,2024-08-01,310.0
359,2024-08-01,230.0
360,2024-08-01,250.0
361,2024-08-01,590.0
363,2024-08-01,430.0
364,2024-08-01,560.0
365,2024-08-01,560.0
366,2024-08-01,620.0
367,2024-08-01,600.0
369,2024-08-01,800.0
370,2024-08-01,220.0
371,2024-08-01,270.0
372,2024-08-01,150.0
373,2024-08-01,530.0
374,2024-08-01,530.0
375,2024-08-01,380.0
376,2024-08-01,320.0
377,2024-08-01,190.0
379,2024-08-01,640.0
380,2024-08-01,820.0
381,2024-08-01,410.0
382,2024-08-01,650.0
383,2024-08-01,310.0
384,2024-08-01,310.0
385,2024-08-01,840.0
386,2024-08-01,310.0
387,2024-08-01,920.0
388,2024-08-01,240.0
389,2024-08-01,910.0
390,2024-08-01,350.0
391,2024-08-01,230.0
392,2024-08-01,390.0
393,2024-08-01,340.0
394,2024-08-01,300.0
396,2024-08-01,460.0
397,2024-08-01,640.0
398,2024-08-01,820.0
399,2024-08-01,450.0
400,2024-08-01,1110.0
401,2024-08-01,440.0
402,2024-08-01,240.0
403,2024-08-01,330.0
404,2024-08-01,160.0
405,2024-08-01,420.0
406,2024-08-01,310.0
407,2024-08-01,320.0
408,2024-08-01,420.0
409,2024-08-01,300.0
410,2024-08-01,470.0
411,2024-08-01,480.0
412,2024-08-01,590.0
414,2024-08-01,100.0
415,2024-08-01,480.0
416,2024-08-01,330.0
417,2024-08-01,410.0
418,2024-08-01,260.0
419,2024-08-01,260.0
420,2024-08-01,190.0
421,2024-08-01,1100.0
423,2024-08-01,2140.0
424,2024-08-01,400.0
425,2024-08-01,380.0
426,2024-08-01,440.0
428,2024-08-01,310.0
429,2024-08-01,640.0
430,2024-08-01,800.0
431,2024-08-01,270.0
432,2024-08-01,780.0
433,2024-08-01,890.0
434,2024-08-01,520.0
435,2024-08-01,680.0
436,2024-08-01,300.0
437,2024-08-01,1040.0
438,2024-08-01,430.0
439,2024-08-01,430.0
440,2024-08-01,240.0
441,2024-08-01,870.0
442,2024-08-01,170.0
443,2024-08-01,910.0
444,2024-08-01,350.0
445,2024-08-01,390.0
446,2024-08-01,290.0
447,2024-08-01,230.0
448,2024-08-01,790.0
449,2024-08-01,480.0
450,2024-08-01,350.0
451,2024-08-01,550.0
452,2024-08-01,920.0
453,2024-08-01,370.0
454,2024-08-01,250.0
455,2024-08-01,800.0
456,2024-08-01,540.0
457,2024-08-01,310.0
458,2024-08-01,180.0
459,2024-08-01,640.0
460,2024-08-01,220.0
461,2024-08-01,700.0
462,2024-08-01,580.0
463,2024-08-01,230.0
464,2024-08-01,680.0
465,2024-08-01,1300.0
466,2024-08-01,650.0
467,2024-08-01,550.0
468,2024-08-01,1160.0
469,2024-08-01,480.0
470,2024-08-01,370.0
471,2024-08-01,810.0
472,2024-08-01,1300.0
473,2024-08-01,580.0
474,2024-08-01,550.0
475,2024-08-01,760.0
476,2024-08-01,450.0
477,2024-08-01,150.0
478,2024-08-01,910.0
479,2024-08-01,720.0
480,2024-08-01,350.0
482,2024-08-01,250.0
483,2024-08-01,340.0
484,2024-08-01,110.0
485,2024-08-01,730.0
486,2024-08-01,180.0
487,2024-08-01,770.0
488,2024-08-01,510.0
489,2024-08-01,1150.0
490,2024-08-01,1300.0
491,2024-08-01,110.0
492,2024-08-01,1770.0
493,2024-08-01,150.0
494,2024-08-01,390.0
495,2024-08-01,1160.0
496,2024-08-01,550.0
497,2024-08-01,1220.0
498,2024-08-01,330.0
499,2024-08-01,800.0
500,2024-08-01,540.0
501,2024-08-01,600.0
502,2024-08-01,750.0
503,2024-08-01,680.0
504,2024-08-01,630.0
505,2024-08-01,310.0
506,2024-08-01,1220.0
508,2024-08-01,490.0
509,2024-08-01,590.0
510,2024-08-01,290.0
511,2024-08-01,280.0
512,2024-08-01,830.0
513,2024-08-01,750.0
514,2024-08-01,520.0
515,2024-08-01,460.0
516,2024-08-01,980.0
517,2024-08-01,410.0
518,2024-08-01,470.0
519,2024-08-01,300.0
520,2024-08-01,240.0
521,2024-08-01,300.0
522,2024-08-01,470.0
523,2024-08-01,300.0
524,2024-08-01,270.0
525,2024-08-01,130.0
526,2024-08-01,430.0
527,2024-08-01,230.0
528,2024-08-01,1320.0
529,2024-08-01,750.0
530,2024-08-01,1150.0
531,2024-08-01,450.0
532,2024-08-01,220.0
533,2024-08-01,940.0
534,2024-08-01,650.0
535,2024-08-01,770.0
536,2024-08-01,250.0
537,2024-08-01,280.0
538,2024-08-01,260.0
539,2024-08-01,830.0
541,2024-08-01,380.0
542,2024-08-01,580.0
543,2024-08-01,390.0
544,2024-08-01,750.0
545,2024-08-01,460.0
546,2024-08-01,240.0
547,2024-08-01,160.0
548,2024-08-01,1450.0
549,2024-08-01,230.0
550,2024-08-01,310.0
551,2024-08-01,150.0
552,2024-08-01,360.0
553,2024-08-01,1130.0
554,2024-08-01,300.0
555,2024-08-01,290.0
556,2024-08-01,850.0
557,2024-08-01,350.0
558,2024-08-01,290.0
559,2024-08-01,270.0
560,2024-08-01,630.0
561,2024-08-01,620.0
562,2024-08-01,180.0
563,2024-08-01,580.0
564,2024-08-01,770.0
565,2024-08-01,280.0
566,2024-08-01,310.0
567,2024-08-01,160.0
568,2024-08-01,320.0
569,2024-08-01,690.0
570,2024-08-01,200.0
571,2024-08-01,630.0
572,2024-08-01,350.0
573,2024-08-01,240.0
574,2024-08-01,700.0
575,2024-08-01,260.0
576,2024-08-01,420.0
577,2024-08-01,450.0
578,2024-08-01,740.0
1,2024-09-01,420.0
2,2024-09-01,390.0
5,2024-09-01,400.0
6,2024-09-01,270.0
7,2024-09-01,1180.0
8,2024-09-01,70.0
9,2024-09-01,480.0
10,2024-09-01,640.0
11,2024-09-01,1180.0
12,2024-09-01,960.0
13,2024-09-01,600.0
14,2024-09-01,620.0
16,2024-09-01,1810.0
17,2024-09-01,610.0
18,2024-09-01,680.0
19,2024-09-01,1070.0
20,2024-09-01,440.0
21,2024-09-01,560.0
22,2024-09-01,890.0
23,2024-09-01,590.0
24,2024-09-01,420.0
25,2024-09-01,370.0
26,2024-09-01,1120.0
27,2024-09-01,720.0
28,2024-09-01,230.0
32,2024-09-01,360.0
33,2024-09-01,1250.0
35,2024-09-01,180.0
36,2024-09-01,480.0
38,2024-09-01,520.0
39,2024-09-01,230.0
40,2024-09-01,940.0
42,2024-09-01,890.0
44,2024-09-01,300.0
46,2024-09-01,520.0
47,2024-09-01,520.0
49,2024-09-01,520.0
52,2024-09-01,1370.0
55,2024-09-01,800.0
56,2024-09-01,620.0
58,2024-09-01,270.0
60,2024-09-01,190.0
61,2024-09-01,710.0
62,2024-09-01,550.0
63,2024-09-01,510.0
64,2024-09-01,300.0
65,2024-09-01,900.0
66,2024-09-01,2680.0
67,2024-09-01,1200.0
68,2024-09-01,930.0
71,2024-09-01,1130.0
72,2024-09-01,160.0
73,2024-09-01,1010.0
74,2024-09-01,1110.0
75,2024-09-01,500.0
76,2024-09-01,430.0
77,2024-09-01,1590.0
78,2024-09-01,450.0
79,2024-09-01,760.0
81,2024-09-01,490.0
82,2024-09-01,330.0
83,2024-09-01,1120.0
84,2024-09-01,370.0
85,2024-09-01,520.0
86,2024-09-01,570.0
87,2024-09-01,540.0
90,2024-09-01,1010.0
91,2024-09-01,330.0
92,2024-09-01,1750.0
94,2024-09-01,210.0
95,2024-09-01,240.0
96,2024-09-01,740.0
97,2024-09-01,430.0
98,2024-09-01,440.0
99,2024-09-01,970.0
100,2024-09-01,1220.0
103,2024-09-01,890.0
104,2024-09-01,330.0
105,2024-09-01,260.0
106,2024-09-01,860.0
107,2024-09-01,540.0
110,2024-09-01,950.0
112,2024-09-01,1370.0
113,2024-09-01,440.0
114,2024-09-01,1410.0
115,2024-09-01,300.0
116,2024-09-01,740.0
117,2024-09-01,360.0
118,2024-09-01,810.0
119,2024-09-01,690.0
120,2024-09-01,180.0
121,2024-09-01,350.0
122,2024-09-01,360.0
123,2024-09-01,120.0
125,2024-09-01,960.0
126,2024-09-01,890.0
127,2024-09-01,890.0
128,2024-09-01,720.0
129,2024-09-01,660.0
130,2024-09-01,370.0
132,2024-09-01,360.0
133,2024-09-01,680.0
134,2024-09-01,640.0
135,2024-09-01,1240.0
136,2024-09-01,340.0
138,2024-09-01,820.0
139,2024-09-01,650.0
141,2024-09-01,620.0
143,2024-09-01,210.0
144,2024-09-01,180.0
145,2024-09-01,750.0
146,2024-09-01,260.0
148,2024-09-01,270.0
150,2024-09-01,460.0
151,2024-09-01,570.0
152,2024-09-01,410.0
153,2024-09-01,200.0
155,2024-09-01,360.0
156,2024-09-01,610.0
157,2024-09-01,440.0
160,2024-09-01,560.0
161,2024-09-01,500.0
165,2024-09-01,660.0
166,2024-09-01,280.0
167,2024-09-01,900.0
168,2024-09-01,310.0
170,2024-09-01,640.0
171,2024-09-01,430.0
172,2024-09-01,500.0
173,2024-09-01,440.0
174,2024-09-01,470.0
175,2024-09-01,150.0
178,2024-09-01,220.0
180,2024-09-01,670.0
181,2024-09-01,370.0
182,2024-09-01,1610.0
184,2024-09-01,550.0
185,2024-09-01,220.0
187,2024-09-01,380.0
188,2024-09-01,890.0
189,2024-09-01,440.0
190,2024-09-01,440.0
191,2024-09-01,760.0
192,2024-09-01,370.0
193,2024-09-01,430.0
194,2024-09-01,1350.0
195,2024-09-01,710.0
196,2024-09-01,420.0
197,2024-09-01,240.0
198,2024-09-01,380.0
199,2024-09-01,800.0
200,2024-09-01,180.0
201,2024-09-01,360.0
202,2024-09-01,260.0
206,2024-09-01,760.0
207,2024-09-01,1520.0
208,2024-09-01,670.0
209,2024-09-01,510.0
211,2024-09-01,550.0
212,2024-09-01,430.0
213,2024-09-01,420.0
214,2024-09-01,960.0
215,2024-09-01,400.0
216,2024-09-01,2040.0
217,2024-09-01,1120.0
218,2024-09-01,220.0
219,2024-09-01,270.0
220,2024-09-01,1570.0
221,2024-09-01,570.0
222,2024-09-01,390.0
223,2024-09-01,920.0
226,2024-09-01,600.0
227,2024-09-01,470.0
229,2024-09-01,260.0
230,2024-09-01,830.0
231,2024-09-01,630.0
232,2024-09-01,190.0
233,2024-09-01,350.0
234,2024-09-01,510.0
235,2024-09-01,780.0
236,2024-09-01,1100.0
237,2024-09-01,3220.0
238,2024-09-01,1250.0
239,2024-09-01,970.0
241,2024-09-01,310.0
242,2024-09-01,130.0
243,2024-09-01,280.0
244,2024-09-01,550.0
246,2024-09-01,1370.0
247,2024-09-01,260.0
249,2024-09-01,870.0
250,2024-09-01,660.0
251,2024-09-01,110.0
253,2024-09-01,390.0
254,2024-09-01,330.0
255,2024-09-01,510.0
256,2024-09-01,790.0
257,2024-09-01,160.0
258,2024-09-01,620.0
259,2024-09-01,410.0
260,2024-09-01,810.0
264,2024-09-01,360.0
266,2024-09-01,540.0
267,2024-09-01,690.0
268,2024-09-01,210.0
269,2024-09-01,300.0
270,2024-09-01,1090.0
271,2024-09-01,400.0
272,2024-09-01,230.0
273,2024-09-01,600.0
274,2024-09-01,380.0
275,2024-09-01,520.0
276,2024-09-01,480.0
277,2024-09-01,480.0
278,2024-09-01,360.0
279,2024-09-01,260.0
280,2024-09-01,330.0
281,2024-09-01,670.0
282,2024-09-01,690.0
283,2024-09-01,230.0
284,2024-09-01,520.0
285,2024-09-01,810.0
286,2024-09-01,950.0
287,2024-09-01,320.0
288,2024-09-01,1030.0
290,2024-09-01,170.0
291,2024-09-01,340.0
293,2024-09-01,390.0
294,2024-09-01,420.0
296,2024-09-01,1080.0
297,2024-09-01,250.0
298,2024-09-01,960.0
300,2024-09-01,210.0
301,2024-09-01,240.0
302,2024-09-01,830.0
305,2024-09-01,970.0
306,2024-09-01,350.0
307,2024-09-01,330.0
308,2024-09-01,220.0
309,2024-09-01,250.0
311,2024-09-01,360.0
312,2024-09-01,500.0
313,2024-09-01,100.0
314,2024-09-01,520.0
315,2024-09-01,360.0
316,2024-09-01,320.0
317,2024-09-01,920.0
318,2024-09-01,390.0
319,2024-09-01,590.0
320,2024-09-01,250.0
321,2024-09-01,380.0
322,2024-09-01,860.0
323,2024-09-01,1850.0
324,2024-09-01,510.0
325,2024-09-01,710.0
326,2024-09-01,310.0
327,2024-09-01,190.0
328,2024-09-01,2990.0
329,2024-09-01,270.0
330,2024-09-01,440.0
331,2024-09-01,650.0
332,2024-09-01,320.0
333,2024-09-01,730.0
334,2024-09-01,1220.0
335,2024-09-01,310.0
336,2024-09-01,740.0
337,2024-09-01,410.0
338,2024-09-01,370.0
340,2024-09-01,530.0
341,2024-09-01,180.0
342,2024-09-01,1610.0
343,2024-09-01,840.0
344,2024-09-01,2150.0
345,2024-09-01,630.0
346,2024-09-01,1150.0
347,2024-09-01,1060.0
348,2024-09-01,520.0
349,2024-09-01,1130.0
350,2024-09-01,810.0
351,2024-09-01,700.0
352,2024-09-01,1670.0
354,2024-09-01,170.0
356,2024-09-01,730.0
358,2024-09-01,310.0
359,2024-09-01,230.0
360,2024-09-01,250.0
361,2024-09-01,590.0
363,2024-09-01,430.0
365,2024-09-01,560.0
366,2024-09-01,620.0
367,2024-09-01,600.0
369,2024-09-01,800.0
370,2024-09-01,220.0
371,2024-09-01,270.0
372,2024-09-01,180.0
373,2024-09-01,530.0
374,2024-09-01,530.0
375,2024-09-01,380.0
376,2024-09-01,320.0
377,2024-09-01,190.0
379,2024-09-01,640.0
380,2024-09-01,820.0
381,2024-09-01,410.0
382,2024-09-01,650.0
383,2024-09-01,310.0
384,2024-09-01,310.0
385,2024-09-01,840.0
386,2024-09-01,310.0
387,2024-09-01,920.0
388,2024-09-01,240.0
389,2024-09-01,910.0
390,2024-09-01,350.0
391,2024-09-01,230.0
393,2024-09-01,340.0
394,2024-09-01,300.0
396,2024-09-01,460.0
397,2024-09-01,640.0
398,2024-09-01,820.0
399,2024-09-01,450.0
400,2024-09-01,1110.0
401,2024-09-01,440.0
402,2024-09-01,240.0
403,2024-09-01,330.0
404,2024-09-01,160.0
405,2024-09-01,420.0
406,2024-09-01,310.0
407,2024-09-01,320.0
408,2024-09-01,420.0
409,2024-09-01,300.0
410,2024-09-01,470.0
411,2024-09-01,620.0
412,2024-09-01,590.0
414,2024-09-01,100.0
415,2024-09-01,480.0
416,2024-09-01,330.0
417,2024-09-01,410.0
418,2024-09-01,260.0
419,2024-09-01,260.0
420,2024-09-01,190.0
421,2024-09-01,1100.0
423,2024-09-01,2140.0
424,2024-09-01,400.0
425,2024-09-01,380.0
426,2024-09-01,440.0
428,2024-09-01,310.0
429,2024-09-01,640.0
430,2024-09-01,800.0
431,2024-09-01,270.0
432,2024-09-01,780.0
433,2024-09-01,890.0
434,2024-09-01,520.0
435,2024-09-01,680.0
436,2024-09-01,300.0
437,2024-09-01,1040.0
438,2024-09-01,430.0
439,2024-09-01,430.0
440,2024-09-01,240.0
441,2024-09-01,870.0
442,2024-09-01,170.0
443,2024-09-01,1250.0
444,2024-09-01,350.0
445,2024-09-01,390.0
446,2024-09-01,290.0
447,2024-09-01,230.0
448,2024-09-01,790.0
449,2024-09-01,480.0
450,2024-09-01,350.0
451,2024-09-01,550.0
452,2024-09-01,920.0
453,2024-09-01,370.0
454,2024-09-01,250.0
455,2024-09-01,800.0
456,2024-09-01,540.0
457,2024-09-01,310.0
458,2024-09-01,180.0
459,2024-09-01,640.0
460,2024-09-01,220.0
461,2024-09-01,700.0
462,2024-09-01,580.0
463,2024-09-01,230.0
464,2024-09-01,680.0
465,2024-09-01,1300.0
466,2024-09-01,650.0
467,2024-09-01,550.0
468,2024-09-01,1160.0
469,2024-09-01,650.0
470,2024-09-01,370.0
471,2024-09-01,810.0
472,2024-09-01,1500.0
473,2024-09-01,580.0
474,2024-09-01,550.0
476,2024-09-01,450.0
477,2024-09-01,150.0
478,2024-09-01,910.0
479,2024-09-01,720.0
480,2024-09-01,350.0
482,2024-09-01,350.0
483,2024-09-01,340.0
484,2024-09-01,110.0
485,2024-09-01,730.0
486,2024-09-01,180.0
487,2024-09-01,770.0
488,2024-09-01,510.0
489,2024-09-01,1150.0
490,2024-09-01,1300.0
491,2024-09-01,110.0
492,2024-09-01,1770.0
493,2024-09-01,150.0
494,2024-09-01,390.0
495,2024-09-01,1160.0
496,2024-09-01,700.0
497,2024-09-01,1220.0
498,2024-09-01,330.0
499,2024-09-01,800.0
500,2024-09-01,540.0
501,2024-09-01,600.0
502,2024-09-01,750.0
503,2024-09-01,680.0
504,2024-09-01,630.0
505,2024-09-01,310.0
506,2024-09-01,1220.0
508,2024-09-01,490.0
509,2024-09-01,590.0
510,2024-09-01,290.0
511,2024-09-01,280.0
512,2024-09-01,830.0
513,2024-09-01,750.0
514,2024-09-01,520.0
516,2024-09-01,980.0
517,2024-09-01,410.0
518,2024-09-01,470.0
519,2024-09-01,300.0
520,2024-09-01,240.0
521,2024-09-01,300.0
522,2024-09-01,470.0
523,2024-09-01,300.0
524,2024-09-01,270.0
525,2024-09-01,130.0
527,2024-09-01,230.0
528,2024-09-01,1320.0
529,2024-09-01,750.0
530,2024-09-01,1150.0
531,2024-09-01,450.0
532,2024-09-01,220.0
533,2024-09-01,940.0
534,2024-09-01,650.0
535,2024-09-01,770.0
536,2024-09-01,250.0
537,2024-09-01,280.0
538,2024-09-01,260.0
539,2024-09-01,830.0
541,2024-09-01,380.0
542,2024-09-01,580.0
543,2024-09-01,390.0
544,2024-09-01,750.0
545,2024-09-01,460.0
546,2024-09-01,240.0
547,2024-09-01,160.0
548,2024-09-01,1690.0
549,2024-09-01,280.0
550,2024-09-01,310.0
551,2024-09-01,150.0
552,2024-09-01,360.0
553,2024-09-01,1130.0
554,2024-09-01,300.0
555,2024-09-01,290.0
556,2024-09-01,850.0
557,2024-09-01,350.0
558,2024-09-01,290.0
559,2024-09-01,270.0
560,2024-09-01,630.0
561,2024-09-01,620.0
562,2024-09-01,180.0
563,2024-09-01,580.0
564,2024-09-01,770.0
565,2024-09-01,280.0
566,2024-09-01,310.0
567,2024-09-01,160.0
568,2024-09-01,320.0
569,2024-09-01,690.0
570,2024-09-01,200.0
571,2024-09-01,630.0
572,2024-09-01,350.0
573,2024-09-01,240.0
574,2024-09-01,700.0
575,2024-09-01,260.0
576,2024-09-01,420.0
577,2024-09-01,450.0
578,2024-09-01,740.0
579,2024-09-01,600.0
580,2024-09-01,310.0
581,2024-09-01,270.0
582,2024-09-01,370.0
583,2024-09-01,1060.0
584,2024-09-01,100.0
585,2024-09-01,1500.0
586,2024-09-01,160.0
587,2024-09-01,160.0
588,2024-09-01,950.0
589,2024-09-01,2080.0
590,2024-09-01,190.0
591,2024-09-01,780.0
592,2024-09-01,510.0
593,2024-09-01,800.0
594,2024-09-01,550.0
595,2024-09-01,470.0
596,2024-09-01,320.0
597,2024-09-01,480.0
598,2024-09-01,550.0
599,2024-09-01,450.0
600,2024-09-01,980.0
601,2024-09-01,470.0
602,2024-09-01,260.0
603,2024-09-01,500.0
604,2024-09-01,760.0
605,2024-09-01,360.0
606,2024-09-01,580.0
607,2024-09-01,430.0
608,2024-09-01,190.0
609,2024-09-01,390.0
610,2024-09-01,1080.0
611,2024-09-01,600.0
612,2024-09-01,360.0
1,2024-10-01,420.0
2,2024-10-01,390.0
5,2024-10-01,400.0
6,2024-10-01,270.0
7,2024-10-01,1180.0
8,2024-10-01,70.0
9,2024-10-01,480.0
10,2024-10-01,640.0
11,2024-10-01,1180.0
12,2024-10-01,960.0
13,2024-10-01,600.0
14,2024-10-01,620.0
16,2024-10-01,1810.0
17,2024-10-01,610.0
18,2024-10-01,680.0
19,2024-10-01,840.0
20,2024-10-01,440.0
21,2024-10-01,560.0
22,2024-10-01,890.0
23,2024-10-01,590.0
24,2024-10-01,610.0
25,2024-10-01,370.0
26,2024-10-01,1120.0
27,2024-10-01,720.0
28,2024-10-01,230.0
32,2024-10-01,360.0
33,2024-10-01,1250.0
35,2024-10-01,180.0
36,2024-10-01,480.0
38,2024-10-01,520.0
39,2024-10-01,230.0
40,2024-10-01,940.0
42,2024-10-01,890.0
44,2024-10-01,300.0
47,2024-10-01,520.0
49,2024-10-01,520.0
52,2024-10-01,1370.0
55,2024-10-01,800.0
56,2024-10-01,620.0
58,2024-10-01,270.0
60,2024-10-01,190.0
61,2024-10-01,710.0
62,2024-10-01,550.0
63,2024-10-01,510.0
64,2024-10-01,300.0
65,2024-10-01,1100.0
66,2024-10-01,2680.0
67,2024-10-01,1200.0
68,2024-10-01,930.0
71,2024-10-01,1130.0
72,2024-10-01,160.0
73,2024-10-01,1010.0
74,2024-10-01,1110.0
75,2024-10-01,500.0
76,2024-10-01,430.0
77,2024-10-01,1590.0
78,2024-10-01,450.0
79,2024-10-01,760.0
81,2024-10-01,490.0
82,2024-10-01,330.0
83,2024-10-01,1120.0
84,2024-10-01,370.0
85,2024-10-01,520.0
86,2024-10-01,570.0
87,2024-10-01,540.0
90,2024-10-01,1010.0
91,2024-10-01,330.0
92,2024-10-01,1750.0
94,2024-10-01,210.0
95,2024-10-01,240.0
97,2024-10-01,430.0
98,2024-10-01,440.0
99,2024-10-01,970.0
100,2024-10-01,1220.0
103,2024-10-01,890.0
104,2024-10-01,330.0
105,2024-10-01,260.0
106,2024-10-01,860.0
107,2024-10-01,540.0
110,2024-10-01,950.0
112,2024-10-01,1910.0
113,2024-10-01,440.0
114,2024-10-01,1410.0
115,2024-10-01,300.0
116,2024-10-01,740.0
117,2024-10-01,360.0
118,2024-10-01,810.0
119,2024-10-01,690.0
120,2024-10-01,180.0
121,2024-10-01,350.0
122,2024-10-01,360.0
123,2024-10-01,120.0
125,2024-10-01,960.0
126,2024-10-01,890.0
127,2024-10-01,890.0
128,2024-10-01,1050.0
129,2024-10-01,660.0
130,2024-10-01,370.0
132,2024-10-01,360.0
133,2024-10-01,680.0
134,2024-10-01,880.0
135,2024-10-01,1240.0
136,2024-10-01,340.0
138,2024-10-01,820.0
139,2024-10-01,650.0
141,2024-10-01,620.0
143,2024-10-01,210.0
144,2024-10-01,180.0
145,2024-10-01,750.0
146,2024-10-01,260.0
148,2024-10-01,270.0
150,2024-10-01,460.0
151,2024-10-01,570.0
152,2024-10-01,410.0
153,2024-10-01,200.0
155,2024-10-01,360.0
156,2024-10-01,610.0
157,2024-10-01,440.0
160,2024-10-01,560.0
161,2024-10-01,500.0
165,2024-10-01,660.0
166,2024-10-01,280.0
167,2024-10-01,900.0
168,2024-10-01,310.0
170,2024-10-01,640.0
171,2024-10-01,430.0
172,2024-10-01,500.0
173,2024-10-01,440.0
174,2024-10-01,470.0
175,2024-10-01,150.0
178,2024-10-01,220.0
180,2024-10-01,670.0
181,2024-10-01,370.0
182,2024-10-01,1610.0
184,2024-10-01,550.0
185,2024-10-01,220.0
187,2024-10-01,380.0
188,2024-10-01,890.0
189,2024-10-01,440.0
190,2024-10-01,440.0
191,2024-10-01,760.0
192,2024-10-01,370.0
193,2024-10-01,430.0
194,2024-10-01,1350.0
195,2024-10-01,710.0
196,2024-10-01,420.0
197,2024-10-01,240.0
198,2024-10-01,380.0
199,2024-10-01,800.0
200,2024-10-01,180.0
201,2024-10-01,360.0
202,2024-10-01,260.0
206,2024-10-01,760.0
207,2024-10-01,1520.0
209,2024-10-01,510.0
211,2024-10-01,550.0
212,2024-10-01,430.0
213,2024-10-01,420.0
214,2024-10-01,960.0
215,2024-10-01,400.0
216,2024-10-01,2040.0
217,2024-10-01,1120.0
218,2024-10-01,220.0
219,2024-10-01,270.0
220,2024-10-01,1570.0
221,2024-10-01,570.0
222,2024-10-01,390.0
223,2024-10-01,920.0
226,2024-10-01,600.0
227,2024-10-01,470.0
229,2024-10-01,260.0
230,2024-10-01,830.0
231,2024-10-01,630.0
232,2024-10-01,190.0
233,2024-10-01,350.0
234,2024-10-01,390.0
235,2024-10-01,780.0
236,2024-10-01,1100.0
237,2024-10-01,3220.0
238,2024-10-01,1250.0
239,2024-10-01,970.0
241,2024-10-01,310.0
242,2024-10-01,130.0
243,2024-10-01,280.0
244,2024-10-01,550.0
246,2024-10-01,1650.0
247,2024-10-01,260.0
249,2024-10-01,870.0
250,2024-10-01,840.0
251,2024-10-01,110.0
253,2024-10-01,390.0
254,2024-10-01,330.0
255,2024-10-01,510.0
256,2024-10-01,790.0
257,2024-10-01,160.0
258,2024-10-01,620.0
259,2024-10-01,570.0
260,2024-10-01,810.0
264,2024-10-01,360.0
266,2024-10-01,650.0
267,2024-10-01,690.0
268,2024-10-01,210.0
269,2024-10-01,300.0
270,2024-10-01,1090.0
271,2024-10-01,400.0
272,2024-10-01,230.0
273,2024-10-01,600.0
274,2024-10-01,380.0
275,2024-10-01,520.0
276,2024-10-01,480.0
277,2024-10-01,480.0
278,2024-10-01,360.0
279,2024-10-01,260.0
280,2024-10-01,330.0
281,2024-10-01,670.0
282,2024-10-01,690.0
283,2024-10-01,230.0
284,2024-10-01,520.0
285,2024-10-01,810.0
286,2024-10-01,950.0
287,2024-10-01,320.0
288,2024-10-01,1030.0
290,2024-10-01,210.0
291,2024-10-01,340.0
293,2024-10-01,290.0
294,2024-10-01,420.0
296,2024-10-01,1080.0
297,2024-10-01,250.0
298,2024-10-01,960.0
300,2024-10-01,210.0
301,2024-10-01,240.0
302,2024-10-01,830.0
305,2024-10-01,970.0
306,2024-10-01,350.0
307,2024-10-01,330.0
308,2024-10-01,220.0
309,2024-10-01,250.0
311,2024-10-01,360.0
312,2024-10-01,500.0
313,2024-10-01,100.0
314,2024-10-01,520.0
315,2024-10-01,360.0
316,2024-10-01,320.0
317,2024-10-01,920.0
318,2024-10-01,390.0
319,2024-10-01,590.0
320,2024-10-01,250.0
321,2024-10-01,380.0
322,2024-10-01,860.0
323,2024-10-01,1850.0
324,2024-10-01,510.0
325,2024-10-01,710.0
326,2024-10-01,310.0
327,2024-10-01,190.0
328,2024-10-01,2990.0
329,2024-10-01,270.0
330,2024-10-01,440.0
331,2024-10-01,650.0
332,2024-10-01,320.0
333,2024-10-01,730.0
334,2024-10-01,1220.0
335,2024-10-01,310.0
336,2024-10-01,740.0
337,2024-10-01,410.0
338,2024-10-01,370.0
340,2024-10-01,530.0
341,2024-10-01,180.0
342,2024-10-01,1610.0
344,2024-10-01,2150.0
345,2024-10-01,630.0
346,2024-10-01,1670.0
347,2024-10-01,1060.0
348,2024-10-01,520.0
350,2024-10-01,810.0
351,2024-10-01,700.0
352,2024-10-01,2360.0
354,2024-10-01,170.0
356,2024-10-01,730.0
358,2024-10-01,310.0
359,2024-10-01,230.0
360,2024-10-01,250.0
361,2024-10-01,590.0
363,2024-10-01,430.0
365,2024-10-01,560.0
366,2024-10-01,620.0
367,2024-10-01,600.0
369,2024-10-01,800.0
370,2024-10-01,220.0
371,2024-10-01,270.0
372,2024-10-01,180.0
373,2024-10-01,530.0
374,2024-10-01,530.0
375,2024-10-01,380.0
376,2024-10-01,320.0
377,2024-10-01,190.0
379,2024-10-01,640.0
380,2024-10-01,820.0
381,2024-10-01,410.0
382,2024-10-01,650.0
383,2024-10-01,310.0
384,2024-10-01,310.0
385,2024-10-01,840.0
386,2024-10-01,310.0
387,2024-10-01,920.0
388,2024-10-01,240.0
389,2024-10-01,910.0
390,2024-10-01,350.0
391,2024-10-01,230.0
393,2024-10-01,340.0
394,2024-10-01,300.0
396,2024-10-01,460.0
397,2024-10-01,640.0
398,2024-10-01,820.0
399,2024-10-01,450.0
400,2024-10-01,1110.0
401,2024-10-01,440.0
402,2024-10-01,240.0
403,2024-10-01,330.0
404,2024-10-01,160.0
405,2024-10-01,420.0
406,2024-10-01,310.0
407,2024-10-01,320.0
408,2024-10-01,420.0
409,2024-10-01,300.0
410,2024-10-01,470.0
411,2024-10-01,620.0
412,2024-10-01,590.0
414,2024-10-01,100.0
415,2024-10-01,480.0
416,2024-10-01,330.0
417,2024-10-01,410.0
418,2024-10-01,260.0
419,2024-10-01,260.0
420,2024-10-01,190.0
421,2024-10-01,1100.0
423,2024-10-01,2140.0
424,2024-10-01,400.0
425,2024-10-01,380.0
426,2024-10-01,440.0
428,2024-10-01,310.0
429,2024-10-01,640.0
430,2024-10-01,800.0
431,2024-10-01,270.0
432,2024-10-01,780.0
433,2024-10-01,890.0
434,2024-10-01,520.0
435,2024-10-01,680.0
436,2024-10-01,300.0
437,2024-10-01,1040.0
438,2024-10-01,430.0
439,2024-10-01,430.0
440,2024-10-01,240.0
441,2024-10-01,870.0
442,2024-10-01,170.0
443,2024-10-01,1250.0
444,2024-10-01,350.0
445,2024-10-01,390.0
446,2024-10-01,290.0
447,2024-10-01,230.0
448,2024-10-01,790.0
449,2024-10-01,480.0
450,2024-10-01,350.0
451,2024-10-01,550.0
452,2024-10-01,920.0
453,2024-10-01,370.0
454,2024-10-01,250.0
455,2024-10-01,800.0
456,2024-10-01,540.0
458,2024-10-01,180.0
459,2024-10-01,640.0
460,2024-10-01,220.0
461,2024-10-01,700.0
462,2024-10-01,580.0
463,2024-10-01,230.0
464,2024-10-01,680.0
465,2024-10-01,1300.0
466,2024-10-01,810.0
467,2024-10-01,550.0
468,2024-10-01,1160.0
469,2024-10-01,650.0
470,2024-10-01,370.0
471,2024-10-01,810.0
472,2024-10-01,1500.0
473,2024-10-01,580.0
474,2024-10-01,550.0
476,2024-10-01,450.0
477,2024-10-01,150.0
478,2024-10-01,1180.0
479,2024-10-01,720.0
480,2024-10-01,350.0
482,2024-10-01,350.0
483,2024-10-01,340.0
484,2024-10-01,110.0
485,2024-10-01,730.0
486,2024-10-01,180.0
487,2024-10-01,770.0
488,2024-10-01,510.0
489,2024-10-01,1150.0
490,2024-10-01,1300.0
491,2024-10-01,110.0
492,2024-10-01,1770.0
493,2024-10-01,150.0
494,2024-10-01,390.0
495,2024-10-01,1160.0
496,2024-10-01,700.0
497,2024-10-01,1460.0
498,2024-10-01,330.0
499,2024-10-01,800.0
500,2024-10-01,540.0
501,2024-10-01,600.0
502,2024-10-01,750.0
503,2024-10-01,680.0
504,2024-10-01,630.0
505,2024-10-01,310.0
506,2024-10-01,1220.0
508,2024-10-01,490.0
509,2024-10-01,590.0
510,2024-10-01,290.0
512,2024-10-01,830.0
513,2024-10-01,750.0
514,2024-10-01,520.0
516,2024-10-01,980.0
517,2024-10-01,410.0
518,2024-10-01,470.0
519,2024-10-01,300.0
520,2024-10-01,240.0
521,2024-10-01,300.0
522,2024-10-01,470.0
523,2024-10-01,300.0
524,2024-10-01,270.0
525,2024-10-01,130.0
527,2024-10-01,230.0
528,2024-10-01,1320.0
529,2024-10-01,750.0
530,2024-10-01,1420.0
531,2024-10-01,450.0
532,2024-10-01,220.0
533,2024-10-01,940.0
534,2024-10-01,650.0
535,2024-10-01,770.0
536,2024-10-01,250.0
537,2024-10-01,280.0
538,2024-10-01,260.0
539,2024-10-01,830.0
541,2024-10-01,380.0
542,2024-10-01,580.0
543,2024-10-01,390.0
544,2024-10-01,1050.0
545,2024-10-01,460.0
546,2024-10-01,240.0
547,2024-10-01,160.0
548,2024-10-01,1690.0
549,2024-10-01,280.0
550,2024-10-01,310.0
551,2024-10-01,150.0
552,2024-10-01,360.0
553,2024-10-01,1130.0
554,2024-10-01,300.0
555,2024-10-01,290.0
556,2024-10-01,850.0
557,2024-10-01,350.0
558,2024-10-01,290.0
559,2024-10-01,270.0
560,2024-10-01,630.0
561,2024-10-01,620.0
562,2024-10-01,180.0
563,2024-10-01,580.0
565,2024-10-01,280.0
566,2024-10-01,310.0
567,2024-10-01,160.0
568,2024-10-01,320.0
569,2024-10-01,690.0
570,2024-10-01,200.0
571,2024-10-01,630.0
572,2024-10-01,350.0
573,2024-10-01,240.0
574,2024-10-01,700.0
575,2024-10-01,260.0
576,2024-10-01,420.0
577,2024-10-01,450.0
578,2024-10-01,740.0
579,2024-10-01,600.0
580,2024-10-01,310.0
581,2024-10-01,270.0
582,2024-10-01,370.0
583,2024-10-01,1060.0
584,2024-10-01,100.0
585,2024-10-01,1500.0
586,2024-10-01,160.0
587,2024-10-01,160.0
588,2024-10-01,950.0
590,2024-10-01,190.0
591,2024-10-01,780.0
592,2024-10-01,510.0
593,2024-10-01,800.0
594,2024-10-01,550.0
595,2024-10-01,470.0
596,2024-10-01,320.0
597,2024-10-01,480.0
598,2024-10-01,550.0
599,2024-10-01,360.0
600,2024-10-01,980.0
601,2024-10-01,390.0
602,2024-10-01,260.0
603,2024-10-01,500.0
604,2024-10-01,760.0
605,2024-10-01,360.0
606,2024-10-01,580.0
607,2024-10-01,430.0
608,2024-10-01,190.0
609,2024-10-01,390.0
610,2024-10-01,1080.0
611,2024-10-01,600.0
612,2024-10-01,360.0
613,2024-10-01,910.0
614,2024-10-01,230.0
615,2024-10-01,290.0
616,2024-10-01,190.0
617,2024-10-01,420.0
618,2024-10-01,310.0
619,2024-10-01,300.0
620,2024-10-01,510.0
621,2024-10-01,370.0
622,2024-10-01,290.0
623,2024-10-01,670.0
624,2024-10-01,230.0
625,2024-10-01,290.0
626,2024-10-01,360.0
627,2024-10-01,390.0
628,2024-10-01,840.0
629,2024-10-01,540.0
630,2024-10-01,200.0
631,2024-10-01,780.0
632,2024-10-01,340.0
633,2024-10-01,310.0
634,2024-10-01,210.0
635,2024-10-01,1060.0
636,2024-10-01,710.0
637,2024-10-01,1090.0
638,2024-10-01,870.0
639,2024-10-01,230.0
640,2024-10-01,650.0
641,2024-10-01,240.0
642,2024-10-01,370.0
643,2024-10-01,270.0
644,2024-10-01,890.0
645,2024-10-01,160.0
646,2024-10-01,370.0
647,2024-10-01,210.0
648,2024-10-01,280.0
649,2024-10-01,410.0
1,2024-11-01,420.0
2,2024-11-01,390.0
5,2024-11-01,400.0
6,2024-11-01,270.0
7,2024-11-01,1180.0
8,2024-11-01,70.0
9,2024-11-01,480.0
10,2024-11-01,640.0
11,2024-11-01,1180.0
12,2024-11-01,960.0
13,2024-11-01,600.0
14,2024-11-01,620.0
16,2024-11-01,2640.0
17,2024-11-01,610.0
18,2024-11-01,680.0
19,2024-11-01,840.0
20,2024-11-01,440.0
21,2024-11-01,560.0
22,2024-11-01,890.0
23,2024-11-01,590.0
24,2024-11-01,610.0
25,2024-11-01,370.0
26,2024-11-01,1120.0
27,2024-11-01,720.0
28,2024-11-01,230.0
32,2024-11-01,360.0
33,2024-11-01,1250.0
35,2024-11-01,180.0
36,2024-11-01,480.0
38,2024-11-01,520.0
39,2024-11-01,230.0
40,2024-11-01,1330.0
42,2024-11-01,890.0
44,2024-11-01,300.0
47,2024-11-01,520.0
49,2024-11-01,520.0
52,2024-11-01,1370.0
55,2024-11-01,800.0
56,2024-11-01,620.0
58,2024-11-01,270.0
60,2024-11-01,190.0
61,2024-11-01,710.0
62,2024-11-01,550.0
63,2024-11-01,410.0
64,2024-11-01,300.0
65,2024-11-01,1100.0
66,2024-11-01,2680.0
67,2024-11-01,1200.0
68,2024-11-01,930.0
71,2024-11-01,1130.0
72,2024-11-01,160.0
73,2024-11-01,1010.0
74,2024-11-01,1110.0
75,2024-11-01,500.0
76,2024-11-01,430.0
77,2024-11-01,1590.0
78,2024-11-01,450.0
79,2024-11-01,760.0
81,2024-11-01,490.0
82,2024-11-01,330.0
83,2024-11-01,1120.0
84,2024-11-01,370.0
85,2024-11-01,520.0
86,2024-11-01,570.0
87,2024-11-01,540.0
90,2024-11-01,1010.0
92,2024-11-01,1750.0
94,2024-11-01,210.0
95,2024-11-01,240.0
97,2024-11-01,430.0
98,2024-11-01,440.0
99,2024-11-01,970.0
100,2024-11-01,1220.0
103,2024-11-01,890.0
104,2024-11-01,330.0
105,2024-11-01,260.0
106,2024-11-01,860.0
107,2024-11-01,540.0
110,2024-11-01,950.0
112,2024-11-01,1910.0
113,2024-11-01,440.0
114,2024-11-01,1410.0
115,2024-11-01,300.0
116,2024-11-01,740.0
117,2024-11-01,360.0
118,2024-11-01,810.0
119,2024-11-01,690.0
120,2024-11-01,180.0
121,2024-11-01,350.0
122,2024-11-01,360.0
123,2024-11-01,120.0
125,2024-11-01,960.0
126,2024-11-01,890.0
127,2024-11-01,890.0
128,2024-11-01,1050.0
129,2024-11-01,660.0
130,2024-11-01,370.0
132,2024-11-01,360.0
133,2024-11-01,680.0
134,2024-11-01,880.0
135,2024-11-01,1240.0
136,2024-11-01,340.0
138,2024-11-01,820.0
139,2024-11-01,650.0
141,2024-11-01,620.0
143,2024-11-01,280.0
144,2024-11-01,180.0
145,2024-11-01,750.0
146,2024-11-01,260.0
148,2024-11-01,270.0
150,2024-11-01,460.0
151,2024-11-01,570.0
152,2024-11-01,410.0
153,2024-11-01,200.0
155,2024-11-01,360.0
156,2024-11-01,610.0
157,2024-11-01,440.0
160,2024-11-01,560.0
161,2024-11-01,500.0
165,2024-11-01,660.0
166,2024-11-01,280.0
167,2024-11-01,900.0
168,2024-11-01,310.0
170,2024-11-01,640.0
171,2024-11-01,430.0
172,2024-11-01,500.0
173,2024-11-01,440.0
174,2024-11-01,470.0
175,2024-11-01,150.0
178,2024-11-01,220.0
180,2024-11-01,670.0
181,2024-11-01,370.0
182,2024-11-01,1610.0
184,2024-11-01,550.0
185,2024-11-01,220.0
187,2024-11-01,380.0
188,2024-11-01,890.0
189,2024-11-01,440.0
190,2024-11-01,440.0
191,2024-11-01,760.0
192,2024-11-01,530.0
193,2024-11-01,430.0
194,2024-11-01,1350.0
195,2024-11-01,710.0
196,2024-11-01,420.0
197,2024-11-01,240.0
198,2024-11-01,380.0
199,2024-11-01,800.0
200,2024-11-01,180.0
201,2024-11-01,360.0
202,2024-11-01,260.0
206,2024-11-01,760.0
207,2024-11-01,1520.0
209,2024-11-01,510.0
211,2024-11-01,550.0
212,2024-11-01,430.0
213,2024-11-01,420.0
214,2024-11-01,960.0
215,2024-11-01,400.0
216,2024-11-01,1440.0
217,2024-11-01,1120.0
218,2024-11-01,220.0
219,2024-11-01,270.0
220,2024-11-01,1570.0
221,2024-11-01,570.0
222,2024-11-01,390.0
223,2024-11-01,920.0
226,2024-11-01,600.0
227,2024-11-01,470.0
229,2024-11-01,260.0
231,2024-11-01,630.0
232,2024-11-01,190.0
233,2024-11-01,350.0
234,2024-11-01,390.0
235,2024-11-01,780.0
236,2024-11-01,1100.0
237,2024-11-01,3220.0
238,2024-11-01,1250.0
239,2024-11-01,970.0
241,2024-11-01,310.0
242,2024-11-01,130.0
243,2024-11-01,280.0
244,2024-11-01,550.0
246,2024-11-01,1650.0
247,2024-11-01,260.0
249,2024-11-01,870.0
250,2024-11-01,840.0
251,2024-11-01,110.0
253,2024-11-01,390.0
254,2024-11-01,330.0
255,2024-11-01,510.0
256,2024-11-01,790.0
257,2024-11-01,160.0
258,2024-11-01,620.0
259,2024-11-01,570.0
260,2024-11-01,810.0
264,2024-11-01,360.0
266,2024-11-01,650.0
267,2024-11-01,690.0
268,2024-11-01,210.0
269,2024-11-01,300.0
270,2024-11-01,1090.0
271,2024-11-01,400.0
272,2024-11-01,230.0
273,2024-11-01,600.0
274,2024-11-01,380.0
275,2024-11-01,520.0
276,2024-11-01,580.0
277,2024-11-01,480.0
278,2024-11-01,470.0
279,2024-11-01,260.0
280,2024-11-01,330.0
281,2024-11-01,670.0
282,2024-11-01,940.0
283,2024-11-01,230.0
284,2024-11-01,520.0
285,2024-11-01,810.0
286,2024-11-01,950.0
287,2024-11-01,320.0
288,2024-11-01,1030.0
290,2024-11-01,210.0
291,2024-11-01,340.0
293,2024-11-01,430.0
294,2024-11-01,420.0
296,2024-11-01,1080.0
297,2024-11-01,340.0
298,2024-11-01,960.0
300,2024-11-01,210.0
301,2024-11-01,240.0
302,2024-11-01,830.0
305,2024-11-01,970.0
306,2024-11-01,350.0
307,2024-11-01,330.0
308,2024-11-01,220.0
309,2024-11-01,250.0
311,2024-11-01,360.0
312,2024-11-01,500.0
313,2024-11-01,100.0
314,2024-11-01,520.0
315,2024-11-01,360.0
316,2024-11-01,320.0
317,2024-11-01,920.0
318,2024-11-01,390.0
319,2024-11-01,590.0
320,2024-11-01,250.0
321,2024-11-01,380.0
322,2024-11-01,860.0
323,2024-11-01,1850.0
324,2024-11-01,510.0
325,2024-11-01,710.0
326,2024-11-01,310.0
327,2024-11-01,190.0
328,2024-11-01,2990.0
329,2024-11-01,270.0
330,2024-11-01,440.0
331,2024-11-01,650.0
332,2024-11-01,320.0
333,2024-11-01,730.0
334,2024-11-01,1220.0
335,2024-11-01,310.0
336,2024-11-01,740.0
337,2024-11-01,410.0
338,2024-11-01,370.0
340,2024-11-01,530.0
341,2024-11-01,180.0
342,2024-11-01,1610.0
344,2024-11-01,2150.0
345,2024-11-01,630.0
346,2024-11-01,1670.0
347,2024-11-01,1060.0
348,2024-11-01,520.0
350,2024-11-01,810.0
351,2024-11-01,700.0
352,2024-11-01,2360.0
354,2024-11-01,170.0
356,2024-11-01,730.0
358,2024-11-01,310.0
359,2024-11-01,230.0
360,2024-11-01,250.0
361,2024-11-01,590.0
363,2024-11-01,430.0
365,2024-11-01,560.0
366,2024-11-01,620.0
369,2024-11-01,800.0
370,2024-11-01,220.0
371,2024-11-01,270.0
372,2024-11-01,180.0
373,2024-11-01,530.0
374,2024-11-01,530.0
375,2024-11-01,380.0
376,2024-11-01,320.0
377,2024-11-01,190.0
379,2024-11-01,640.0
380,2024-11-01,820.0
381,2024-11-01,410.0
382,2024-11-01,650.0
383,2024-11-01,310.0
384,2024-11-01,310.0
385,2024-11-01,840.0
386,2024-11-01,310.0
387,2024-11-01,920.0
388,2024-11-01,240.0
389,2024-11-01,910.0
390,2024-11-01,350.0
393,2024-11-01,340.0
394,2024-11-01,300.0
396,2024-11-01,460.0
397,2024-11-01,640.0
398,2024-11-01,820.0
399,2024-11-01,450.0
400,2024-11-01,1110.0
401,2024-11-01,440.0
402,2024-11-01,240.0
403,2024-11-01,480.0
404,2024-11-01,160.0
405,2024-11-01,420.0
406,2024-11-01,310.0
407,2024-11-01,320.0
408,2024-11-01,420.0
409,2024-11-01,300.0
410,2024-11-01,470.0
411,2024-11-01,620.0
412,2024-11-01,590.0
414,2024-11-01,100.0
415,2024-11-01,380.0
416,2024-11-01,330.0
417,2024-11-01,410.0
418,2024-11-01,260.0
419,2024-11-01,260.0
420,2024-11-01,190.0
421,2024-11-01,1100.0
423,2024-11-01,2140.0
424,2024-11-01,400.0
425,2024-11-01,380.0
426,2024-11-01,440.0
428,2024-11-01,310.0
429,2024-11-01,640.0
430,2024-11-01,800.0
431,2024-11-01,270.0
432,2024-11-01,780.0
433,2024-11-01,890.0
434,2024-11-01,520.0
435,2024-11-01,680.0
436,2024-11-01,300.0
437,2024-11-01,1040.0
438,2024-11-01,430.0
439,2024-11-01,430.0
440,2024-11-01,240.0
441,2024-11-01,870.0
442,2024-11-01,170.0
443,2024-11-01,1250.0
444,2024-11-01,430.0
445,2024-11-01,390.0
446,2024-11-01,290.0
447,2024-11-01,230.0
448,2024-11-01,790.0
449,2024-11-01,480.0
450,2024-11-01,350.0
451,2024-11-01,660.0
453,2024-11-01,370.0
454,2024-11-01,250.0
455,2024-11-01,1000.0
456,2024-11-01,540.0
458,2024-11-01,180.0
459,2024-11-01,640.0
460,2024-11-01,220.0
461,2024-11-01,700.0
462,2024-11-01,580.0
463,2024-11-01,230.0
464,2024-11-01,680.0
465,2024-11-01,1300.0
466,2024-11-01,980.0
467,2024-11-01,550.0
468,2024-11-01,1160.0
469,2024-11-01,650.0
470,2024-11-01,370.0
471,2024-11-01,810.0
472,2024-11-01,1500.0
473,2024-11-01,580.0
474,2024-11-01,550.0
476,2024-11-01,450.0
477,2024-11-01,150.0
478,2024-11-01,1180.0
479,2024-11-01,720.0
480,2024-11-01,350.0
482,2024-11-01,350.0
483,2024-11-01,340.0
484,2024-11-01,110.0
485,2024-11-01,730.0
486,2024-11-01,230.0
487,2024-11-01,770.0
488,2024-11-01,510.0
489,2024-11-01,1150.0
490,2024-11-01,1300.0
491,2024-11-01,110.0
492,2024-11-01,1770.0
493,2024-11-01,150.0
494,2024-11-01,390.0
495,2024-11-01,1160.0
496,2024-11-01,700.0
497,2024-11-01,1460.0
498,2024-11-01,330.0
499,2024-11-01,800.0
500,2024-11-01,540.0
501,2024-11-01,600.0
502,2024-11-01,750.0
503,2024-11-01,680.0
504,2024-11-01,630.0
505,2024-11-01,310.0
506,2024-11-01,1220.0
508,2024-11-01,490.0
509,2024-11-01,590.0
510,2024-11-01,290.0
512,2024-11-01,830.0
514,2024-11-01,520.0
516,2024-11-01,980.0
517,2024-11-01,530.0
518,2024-11-01,470.0
519,2024-11-01,300.0
520,2024-11-01,240.0
521,2024-11-01,300.0
522,2024-11-01,620.0
523,2024-11-01,300.0
524,2024-11-01,270.0
525,2024-11-01,130.0
527,2024-11-01,230.0
528,2024-11-01,1320.0
529,2024-11-01,750.0
530,2024-11-01,1420.0
531,2024-11-01,450.0
532,2024-11-01,220.0
533,2024-11-01,940.0
534,2024-11-01,650.0
535,2024-11-01,770.0
536,2024-11-01,250.0
537,2024-11-01,280.0
538,2024-11-01,260.0
539,2024-11-01,830.0
541,2024-11-01,380.0
542,2024-11-01,580.0
543,2024-11-01,390.0
544,2024-11-01,1050.0
545,2024-11-01,460.0
546,2024-11-01,240.0
547,2024-11-01,160.0
548,2024-11-01,1690.0
549,2024-11-01,280.0
550,2024-11-01,310.0
551,2024-11-01,150.0
552,2024-11-01,360.0
553,2024-11-01,1130.0
554,2024-11-01,300.0
555,2024-11-01,290.0
556,2024-11-01,850.0
557,2024-11-01,350.0
558,2024-11-01,290.0
559,2024-11-01,270.0
560,2024-11-01,630.0
561,2024-11-01,620.0
562,2024-11-01,180.0
563,2024-11-01,580.0
565,2024-11-01,280.0
566,2024-11-01,310.0
567,2024-11-01,160.0
568,2024-11-01,320.0
569,2024-11-01,690.0
570,2024-11-01,200.0
571,2024-11-01,630.0
572,2024-11-01,350.0
573,2024-11-01,240.0
574,2024-11-01,700.0
575,2024-11-01,260.0
576,2024-11-01,420.0
577,2024-11-01,450.0
578,2024-11-01,740.0
579,2024-11-01,600.0
580,2024-11-01,310.0
581,2024-11-01,270.0
582,2024-11-01,370.0
583,2024-11-01,1060.0
584,2024-11-01,100.0
585,2024-11-01,1500.0
586,2024-11-01,160.0
587,2024-11-01,160.0
588,2024-11-01,1180.0
590,2024-11-01,190.0
591,2024-11-01,780.0
592,2024-11-01,510.0
593,2024-11-01,800.0
594,2024-11-01,550.0
595,2024-11-01,350.0
596,2024-11-01,320.0
597,2024-11-01,570.0
598,2024-11-01,550.0
599,2024-11-01,360.0
600,2024-11-01,980.0
601,2024-11-01,390.0
602,2024-11-01,260.0
603,2024-11-01,500.0
605,2024-11-01,360.0
606,2024-11-01,580.0
607,2024-11-01,430.0
608,2024-11-01,190.0
609,2024-11-01,390.0
610,2024-11-01,1080.0
611,2024-11-01,450.0
612,2024-11-01,360.0
613,2024-11-01,910.0
614,2024-11-01,230.0
615,2024-11-01,290.0
616,2024-11-01,190.0
617,2024-11-01,500.0
618,2024-11-01,310.0
619,2024-11-01,300.0
620,2024-11-01,510.0
621,2024-11-01,370.0
622,2024-11-01,290.0
623,2024-11-01,670.0
624,2024-11-01,230.0
625,2024-11-01,290.0
626,2024-11-01,360.0
627,2024-11-01,390.0
628,2024-11-01,840.0
629,2024-11-01,540.0
630,2024-11-01,200.0
631,2024-11-01,780.0
632,2024-11-01,340.0
633,2024-11-01,310.0
634,2024-11-01,210.0
635,2024-11-01,1060.0
636,2024-11-01,710.0
637,2024-11-01,1090.0
638,2024-11-01,870.0
639,2024-11-01,230.0
640,2024-11-01,650.0
641,2024-11-01,240.0
642,2024-11-01,370.0
643,2024-11-01,270.0
644,2024-11-01,890.0
646,2024-11-01,370.0
647,2024-11-01,210.0
648,2024-11-01,280.0
649,2024-11-01,410.0
650,2024-11-01,500.0
651,2024-11-01,240.0
652,2024-11-01,440.0
653,2024-11-01,450.0
654,2024-11-01,510.0
655,2024-11-01,770.0
656,2024-11-01,730.0
657,2024-11-01,760.0
658,2024-11-01,990.0
659,2024-11-01,290.0
660,2024-11-01,290.0
661,2024-11-01,290.0
662,2024-11-01,740.0
663,2024-11-01,500.0
664,2024-11-01,360.0
665,2024-11-01,480.0
666,2024-11-01,410.0
667,2024-11-01,1140.0
668,2024-11-01,290.0
669,2024-11-01,470.0
670,2024-11-01,600.0
671,2024-11-01,470.0
672,2024-11-01,510.0
673,2024-11-01,230.0
674,2024-11-01,1780.0
675,2024-11-01,580.0
676,2024-11-01,210.0
677,2024-11-01,550.0
678,2024-11-01,180.0
679,2024-11-01,720.0
680,2024-11-01,240.0
681,2024-11-01,2180.0
682,2024-11-01,220.0
683,2024-11-01,340.0
684,2024-11-01,320.0
685,2024-11-01,650.0
1,2024-12-01,420.0
2,2024-12-01,390.0
5,2024-12-01,500.0
6,2024-12-01,270.0
7,2024-12-01,1180.0
8,2024-12-01,70.0
9,2024-12-01,480.0
10,2024-12-01,640.0
11,2024-12-01,1180.0
12,2024-12-01,960.0
13,2024-12-01,600.0
14,2024-12-01,620.0
16,2024-12-01,2640.0
17,2024-12-01,610.0
18,2024-12-01,680.0
19,2024-12-01,840.0
20,2024-12-01,440.0
21,2024-12-01,560.0
22,2024-12-01,890.0
23,2024-12-01,590.0
24,2024-12-01,610.0
25,2024-12-01,370.0
26,2024-12-01,1120.0
27,2024-12-01,720.0
28,2024-12-01,230.0
32,2024-12-01,360.0
33,2024-12-01,1250.0
35,2024-12-01,180.0
36,2024-12-01,480.0
38,2024-12-01,520.0
39,2024-12-01,230.0
40,2024-12-01,1330.0
42,2024-12-01,890.0
44,2024-12-01,300.0
47,2024-12-01,520.0
49,2024-12-01,520.0
52,2024-12-01,1370.0
55,2024-12-01,800.0
56,2024-12-01,620.0
58,2024-12-01,270.0
60,2024-12-01,190.0
61,2024-12-01,710.0
62,2024-12-01,550.0
63,2024-12-01,410.0
64,2024-12-01,300.0
65,2024-12-01,1100.0
66,2024-12-01,2680.0
67,2024-12-01,1200.0
68,2024-12-01,930.0
71,2024-12-01,1130.0
72,2024-12-01,160.0
73,2024-12-01,1010.0
74,2024-12-01,1110.0
75,2024-12-01,500.0
76,2024-12-01,310.0
77,2024-12-01,1590.0
78,2024-12-01,450.0
81,2024-12-01,490.0
82,2024-12-01,330.0
83,2024-12-01,1120.0
84,2024-12-01,370.0
85,2024-12-01,520.0
86,2024-12-01,570.0
87,2024-12-01,540.0
90,2024-12-01,1010.0
92,2024-12-01,1750.0
94,2024-12-01,210.0
95,2024-12-01,240.0
97,2024-12-01,430.0
98,2024-12-01,440.0
99,2024-12-01,970.0
100,2024-12-01,970.0
103,2024-12-01,890.0
104,2024-12-01,330.0
105,2024-12-01,260.0
106,2024-12-01,1190.0
107,2024-12-01,540.0
110,2024-12-01,950.0
112,2024-12-01,1910.0
113,2024-12-01,440.0
114,2024-12-01,1410.0
115,2024-12-01,300.0
116,2024-12-01,740.0
117,2024-12-01,360.0
118,2024-12-01,810.0
119,2024-12-01,690.0
120,2024-12-01,180.0
121,2024-12-01,350.0
122,2024-12-01,360.0
123,2024-12-01,120.0
125,2024-12-01,960.0
126,2024-12-01,890.0
127,2024-12-01,890.0
128,2024-12-01,1050.0
129,2024-12-01,790.0
130,2024-12-01,370.0
132,2024-12-01,360.0
133,2024-12-01,680.0
134,2024-12-01,880.0
135,2024-12-01,1240.0
136,2024-12-01,340.0
138,2024-12-01,820.0
139,2024-12-01,650.0
141,2024-12-01,620.0
143,2024-12-01,280.0
144,2024-12-01,180.0
145,2024-12-01,750.0
146,2024-12-01,260.0
148,2024-12-01,270.0
150,2024-12-01,460.0
151,2024-12-01,570.0
152,2024-12-01,410.0
153,2024-12-01,200.0
155,2024-12-01,360.0
156,2024-12-01,610.0
157,2024-12-01,440.0
160,2024-12-01,560.0
161,2024-12-01,500.0
165,2024-12-01,660.0
166,2024-12-01,280.0
167,2024-12-01,900.0
168,2024-12-01,310.0
170,2024-12-01,640.0
171,2024-12-01,430.0
172,2024-12-01,500.0
173,2024-12-01,440.0
174,2024-12-01,470.0
175,2024-12-01,150.0
178,2024-12-01,220.0
180,2024-12-01,670.0
181,2024-12-01,370.0
182,2024-12-01,1610.0
184,2024-12-01,550.0
185,2024-12-01,220.0
187,2024-12-01,380.0
188,2024-12-01,890.0
189,2024-12-01,440.0
190,2024-12-01,440.0
191,2024-12-01,760.0
192,2024-12-01,530.0
193,2024-12-01,430.0
194,2024-12-01,1350.0
195,2024-12-01,710.0
196,2024-12-01,420.0
197,2024-12-01,240.0
198,2024-12-01,380.0
199,2024-12-01,800.0
200,2024-12-01,180.0
201,2024-12-01,360.0
202,2024-12-01,260.0
206,2024-12-01,760.0
207,2024-12-01,1520.0
209,2024-12-01,510.0
211,2024-12-01,390.0
212,2024-12-01,430.0
213,2024-12-01,420.0
214,2024-12-01,960.0
215,2024-12-01,400.0
216,2024-12-01,1440.0
217,2024-12-01,1120.0
218,2024-12-01,220.0
219,2024-12-01,270.0
220,2024-12-01,1570.0
221,2024-12-01,570.0
222,2024-12-01,390.0
223,2024-12-01,920.0
226,2024-12-01,600.0
227,2024-12-01,470.0
229,2024-12-01,260.0
231,2024-12-01,630.0
232,2024-12-01,190.0
233,2024-12-01,350.0
234,2024-12-01,390.0
235,2024-12-01,780.0
236,2024-12-01,1100.0
237,2024-12-01,3220.0
238,2024-12-01,1250.0
239,2024-12-01,970.0
241,2024-12-01,310.0
242,2024-12-01,130.0
243,2024-12-01,280.0
244,2024-12-01,550.0
246,2024-12-01,1650.0
247,2024-12-01,370.0
249,2024-12-01,1300.0
250,2024-12-01,840.0
251,2024-12-01,110.0
253,2024-12-01,390.0
254,2024-12-01,330.0
255,2024-12-01,510.0
256,2024-12-01,790.0
257,2024-12-01,160.0
258,2024-12-01,620.0
259,2024-12-01,570.0
260,2024-12-01,810.0
264,2024-12-01,360.0
266,2024-12-01,650.0
267,2024-12-01,690.0
268,2024-12-01,210.0
269,2024-12-01,300.0
270,2024-12-01,1090.0
271,2024-12-01,400.0
272,2024-12-01,230.0
273,2024-12-01,600.0
274,2024-12-01,380.0
275,2024-12-01,420.0
276,2024-12-01,580.0
277,2024-12-01,480.0
278,2024-12-01,470.0
279,2024-12-01,260.0
280,2024-12-01,330.0
281,2024-12-01,670.0
282,2024-12-01,940.0
283,2024-12-01,230.0
284,2024-12-01,520.0
285,2024-12-01,810.0
286,2024-12-01,950.0
287,2024-12-01,320.0
288,2024-12-01,1030.0
290,2024-12-01,210.0
291,2024-12-01,340.0
293,2024-12-01,430.0
294,2024-12-01,420.0
296,2024-12-01,1080.0
297,2024-12-01,340.0
298,2024-12-01,960.0
300,2024-12-01,210.0
301,2024-12-01,280.0
302,2024-12-01,830.0
305,2024-12-01,970.0
306,2024-12-01,350.0
307,2024-12-01,330.0
308,2024-12-01,280.0
309,2024-12-01,180.0
311,2024-12-01,360.0
313,2024-12-01,100.0
315,2024-12-01,360.0
316,2024-12-01,470.0
317,2024-12-01,920.0
318,2024-12-01,390.0
320,2024-12-01,250.0
321,2024-12-01,380.0
322,2024-12-01,860.0
323,2024-12-01,1850.0
324,2024-12-01,510.0
325,2024-12-01,710.0
326,2024-12-01,310.0
328,2024-12-01,2990.0
329,2024-12-01,270.0
330,2024-12-01,440.0
331,2024-12-01,650.0
332,2024-12-01,320.0
333,2024-12-01,730.0
334,2024-12-01,1220.0
335,2024-12-01,310.0
336,2024-12-01,740.0
337,2024-12-01,410.0
338,2024-12-01,370.0
340,2024-12-01,530.0
341,2024-12-01,180.0
342,2024-12-01,1610.0
344,2024-12-01,2150.0
345,2024-12-01,630.0
346,2024-12-01,1670.0
347,2024-12-01,1060.0
348,2024-12-01,520.0
350,2024-12-01,810.0
351,2024-12-01,700.0
352,2024-12-01,1790.0
354,2024-12-01,170.0
356,2024-12-01,730.0
358,2024-12-01,310.0
359,2024-12-01,230.0
360,2024-12-01,250.0
361,2024-12-01,590.0
363,2024-12-01,430.0
365,2024-12-01,560.0
366,2024-12-01,620.0
369,2024-12-01,800.0
370,2024-12-01,220.0
371,2024-12-01,270.0
372,2024-12-01,180.0
373,2024-12-01,530.0
374,2024-12-01,530.0
375,2024-12-01,380.0
376,2024-12-01,320.0
377,2024-12-01,190.0
379,2024-12-01,870.0
380,2024-12-01,820.0
381,2024-12-01,410.0
382,2024-12-01,650.0
383,2024-12-01,310.0
384,2024-12-01,310.0
385,2024-12-01,840.0
386,2024-12-01,310.0
387,2024-12-01,920.0
388,2024-12-01,240.0
389,2024-12-01,910.0
390,2024-12-01,350.0
393,2024-12-01,340.0
394,2024-12-01,300.0
396,2024-12-01,460.0
397,2024-12-01,640.0
398,2024-12-01,820.0
399,2024-12-01,450.0
400,2024-12-01,1110.0
401,2024-12-01,440.0
402,2024-12-01,240.0
403,2024-12-01,390.0
404,2024-12-01,160.0
405,2024-12-01,420.0
406,2024-12-01,310.0
407,2024-12-01,320.0
408,2024-12-01,420.0
409,2024-12-01,300.0
410,2024-12-01,470.0
411,2024-12-01,620.0
412,2024-12-01,590.0
414,2024-12-01,100.0
415,2024-12-01,380.0
416,2024-12-01,330.0
417,2024-12-01,590.0
419,2024-12-01,330.0
420,2024-12-01,190.0
421,2024-12-01,1100.0
424,2024-12-01,400.0
425,2024-12-01,380.0
426,2024-12-01,440.0
428,2024-12-01,310.0
429,2024-12-01,930.0
430,2024-12-01,800.0
431,2024-12-01,270.0
432,2024-12-01,780.0
433,2024-12-01,890.0
434,2024-12-01,520.0
435,2024-12-01,680.0
436,2024-12-01,300.0
437,2024-12-01,1040.0
438,2024-12-01,430.0
439,2024-12-01,430.0
440,2024-12-01,240.0
441,2024-12-01,870.0
442,2024-12-01,170.0
443,2024-12-01,1250.0
444,2024-12-01,430.0
445,2024-12-01,390.0
446,2024-12-01,290.0
447,2024-12-01,230.0
448,2024-12-01,790.0
449,2024-12-01,480.0
450,2024-12-01,350.0
451,2024-12-01,660.0
453,2024-12-01,370.0
454,2024-12-01,250.0
455,2024-12-01,1000.0
456,2024-12-01,540.0
458,2024-12-01,180.0
459,2024-12-01,640.0
460,2024-12-01,220.0
461,2024-12-01,700.0
462,2024-12-01,580.0
463,2024-12-01,230.0
464,2024-12-01,680.0
465,2024-12-01,1300.0
466,2024-12-01,1280.0
467,2024-12-01,550.0
468,2024-12-01,1160.0
469,2024-12-01,650.0
470,2024-12-01,370.0
471,2024-12-01,810.0
472,2024-12-01,2090.0
473,2024-12-01,580.0
474,2024-12-01,550.0
476,2024-12-01,450.0
477,2024-12-01,150.0
478,2024-12-01,1180.0
479,2024-12-01,720.0
480,2024-12-01,350.0
482,2024-12-01,350.0
483,2024-12-01,340.0
484,2024-12-01,110.0
485,2024-12-01,730.0
486,2024-12-01,230.0
487,2024-12-01,770.0
488,2024-12-01,510.0
489,2024-12-01,1150.0
490,2024-12-01,1300.0
491,2024-12-01,110.0
492,2024-12-01,1770.0
493,2024-12-01,150.0
494,2024-12-01,390.0
495,2024-12-01,1160.0
496,2024-12-01,700.0
497,2024-12-01,1460.0
498,2024-12-01,330.0
499,2024-12-01,800.0
500,2024-12-01,540.0
501,2024-12-01,600.0
502,2024-12-01,750.0
503,2024-12-01,680.0
504,2024-12-01,630.0
505,2024-12-01,310.0
506,2024-12-01,1220.0
508,2024-12-01,490.0
509,2024-12-01,590.0
510,2024-12-01,290.0
512,2024-12-01,830.0
514,2024-12-01,520.0
516,2024-12-01,980.0
518,2024-12-01,470.0
519,2024-12-01,300.0
520,2024-12-01,240.0
521,2024-12-01,300.0
522,2024-12-01,620.0
523,2024-12-01,300.0
524,2024-12-01,270.0
525,2024-12-01,130.0
527,2024-12-01,230.0
528,2024-12-01,1320.0
529,2024-12-01,750.0
530,2024-12-01,1420.0
531,2024-12-01,450.0
532,2024-12-01,220.0
533,2024-12-01,940.0
534,2024-12-01,650.0
535,2024-12-01,770.0
536,2024-12-01,330.0
538,2024-12-01,260.0
539,2024-12-01,830.0
541,2024-12-01,380.0
542,2024-12-01,580.0
543,2024-12-01,390.0
544,2024-12-01,1050.0
545,2024-12-01,460.0
546,2024-12-01,240.0
547,2024-12-01,160.0
548,2024-12-01,1690.0
549,2024-12-01,280.0
550,2024-12-01,310.0
551,2024-12-01,150.0
552,2024-12-01,360.0
553,2024-12-01,1130.0
554,2024-12-01,300.0
555,2024-12-01,290.0
556,2024-12-01,850.0
557,2024-12-01,350.0
558,2024-12-01,290.0
559,2024-12-01,270.0
560,2024-12-01,630.0
561,2024-12-01,620.0
562,2024-12-01,180.0
563,2024-12-01,580.0
565,2024-12-01,280.0
566,2024-12-01,310.0
567,2024-12-01,120.0
568,2024-12-01,320.0
569,2024-12-01,690.0
570,2024-12-01,200.0
571,2024-12-01,630.0
572,2024-12-01,350.0
573,2024-12-01,240.0
574,2024-12-01,700.0
575,2024-12-01,260.0
576,2024-12-01,420.0
577,2024-12-01,450.0
578,2024-12-01,740.0
579,2024-12-01,600.0
580,2024-12-01,310.0
581,2024-12-01,270.0
582,2024-12-01,370.0
583,2024-12-01,1060.0
584,2024-12-01,100.0
585,2024-12-01,1500.0
586,2024-12-01,160.0
587,2024-12-01,160.0
588,2024-12-01,1180.0
590,2024-12-01,190.0
591,2024-12-01,780.0
592,2024-12-01,510.0
593,2024-12-01,800.0
594,2024-12-01,550.0
595,2024-12-01,350.0
596,2024-12-01,320.0
597,2024-12-01,570.0
598,2024-12-01,550.0
599,2024-12-01,360.0
600,2024-12-01,980.0
601,2024-12-01,460.0
602,2024-12-01,260.0
603,2024-12-01,500.0
605,2024-12-01,360.0
606,2024-12-01,580.0
607,2024-12-01,430.0
608,2024-12-01,190.0
609,2024-12-01,390.0
610,2024-12-01,1080.0
611,2024-12-01,450.0
612,2024-12-01,360.0
613,2024-12-01,910.0
614,2024-12-01,230.0
615,2024-12-01,290.0
616,2024-12-01,190.0
617,2024-12-01,500.0
618,2024-12-01,310.0
619,2024-12-01,300.0
620,2024-12-01,510.0
621,2024-12-01,370.0
622,2024-12-01,290.0
623,2024-12-01,670.0
624,2024-12-01,230.0
625,2024-12-01,290.0
626,2024-12-01,360.0
627,2024-12-01,390.0
628,2024-12-01,840.0
629,2024-12-01,540.0
630,2024-12-01,260.0
631,2024-12-01,780.0
632,2024-12-01,340.0
633,2024-12-01,310.0
634,2024-12-01,210.0
635,2024-12-01,1060.0
636,2024-12-01,710.0
637,2024-12-01,1090.0
638,2024-12-01,870.0
639,2024-12-01,230.0
640,2024-12-01,650.0
641,2024-12-01,240.0
642,2024-12-01,370.0
643,2024-12-01,270.0
644,2024-12-01,890.0
646,2024-12-01,370.0
647,2024-12-01,210.0
648,2024-12-01,280.0
649,2024-12-01,410.0
650,2024-12-01,500.0
651,2024-12-01,240.0
652,2024-12-01,440.0
653,2024-12-01,450.0
654,2024-12-01,510.0
655,2024-12-01,770.0
656,2024-12-01,730.0
657,2024-12-01,760.0
658,2024-12-01,990.0
659,2024-12-01,290.0
660,2024-12-01,290.0
661,2024-12-01,290.0
662,2024-12-01,740.0
663,2024-12-01,500.0
664,2024-12-01,360.0
666,2024-12-01,410.0
667,2024-12-01,1140.0
668,2024-12-01,290.0
669,2024-12-01,470.0
670,2024-12-01,600.0
671,2024-12-01,470.0
672,2024-12-01,510.0
673,2024-12-01,230.0
674,2024-12-01,1780.0
675,2024-12-01,580.0
676,2024-12-01,210.0
677,2024-12-01,550.0
678,2024-12-01,180.0
679,2024-12-01,720.0
680,2024-12-01,240.0
681,2024-12-01,2180.0
682,2024-12-01,220.0
683,2024-12-01,340.0
684,2024-12-01,320.0
685,2024-12-01,650.0
686,2024-12-01,630.0
687,2024-12-01,120.0
688,2024-12-01,550.0
689,2024-12-01,500.0
690,2024-12-01,440.0
691,2024-12-01,420.0
692,2024-12-01,430.0
693,2024-12-01,350.0
694,2024-12-01,210.0
695,2024-12-01,940.0
696,2024-12-01,630.0
697,2024-12-01,540.0
698,2024-12-01,240.0
699,2024-12-01,610.0
700,2024-12-01,310.0
701,2024-12-01,470.0
702,2024-12-01,330.0
703,2024-12-01,520.0
704,2024-12-01,370.0
705,2024-12-01,220.0
706,2024-12-01,150.0
707,2024-12-01,260.0
708,2024-12-01,310.0
709,2024-12-01,670.0
710,2024-12-01,260.0
711,2024-12-01,610.0
712,2024-12-01,370.0
713,2024-12-01,1300.0
714,2024-12-01,570.0
715,2024-12-01,860.0
716,2024-12-01,590.0
717,2024-12-01,500.0
718,2024-12-01,1110.0
719,2024-12-01,150.0
720,2024-12-01,400.0
1,2025-01-01,420.0
2,2025-01-01,390.0
5,2025-01-01,500.0
6,2025-01-01,270.0
7,2025-01-01,1180.0
8,2025-01-01,70.0
9,2025-01-01,400.0
11,2025-01-01,1180.0
12,2025-01-01,1120.0
13,2025-01-01,440.0
14,2025-01-01,620.0
16,2025-01-01,2640.0
17,2025-01-01,900.0
18,2025-01-01,680.0
19,2025-01-01,840.0
20,2025-01-01,360.0
21,2025-01-01,560.0
22,2025-01-01,890.0
23,2025-01-01,590.0
24,2025-01-01,610.0
25,2025-01-01,370.0
26,2025-01-01,1290.0
27,2025-01-01,720.0
28,2025-01-01,230.0
32,2025-01-01,360.0
33,2025-01-01,1250.0
35,2025-01-01,180.0
36,2025-01-01,480.0
38,2025-01-01,520.0
39,2025-01-01,230.0
40,2025-01-01,1330.0
42,2025-01-01,890.0
44,2025-01-01,300.0
47,2025-01-01,520.0
49,2025-01-01,520.0
52,2025-01-01,1370.0
55,2025-01-01,800.0
56,2025-01-01,620.0
58,2025-01-01,270.0
60,2025-01-01,190.0
61,2025-01-01,710.0
62,2025-01-01,550.0
63,2025-01-01,410.0
64,2025-01-01,430.0
65,2025-01-01,1100.0
66,2025-01-01,2680.0
67,2025-01-01,1200.0
68,2025-01-01,930.0
71,2025-01-01,1130.0
72,2025-01-01,210.0
73,2025-01-01,1010.0
74,2025-01-01,1110.0
75,2025-01-01,500.0
76,2025-01-01,310.0
77,2025-01-01,1590.0
81,2025-01-01,490.0
82,2025-01-01,330.0
83,2025-01-01,1120.0
84,2025-01-01,370.0
85,2025-01-01,520.0
86,2025-01-01,570.0
87,2025-01-01,540.0
90,2025-01-01,1010.0
92,2025-01-01,1750.0
94,2025-01-01,210.0
95,2025-01-01,240.0
97,2025-01-01,430.0
98,2025-01-01,440.0
99,2025-01-01,970.0
100,2025-01-01,970.0
103,2025-01-01,1250.0
104,2025-01-01,330.0
105,2025-01-01,260.0
106,2025-01-01,1190.0
107,2025-01-01,540.0
110,2025-01-01,950.0
112,2025-01-01,1910.0
113,2025-01-01,440.0
114,2025-01-01,1410.0
115,2025-01-01,300.0
116,2025-01-01,740.0
117,2025-01-01,420.0
118,2025-01-01,810.0
119,2025-01-01,690.0
120,2025-01-01,180.0
121,2025-01-01,350.0
122,2025-01-01,360.0
123,2025-01-01,160.0
125,2025-01-01,960.0
126,2025-01-01,890.0
127,2025-01-01,890.0
128,2025-01-01,1050.0
129,2025-01-01,790.0
130,2025-01-01,370.0
132,2025-01-01,360.0
133,2025-01-01,680.0
134,2025-01-01,880.0
135,2025-01-01,1240.0
136,2025-01-01,340.0
138,2025-01-01,820.0
139,2025-01-01,650.0
141,2025-01-01,730.0
143,2025-01-01,280.0
144,2025-01-01,180.0
145,2025-01-01,750.0
146,2025-01-01,260.0
148,2025-01-01,270.0
150,2025-01-01,460.0
151,2025-01-01,570.0
152,2025-01-01,410.0
153,2025-01-01,200.0
155,2025-01-01,360.0
156,2025-01-01,610.0
157,2025-01-01,440.0
160,2025-01-01,560.0
161,2025-01-01,500.0
165,2025-01-01,660.0
166,2025-01-01,280.0
167,2025-01-01,900.0
168,2025-01-01,310.0
170,2025-01-01,640.0
171,2025-01-01,430.0
172,2025-01-01,500.0
173,2025-01-01,440.0
174,2025-01-01,470.0
175,2025-01-01,120.0
178,2025-01-01,220.0
180,2025-01-01,670.0
181,2025-01-01,370.0
182,2025-01-01,1610.0
184,2025-01-01,550.0
185,2025-01-01,220.0
187,2025-01-01,380.0
188,2025-01-01,1220.0
189,2025-01-01,440.0
190,2025-01-01,440.0
191,2025-01-01,760.0
192,2025-01-01,530.0
193,2025-01-01,430.0
194,2025-01-01,1350.0
195,2025-01-01,710.0
196,2025-01-01,420.0
197,2025-01-01,240.0
198,2025-01-01,380.0
199,2025-01-01,800.0
200,2025-01-01,180.0
201,2025-01-01,440.0
202,2025-01-01,260.0
206,2025-01-01,760.0
207,2025-01-01,1520.0
209,2025-01-01,510.0
211,2025-01-01,390.0
212,2025-01-01,430.0
213,2025-01-01,420.0
214,2025-01-01,960.0
215,2025-01-01,400.0
216,2025-01-01,1440.0
218,2025-01-01,220.0
219,2025-01-01,270.0
220,2025-01-01,1570.0
221,2025-01-01,570.0
222,2025-01-01,390.0
223,2025-01-01,1370.0
226,2025-01-01,600.0
227,2025-01-01,470.0
229,2025-01-01,260.0
231,2025-01-01,630.0
232,2025-01-01,190.0
233,2025-01-01,350.0
234,2025-01-01,390.0
235,2025-01-01,780.0
236,2025-01-01,1100.0
237,2025-01-01,3220.0
238,2025-01-01,1250.0
239,2025-01-01,970.0
241,2025-01-01,310.0
242,2025-01-01,130.0
243,2025-01-01,280.0
244,2025-01-01,710.0
246,2025-01-01,1650.0
247,2025-01-01,370.0
249,2025-01-01,1300.0
250,2025-01-01,840.0
251,2025-01-01,110.0
253,2025-01-01,390.0
254,2025-01-01,330.0
255,2025-01-01,510.0
256,2025-01-01,1120.0
257,2025-01-01,160.0
258,2025-01-01,620.0
259,2025-01-01,570.0
260,2025-01-01,810.0
264,2025-01-01,360.0
266,2025-01-01,650.0
267,2025-01-01,690.0
268,2025-01-01,210.0
269,2025-01-01,300.0
270,2025-01-01,1090.0
271,2025-01-01,400.0
272,2025-01-01,230.0
273,2025-01-01,600.0
274,2025-01-01,380.0
275,2025-01-01,420.0
276,2025-01-01,580.0
277,2025-01-01,480.0
278,2025-01-01,470.0
279,2025-01-01,260.0
280,2025-01-01,330.0
281,2025-01-01,670.0
282,2025-01-01,940.0
283,2025-01-01,230.0
284,2025-01-01,520.0
285,2025-01-01,810.0
286,2025-01-01,950.0
287,2025-01-01,320.0
288,2025-01-01,1030.0
290,2025-01-01,210.0
291,2025-01-01,340.0
293,2025-01-01,430.0
294,2025-01-01,420.0
296,2025-01-01,1080.0
297,2025-01-01,340.0
298,2025-01-01,960.0
300,2025-01-01,210.0
301,2025-01-01,280.0
302,2025-01-01,830.0
305,2025-01-01,970.0
306,2025-01-01,270.0
307,2025-01-01,330.0
308,2025-01-01,280.0
309,2025-01-01,180.0
311,2025-01-01,360.0
313,2025-01-01,100.0
315,2025-01-01,500.0
316,2025-01-01,470.0
317,2025-01-01,920.0
318,2025-01-01,390.0
320,2025-01-01,250.0
321,2025-01-01,380.0
322,2025-01-01,1020.0
323,2025-01-01,1850.0
325,2025-01-01,710.0
326,2025-01-01,310.0
328,2025-01-01,2990.0
329,2025-01-01,270.0
330,2025-01-01,440.0
331,2025-01-01,650.0
332,2025-01-01,320.0
333,2025-01-01,730.0
334,2025-01-01,1220.0
335,2025-01-01,310.0
337,2025-01-01,570.0
338,2025-01-01,540.0
340,2025-01-01,530.0
341,2025-01-01,180.0
342,2025-01-01,1610.0
344,2025-01-01,2150.0
345,2025-01-01,630.0
346,2025-01-01,1670.0
347,2025-01-01,1480.0
348,2025-01-01,650.0
350,2025-01-01,810.0
351,2025-01-01,700.0
352,2025-01-01,1790.0
354,2025-01-01,170.0
356,2025-01-01,730.0
358,2025-01-01,310.0
359,2025-01-01,230.0
360,2025-01-01,320.0
361,2025-01-01,590.0
363,2025-01-01,430.0
365,2025-01-01,560.0
366,2025-01-01,620.0
369,2025-01-01,800.0
370,2025-01-01,220.0
371,2025-01-01,270.0
372,2025-01-01,180.0
373,2025-01-01,530.0
374,2025-01-01,530.0
375,2025-01-01,380.0
376,2025-01-01,320.0
377,2025-01-01,190.0
379,2025-01-01,870.0
381,2025-01-01,410.0
382,2025-01-01,650.0
383,2025-01-01,310.0
384,2025-01-01,310.0
385,2025-01-01,840.0
386,2025-01-01,310.0
387,2025-01-01,920.0
388,2025-01-01,240.0
389,2025-01-01,910.0
390,2025-01-01,350.0
393,2025-01-01,340.0
394,2025-01-01,300.0
396,2025-01-01,460.0
397,2025-01-01,640.0
398,2025-01-01,820.0
399,2025-01-01,450.0
400,2025-01-01,1110.0
401,2025-01-01,440.0
402,2025-01-01,240.0
403,2025-01-01,390.0
404,2025-01-01,160.0
405,2025-01-01,420.0
406,2025-01-01,310.0
407,2025-01-01,320.0
408,2025-01-01,420.0
409,2025-01-01,300.0
410,2025-01-01,470.0
411,2025-01-01,620.0
412,2025-01-01,590.0
414,2025-01-01,100.0
415,2025-01-01,380.0
416,2025-01-01,330.0
417,2025-01-01,590.0
419,2025-01-01,330.0
420,2025-01-01,190.0
421,2025-01-01,1100.0
424,2025-01-01,400.0
425,2025-01-01,380.0
426,2025-01-01,440.0
428,2025-01-01,310.0
429,2025-01-01,930.0
430,2025-01-01,800.0
431,2025-01-01,270.0
432,2025-01-01,780.0
433,2025-01-01,890.0
434,2025-01-01,520.0
435,2025-01-01,680.0
436,2025-01-01,300.0
437,2025-01-01,1040.0
438,2025-01-01,430.0
439,2025-01-01,430.0
440,2025-01-01,240.0
441,2025-01-01,870.0
442,2025-01-01,170.0
443,2025-01-01,1840.0
444,2025-01-01,580.0
445,2025-01-01,390.0
446,2025-01-01,290.0
447,2025-01-01,230.0
448,2025-01-01,790.0
449,2025-01-01,480.0
450,2025-01-01,350.0
451,2025-01-01,660.0
453,2025-01-01,370.0
454,2025-01-01,250.0
455,2025-01-01,1000.0
456,2025-01-01,540.0
458,2025-01-01,180.0
459,2025-01-01,640.0
460,2025-01-01,220.0
461,2025-01-01,700.0
462,2025-01-01,580.0
463,2025-01-01,230.0
464,2025-01-01,680.0
465,2025-01-01,1300.0
466,2025-01-01,1280.0
467,2025-01-01,550.0
468,2025-01-01,1160.0
469,2025-01-01,650.0
470,2025-01-01,370.0
471,2025-01-01,810.0
472,2025-01-01,2090.0
473,2025-01-01,580.0
474,2025-01-01,550.0
476,2025-01-01,450.0
477,2025-01-01,150.0
479,2025-01-01,720.0
480,2025-01-01,350.0
482,2025-01-01,350.0
483,2025-01-01,340.0
484,2025-01-01,110.0
485,2025-01-01,730.0
486,2025-01-01,230.0
487,2025-01-01,770.0
488,2025-01-01,510.0
489,2025-01-01,1150.0
490,2025-01-01,1300.0
491,2025-01-01,110.0
492,2025-01-01,1770.0
493,2025-01-01,150.0
494,2025-01-01,390.0
495,2025-01-01,1160.0
496,2025-01-01,700.0
497,2025-01-01,1460.0
498,2025-01-01,330.0
499,2025-01-01,800.0
500,2025-01-01,540.0
501,2025-01-01,600.0
502,2025-01-01,750.0
503,2025-01-01,680.0
504,2025-01-01,630.0
505,2025-01-01,310.0
506,2025-01-01,1220.0
508,2025-01-01,490.0
509,2025-01-01,590.0
510,2025-01-01,290.0
512,2025-01-01,830.0
514,2025-01-01,520.0
516,2025-01-01,980.0
518,2025-01-01,470.0
519,2025-01-01,300.0
520,2025-01-01,240.0
521,2025-01-01,300.0
522,2025-01-01,620.0
523,2025-01-01,300.0
524,2025-01-01,270.0
525,2025-01-01,130.0
527,2025-01-01,230.0
528,2025-01-01,1320.0
529,2025-01-01,750.0
530,2025-01-01,1420.0
531,2025-01-01,450.0
532,2025-01-01,220.0
533,2025-01-01,940.0
534,2025-01-01,650.0
535,2025-01-01,770.0
536,2025-01-01,330.0
538,2025-01-01,390.0
539,2025-01-01,830.0
541,2025-01-01,380.0
542,2025-01-01,580.0
543,2025-01-01,390.0
544,2025-01-01,1050.0
545,2025-01-01,460.0
546,2025-01-01,240.0
547,2025-01-01,160.0
548,2025-01-01,1690.0
549,2025-01-01,280.0
550,2025-01-01,310.0
551,2025-01-01,150.0
552,2025-01-01,360.0
553,2025-01-01,1130.0
554,2025-01-01,300.0
555,2025-01-01,290.0
556,2025-01-01,850.0
557,2025-01-01,350.0
558,2025-01-01,290.0
559,2025-01-01,270.0
560,2025-01-01,630.0
561,2025-01-01,620.0
562,2025-01-01,180.0
563,2025-01-01,580.0
565,2025-01-01,280.0
566,2025-01-01,310.0
567,2025-01-01,120.0
568,2025-01-01,320.0
569,2025-01-01,690.0
570,2025-01-01,200.0
571,2025-01-01,630.0
572,2025-01-01,350.0
573,2025-01-01,240.0
574,2025-01-01,570.0
575,2025-01-01,260.0
576,2025-01-01,420.0
577,2025-01-01,450.0
578,2025-01-01,740.0
579,2025-01-01,600.0
580,2025-01-01,310.0
581,2025-01-01,270.0
582,2025-01-01,370.0
583,2025-01-01,1060.0
584,2025-01-01,120.0
585,2025-01-01,1500.0
586,2025-01-01,160.0
587,2025-01-01,160.0
588,2025-01-01,1180.0
590,2025-01-01,190.0
591,2025-01-01,780.0
592,2025-01-01,510.0
593,2025-01-01,800.0
595,2025-01-01,350.0
596,2025-01-01,320.0
597,2025-01-01,570.0
598,2025-01-01,550.0
599,2025-01-01,360.0
601,2025-01-01,460.0
602,2025-01-01,260.0
603,2025-01-01,500.0
605,2025-01-01,360.0
606,2025-01-01,580.0
607,2025-01-01,430.0
608,2025-01-01,190.0
609,2025-01-01,390.0
610,2025-01-01,1080.0
611,2025-01-01,450.0
612,2025-01-01,360.0
613,2025-01-01,910.0
614,2025-01-01,230.0
615,2025-01-01,290.0
616,2025-01-01,190.0
617,2025-01-01,500.0
618,2025-01-01,310.0
619,2025-01-01,300.0
621,2025-01-01,370.0
622,2025-01-01,290.0
623,2025-01-01,670.0
624,2025-01-01,230.0
625,2025-01-01,290.0
626,2025-01-01,360.0
627,2025-01-01,570.0
628,2025-01-01,840.0
629,2025-01-01,540.0
630,2025-01-01,260.0
631,2025-01-01,780.0
632,2025-01-01,340.0
633,2025-01-01,310.0
634,2025-01-01,210.0
635,2025-01-01,1060.0
636,2025-01-01,710.0
637,2025-01-01,1090.0
638,2025-01-01,1050.0
639,2025-01-01,230.0
640,2025-01-01,650.0
641,2025-01-01,240.0
642,2025-01-01,370.0
643,2025-01-01,270.0
644,2025-01-01,890.0
646,2025-01-01,370.0
647,2025-01-01,210.0
648,2025-01-01,280.0
649,2025-01-01,410.0
650,2025-01-01,500.0
651,2025-01-01,240.0
652,2025-01-01,440.0
653,2025-01-01,450.0
654,2025-01-01,510.0
655,2025-01-01,770.0
656,2025-01-01,730.0
657,2025-01-01,760.0
658,2025-01-01,990.0
659,2025-01-01,290.0
660,2025-01-01,290.0
661,2025-01-01,290.0
662,2025-01-01,740.0
663,2025-01-01,500.0
664,2025-01-01,360.0
666,2025-01-01,410.0
667,2025-01-01,820.0
668,2025-01-01,290.0
669,2025-01-01,470.0
670,2025-01-01,600.0
671,2025-01-01,470.0
672,2025-01-01,510.0
673,2025-01-01,230.0
674,2025-01-01,1780.0
675,2025-01-01,580.0
676,2025-01-01,210.0
677,2025-01-01,550.0
678,2025-01-01,180.0
679,2025-01-01,720.0
680,2025-01-01,240.0
681,2025-01-01,2180.0
682,2025-01-01,220.0
683,2025-01-01,340.0
684,2025-01-01,320.0
685,2025-01-01,650.0
686,2025-01-01,630.0
687,2025-01-01,120.0
688,2025-01-01,550.0
689,2025-01-01,500.0
690,2025-01-01,440.0
691,2025-01-01,420.0
692,2025-01-01,430.0
693,2025-01-01,350.0
694,2025-01-01,210.0
695,2025-01-01,940.0
696,2025-01-01,630.0
697,2025-01-01,540.0
698,2025-01-01,240.0
699,2025-01-01,610.0
700,2025-01-01,310.0
701,2025-01-01,580.0
702,2025-01-01,450.0
703,2025-01-01,520.0
705,2025-01-01,220.0
706,2025-01-01,150.0
707,2025-01-01,260.0
708,2025-01-01,310.0
709,2025-01-01,670.0
710,2025-01-01,260.0
711,2025-01-01,610.0
712,2025-01-01,370.0
713,2025-01-01,1300.0
714,2025-01-01,570.0
715,2025-01-01,860.0
716,2025-01-01,590.0
717,2025-01-01,660.0
718,2025-01-01,1110.0
719,2025-01-01,150.0
720,2025-01-01,400.0
721,2025-01-01,520.0
722,2025-01-01,450.0
723,2025-01-01,530.0
724,2025-01-01,440.0
725,2025-01-01,230.0
726,2025-01-01,200.0
727,2025-01-01,1080.0
728,2025-01-01,1740.0
729,2025-01-01,1000.0
730,2025-01-01,450.0
731,2025-01-01,1110.0
732,2025-01-01,930.0
733,2025-01-01,550.0
734,2025-01-01,360.0
735,2025-01-01,140.0
736,2025-01-01,940.0
737,2025-01-01,680.0
738,2025-01-01,450.0
739,2025-01-01,340.0
740,2025-01-01,390.0
741,2025-01-01,380.0
742,2025-01-01,1210.0
743,2025-01-01,460.0
744,2025-01-01,360.0
745,2025-01-01,620.0
746,2025-01-01,440.0
747,2025-01-01,370.0
748,2025-01-01,420.0
749,2025-01-01,710.0
750,2025-01-01,430.0
1,2025-02-01,420.0
5,2025-02-01,500.0
6,2025-02-01,270.0
7,2025-02-01,1180.0
8,2025-02-01,70.0
9,2025-02-01,400.0
11,2025-02-01,1180.0
12,2025-02-01,1120.0
13,2025-02-01,440.0
14,2025-02-01,620.0
16,2025-02-01,3650.0
17,2025-02-01,900.0
18,2025-02-01,680.0
19,2025-02-01,840.0
20,2025-02-01,360.0
21,2025-02-01,710.0
22,2025-02-01,890.0
23,2025-02-01,590.0
24,2025-02-01,490.0
25,2025-02-01,370.0
26,2025-02-01,1290.0
27,2025-02-01,720.0
28,2025-02-01,230.0
32,2025-02-01,360.0
33,2025-02-01,1250.0
36,2025-02-01,480.0
38,2025-02-01,520.0
39,2025-02-01,230.0
40,2025-02-01,1330.0
42,2025-02-01,890.0
47,2025-02-01,520.0
49,2025-02-01,520.0
52,2025-02-01,1370.0
55,2025-02-01,800.0
56,2025-02-01,620.0
58,2025-02-01,270.0
60,2025-02-01,190.0
61,2025-02-01,710.0
62,2025-02-01,550.0
63,2025-02-01,410.0
64,2025-02-01,430.0
65,2025-02-01,1100.0
66,2025-02-01,2680.0
67,2025-02-01,1200.0
68,2025-02-01,930.0
71,2025-02-01,1130.0
72,2025-02-01,210.0
73,2025-02-01,1010.0
74,2025-02-01,1110.0
75,2025-02-01,500.0
76,2025-02-01,310.0
77,2025-02-01,1590.0
81,2025-02-01,490.0
83,2025-02-01,1120.0
84,2025-02-01,370.0
85,2025-02-01,520.0
86,2025-02-01,570.0
87,2025-02-01,540.0
90,2025-02-01,1010.0
92,2025-02-01,1750.0
94,2025-02-01,210.0
95,2025-02-01,240.0
97,2025-02-01,430.0
98,2025-02-01,440.0
99,2025-02-01,970.0
100,2025-02-01,970.0
103,2025-02-01,1250.0
104,2025-02-01,330.0
105,2025-02-01,260.0
106,2025-02-01,1190.0
107,2025-02-01,540.0
110,2025-02-01,950.0
112,2025-02-01,1910.0
113,2025-02-01,440.0
114,2025-02-01,1410.0
115,2025-02-01,300.0
116,2025-02-01,740.0
117,2025-02-01,420.0
118,2025-02-01,810.0
119,2025-02-01,690.0
120,2025-02-01,180.0
121,2025-02-01,350.0
122,2025-02-01,360.0
123,2025-02-01,160.0
125,2025-02-01,960.0
126,2025-02-01,890.0
127,2025-02-01,890.0
128,2025-02-01,1050.0
129,2025-02-01,790.0
130,2025-02-01,370.0
133,2025-02-01,680.0
134,2025-02-01,880.0
135,2025-02-01,1240.0
136,2025-02-01,340.0
138,2025-02-01,820.0
139,2025-02-01,650.0
141,2025-02-01,730.0
143,2025-02-01,280.0
144,2025-02-01,180.0
145,2025-02-01,750.0
146,2025-02-01,260.0
148,2025-02-01,270.0
150,2025-02-01,460.0
151,2025-02-01,570.0
152,2025-02-01,410.0
153,2025-02-01,200.0
155,2025-02-01,360.0
156,2025-02-01,610.0
157,2025-02-01,440.0
160,2025-02-01,560.0
161,2025-02-01,500.0
165,2025-02-01,660.0
166,2025-02-01,280.0
167,2025-02-01,900.0
168,2025-02-01,310.0
170,2025-02-01,640.0
172,2025-02-01,500.0
173,2025-02-01,440.0
174,2025-02-01,470.0
175,2025-02-01,120.0
178,2025-02-01,220.0
180,2025-02-01,670.0
181,2025-02-01,370.0
182,2025-02-01,1610.0
184,2025-02-01,720.0
185,2025-02-01,220.0
187,2025-02-01,380.0
188,2025-02-01,1220.0
189,2025-02-01,440.0
190,2025-02-01,440.0
191,2025-02-01,760.0
192,2025-02-01,530.0
193,2025-02-01,430.0
194,2025-02-01,1350.0
195,2025-02-01,710.0
196,2025-02-01,420.0
197,2025-02-01,240.0
198,2025-02-01,380.0
199,2025-02-01,800.0
200,2025-02-01,220.0
201,2025-02-01,440.0
202,2025-02-01,260.0
206,2025-02-01,760.0
207,2025-02-01,1520.0
209,2025-02-01,510.0
211,2025-02-01,550.0
212,2025-02-01,430.0
213,2025-02-01,420.0
214,2025-02-01,960.0
215,2025-02-01,400.0
216,2025-02-01,1440.0
218,2025-02-01,220.0
219,2025-02-01,270.0
220,2025-02-01,1570.0
221,2025-02-01,400.0
222,2025-02-01,390.0
223,2025-02-01,1370.0
226,2025-02-01,600.0
227,2025-02-01,470.0
229,2025-02-01,260.0
231,2025-02-01,630.0
232,2025-02-01,190.0
233,2025-02-01,350.0
234,2025-02-01,390.0
235,2025-02-01,780.0
236,2025-02-01,1100.0
237,2025-02-01,3220.0
238,2025-02-01,1250.0
239,2025-02-01,1270.0
241,2025-02-01,310.0
242,2025-02-01,130.0
243,2025-02-01,280.0
244,2025-02-01,710.0
246,2025-02-01,1650.0
247,2025-02-01,370.0
249,2025-02-01,1300.0
250,2025-02-01,840.0
251,2025-02-01,110.0
253,2025-02-01,390.0
254,2025-02-01,330.0
255,2025-02-01,510.0
256,2025-02-01,1120.0
257,2025-02-01,160.0
258,2025-02-01,620.0
259,2025-02-01,570.0
260,2025-02-01,810.0
264,2025-02-01,360.0
266,2025-02-01,650.0
267,2025-02-01,1020.0
268,2025-02-01,210.0
269,2025-02-01,300.0
270,2025-02-01,1090.0
271,2025-02-01,400.0
272,2025-02-01,230.0
273,2025-02-01,600.0
274,2025-02-01,380.0
275,2025-02-01,420.0
276,2025-02-01,580.0
277,2025-02-01,480.0
278,2025-02-01,470.0
279,2025-02-01,260.0
280,2025-02-01,330.0
281,2025-02-01,670.0
282,2025-02-01,940.0
283,2025-02-01,230.0
284,2025-02-01,520.0
285,2025-02-01,810.0
286,2025-02-01,950.0
287,2025-02-01,320.0
288,2025-02-01,1490.0
290,2025-02-01,210.0
291,2025-02-01,340.0
293,2025-02-01,430.0
294,2025-02-01,420.0
296,2025-02-01,1080.0
297,2025-02-01,340.0
298,2025-02-01,960.0
300,2025-02-01,210.0
301,2025-02-01,280.0
302,2025-02-01,830.0
305,2025-02-01,970.0
306,2025-02-01,270.0
307,2025-02-01,330.0
308,2025-02-01,280.0
309,2025-02-01,180.0
311,2025-02-01,360.0
313,2025-02-01,100.0
315,2025-02-01,500.0
316,2025-02-01,470.0
317,2025-02-01,920.0
318,2025-02-01,390.0
320,2025-02-01,210.0
321,2025-02-01,380.0
322,2025-02-01,1020.0
323,2025-02-01,1850.0
325,2025-02-01,710.0
326,2025-02-01,310.0
328,2025-02-01,2990.0
329,2025-02-01,270.0
330,2025-02-01,440.0
331,2025-02-01,650.0
332,2025-02-01,320.0
333,2025-02-01,730.0
334,2025-02-01,1220.0
335,2025-02-01,310.0
337,2025-02-01,570.0
338,2025-02-01,540.0
340,2025-02-01,530.0
341,2025-02-01,220.0
342,2025-02-01,1610.0
344,2025-02-01,2150.0
345,2025-02-01,630.0
346,2025-02-01,2100.0
347,2025-02-01,1480.0
348,2025-02-01,650.0
350,2025-02-01,810.0
351,2025-02-01,700.0
352,2025-02-01,1790.0
354,2025-02-01,220.0
356,2025-02-01,730.0
358,2025-02-01,310.0
359,2025-02-01,230.0
360,2025-02-01,320.0
361,2025-02-01,590.0
363,2025-02-01,560.0
365,2025-02-01,800.0
366,2025-02-01,910.0
369,2025-02-01,960.0
370,2025-02-01,320.0
371,2025-02-01,270.0
372,2025-02-01,180.0
373,2025-02-01,530.0
374,2025-02-01,530.0
375,2025-02-01,380.0
376,2025-02-01,320.0
377,2025-02-01,260.0
379,2025-02-01,870.0
381,2025-02-01,410.0
382,2025-02-01,930.0
383,2025-02-01,310.0
384,2025-02-01,310.0
385,2025-02-01,840.0
386,2025-02-01,310.0
387,2025-02-01,920.0
388,2025-02-01,240.0
389,2025-02-01,910.0
390,2025-02-01,350.0
393,2025-02-01,420.0
394,2025-02-01,300.0
396,2025-02-01,460.0
397,2025-02-01,640.0
398,2025-02-01,820.0
399,2025-02-01,350.0
400,2025-02-01,1320.0
401,2025-02-01,440.0
402,2025-02-01,240.0
403,2025-02-01,390.0
404,2025-02-01,160.0
405,2025-02-01,420.0
406,2025-02-01,310.0
407,2025-02-01,320.0
408,2025-02-01,420.0
409,2025-02-01,300.0
410,2025-02-01,470.0
411,2025-02-01,620.0
412,2025-02-01,590.0
414,2025-02-01,100.0
415,2025-02-01,380.0
416,2025-02-01,330.0
417,2025-02-01,590.0
419,2025-02-01,330.0
420,2025-02-01,190.0
421,2025-02-01,1100.0
424,2025-02-01,400.0
425,2025-02-01,380.0
426,2025-02-01,440.0
428,2025-02-01,310.0
429,2025-02-01,930.0
430,2025-02-01,800.0
431,2025-02-01,270.0
432,2025-02-01,780.0
433,2025-02-01,890.0
434,2025-02-01,520.0
435,2025-02-01,680.0
436,2025-02-01,300.0
437,2025-02-01,1040.0
438,2025-02-01,430.0
439,2025-02-01,430.0
440,2025-02-01,240.0
441,2025-02-01,870.0
442,2025-02-01,170.0
443,2025-02-01,1840.0
444,2025-02-01,580.0
445,2025-02-01,390.0
446,2025-02-01,290.0
447,2025-02-01,230.0
448,2025-02-01,790.0
449,2025-02-01,480.0
450,2025-02-01,350.0
451,2025-02-01,660.0
453,2025-02-01,370.0
454,2025-02-01,250.0
455,2025-02-01,1000.0
456,2025-02-01,540.0
458,2025-02-01,180.0
459,2025-02-01,640.0
460,2025-02-01,220.0
461,2025-02-01,700.0
462,2025-02-01,580.0
463,2025-02-01,230.0
464,2025-02-01,680.0
465,2025-02-01,1300.0
466,2025-02-01,1280.0
467,2025-02-01,550.0
468,2025-02-01,1160.0
469,2025-02-01,650.0
470,2025-02-01,370.0
472,2025-02-01,2090.0
473,2025-02-01,580.0
474,2025-02-01,550.0
476,2025-02-01,450.0
477,2025-02-01,150.0
479,2025-02-01,720.0
480,2025-02-01,350.0
482,2025-02-01,350.0
483,2025-02-01,340.0
484,2025-02-01,110.0
485,2025-02-01,730.0
486,2025-02-01,230.0
487,2025-02-01,770.0
488,2025-02-01,370.0
490,2025-02-01,1590.0
491,2025-02-01,110.0
492,2025-02-01,1770.0
493,2025-02-01,150.0
494,2025-02-01,390.0
495,2025-02-01,1160.0
496,2025-02-01,700.0
497,2025-02-01,1460.0
498,2025-02-01,330.0
499,2025-02-01,800.0
500,2025-02-01,540.0
501,2025-02-01,600.0
502,2025-02-01,750.0
503,2025-02-01,680.0
504,2025-02-01,630.0
505,2025-02-01,310.0
506,2025-02-01,1220.0
508,2025-02-01,490.0
509,2025-02-01,590.0
510,2025-02-01,290.0
512,2025-02-01,630.0
514,2025-02-01,520.0
516,2025-02-01,980.0
518,2025-02-01,470.0
519,2025-02-01,300.0
521,2025-02-01,300.0
522,2025-02-01,620.0
524,2025-02-01,270.0
525,2025-02-01,130.0
527,2025-02-01,230.0
528,2025-02-01,1320.0
529,2025-02-01,750.0
530,2025-02-01,1420.0
531,2025-02-01,450.0
532,2025-02-01,220.0
533,2025-02-01,940.0
534,2025-02-01,650.0
535,2025-02-01,770.0
536,2025-02-01,330.0
538,2025-02-01,390.0
539,2025-02-01,830.0
541,2025-02-01,380.0
542,2025-02-01,580.0
543,2025-02-01,390.0
544,2025-02-01,1050.0
545,2025-02-01,460.0
546,2025-02-01,240.0
547,2025-02-01,160.0
548,2025-02-01,1690.0
549,2025-02-01,280.0
550,2025-02-01,310.0
551,2025-02-01,150.0
552,2025-02-01,360.0
553,2025-02-01,1130.0
554,2025-02-01,300.0
555,2025-02-01,290.0
556,2025-02-01,850.0
557,2025-02-01,350.0
558,2025-02-01,290.0
559,2025-02-01,270.0
560,2025-02-01,630.0
561,2025-02-01,620.0
562,2025-02-01,180.0
563,2025-02-01,580.0
565,2025-02-01,280.0
566,2025-02-01,310.0
567,2025-02-01,120.0
568,2025-02-01,380.0
569,2025-02-01,690.0
570,2025-02-01,200.0
571,2025-02-01,630.0
572,2025-02-01,350.0
573,2025-02-01,240.0
574,2025-02-01,570.0
575,2025-02-01,260.0
576,2025-02-01,420.0
577,2025-02-01,450.0
578,2025-02-01,740.0
579,2025-02-01,600.0
580,2025-02-01,310.0
581,2025-02-01,270.0
582,2025-02-01,370.0
583,2025-02-01,1060.0
584,2025-02-01,120.0
585,2025-02-01,1500.0
586,2025-02-01,160.0
587,2025-02-01,230.0
588,2025-02-01,1180.0
590,2025-02-01,190.0
591,2025-02-01,780.0
592,2025-02-01,510.0
593,2025-02-01,800.0
595,2025-02-01,350.0
596,2025-02-01,320.0
597,2025-02-01,570.0
598,2025-02-01,550.0
599,2025-02-01,360.0
601,2025-02-01,460.0
602,2025-02-01,260.0
603,2025-02-01,500.0
605,2025-02-01,530.0
606,2025-02-01,580.0
607,2025-02-01,430.0
608,2025-02-01,190.0
609,2025-02-01,390.0
610,2025-02-01,1080.0
611,2025-02-01,450.0
612,2025-02-01,360.0
613,2025-02-01,910.0
614,2025-02-01,230.0
615,2025-02-01,290.0
616,2025-02-01,190.0
617,2025-02-01,730.0
618,2025-02-01,310.0
619,2025-02-01,300.0
621,2025-02-01,370.0
622,2025-02-01,290.0
623,2025-02-01,670.0
624,2025-02-01,230.0
625,2025-02-01,290.0
626,2025-02-01,360.0
627,2025-02-01,570.0
628,2025-02-01,840.0
629,2025-02-01,540.0
630,2025-02-01,260.0
631,2025-02-01,780.0
632,2025-02-01,340.0
633,2025-02-01,310.0
634,2025-02-01,210.0
635,2025-02-01,1060.0
636,2025-02-01,710.0
637,2025-02-01,1090.0
638,2025-02-01,1050.0
639,2025-02-01,230.0
641,2025-02-01,240.0
642,2025-02-01,370.0
643,2025-02-01,270.0
644,2025-02-01,890.0
646,2025-02-01,370.0
647,2025-02-01,210.0
648,2025-02-01,280.0
649,2025-02-01,410.0
650,2025-02-01,500.0
651,2025-02-01,240.0
652,2025-02-01,440.0
653,2025-02-01,450.0
655,2025-02-01,770.0
656,2025-02-01,730.0
657,2025-02-01,760.0
658,2025-02-01,990.0
659,2025-02-01,290.0
660,2025-02-01,290.0
661,2025-02-01,290.0
662,2025-02-01,740.0
663,2025-02-01,500.0
664,2025-02-01,360.0
666,2025-02-01,410.0
668,2025-02-01,290.0
669,2025-02-01,470.0
670,2025-02-01,600.0
671,2025-02-01,470.0
672,2025-02-01,510.0
673,2025-02-01,230.0
674,2025-02-01,1780.0
675,2025-02-01,580.0
676,2025-02-01,210.0
677,2025-02-01,550.0
678,2025-02-01,180.0
679,2025-02-01,720.0
680,2025-02-01,240.0
681,2025-02-01,2180.0
682,2025-02-01,220.0
683,2025-02-01,340.0
685,2025-02-01,650.0
686,2025-02-01,630.0
687,2025-02-01,120.0
688,2025-02-01,550.0
689,2025-02-01,500.0
690,2025-02-01,440.0
691,2025-02-01,420.0
692,2025-02-01,430.0
693,2025-02-01,350.0
694,2025-02-01,300.0
695,2025-02-01,940.0
696,2025-02-01,630.0
697,2025-02-01,540.0
698,2025-02-01,240.0
699,2025-02-01,610.0
700,2025-02-01,310.0
701,2025-02-01,580.0
702,2025-02-01,450.0
703,2025-02-01,520.0
705,2025-02-01,220.0
706,2025-02-01,150.0
707,2025-02-01,260.0
708,2025-02-01,310.0
709,2025-02-01,670.0
710,2025-02-01,260.0
711,2025-02-01,610.0
712,2025-02-01,370.0
713,2025-02-01,1300.0
714,2025-02-01,570.0
715,2025-02-01,860.0
716,2025-02-01,590.0
717,2025-02-01,660.0
718,2025-02-01,1110.0
719,2025-02-01,150.0
720,2025-02-01,400.0
721,2025-02-01,520.0
722,2025-02-01,450.0
723,2025-02-01,530.0
724,2025-02-01,440.0
725,2025-02-01,230.0
726,2025-02-01,200.0
727,2025-02-01,1080.0
728,2025-02-01,1740.0
729,2025-02-01,1000.0
730,2025-02-01,450.0
731,2025-02-01,1110.0
732,2025-02-01,930.0
733,2025-02-01,550.0
734,2025-02-01,360.0
735,2025-02-01,140.0
736,2025-02-01,940.0
737,2025-02-01,680.0
738,2025-02-01,450.0
739,2025-02-01,340.0
740,2025-02-01,390.0
742,2025-02-01,1210.0
743,2025-02-01,460.0
744,2025-02-01,360.0
745,2025-02-01,620.0
747,2025-02-01,370.0
748,2025-02-01,420.0
749,2025-02-01,710.0
750,2025-02-01,430.0
751,2025-02-01,780.0
752,2025-02-01,500.0
753,2025-02-01,410.0
754,2025-02-01,400.0
755,2025-02-01,110.0
756,2025-02-01,480.0
757,2025-02-01,870.0
758,2025-02-01,250.0
759,2025-02-01,1670.0
760,2025-02-01,790.0
761,2025-02-01,350.0
762,2025-02-01,520.0
763,2025-02-01,550.0
764,2025-02-01,420.0
765,2025-02-01,280.0
766,2025-02-01,350.0
767,2025-02-01,210.0
768,2025-02-01,370.0
769,2025-02-01,140.0
770,2025-02-01,520.0
771,2025-02-01,460.0
772,2025-02-01,340.0
773,2025-02-01,310.0
774,2025-02-01,410.0
775,2025-02-01,220.0
776,2025-02-01,180.0
777,2025-02-01,1160.0
778,2025-02-01,600.0
779,2025-02-01,330.0
780,2025-02-01,2090.0
781,2025-02-01,720.0
782,2025-02-01,920.0
783,2025-02-01,140.0
784,2025-02-01,530.0
785,2025-02-01,770.0
786,2025-02-01,340.0
787,2025-02-01,400.0
788,2025-02-01,550.0
1,2025-03-01,420.0
5,2025-03-01,500.0
6,2025-03-01,270.0
7,2025-03-01,1180.0
8,2025-03-01,70.0
9,2025-03-01,400.0
11,2025-03-01,1180.0
12,2025-03-01,1120.0
13,2025-03-01,440.0
14,2025-03-01,620.0
16,2025-03-01,3650.0
17,2025-03-01,900.0
18,2025-03-01,680.0
19,2025-03-01,840.0
20,2025-03-01,360.0
21,2025-03-01,710.0
22,2025-03-01,890.0
23,2025-03-01,590.0
24,2025-03-01,490.0
25,2025-03-01,370.0
26,2025-03-01,1290.0
27,2025-03-01,720.0
28,2025-03-01,230.0
32,2025-03-01,360.0
33,2025-03-01,1500.0
36,2025-03-01,480.0
38,2025-03-01,520.0
39,2025-03-01,170.0
40,2025-03-01,1330.0
42,2025-03-01,890.0
47,2025-03-01,520.0
49,2025-03-01,600.0
52,2025-03-01,1370.0
55,2025-03-01,800.0
56,2025-03-01,620.0
58,2025-03-01,270.0
60,2025-03-01,190.0
62,2025-03-01,550.0
63,2025-03-01,410.0
64,2025-03-01,430.0
65,2025-03-01,1100.0
66,2025-03-01,2680.0
67,2025-03-01,1200.0
68,2025-03-01,930.0
72,2025-03-01,210.0
73,2025-03-01,1010.0
74,2025-03-01,1110.0
75,2025-03-01,500.0
76,2025-03-01,310.0
81,2025-03-01,490.0
83,2025-03-01,1120.0
84,2025-03-01,460.0
85,2025-03-01,520.0
86,2025-03-01,570.0
87,2025-03-01,540.0
90,2025-03-01,1010.0
92,2025-03-01,1750.0
94,2025-03-01,210.0
95,2025-03-01,240.0
97,2025-03-01,430.0
98,2025-03-01,440.0
99,2025-03-01,970.0
100,2025-03-01,970.0
103,2025-03-01,1740.0
104,2025-03-01,330.0
105,2025-03-01,260.0
106,2025-03-01,1190.0
107,2025-03-01,540.0
110,2025-03-01,950.0
112,2025-03-01,1910.0
113,2025-03-01,440.0
114,2025-03-01,1410.0
115,2025-03-01,300.0
116,2025-03-01,740.0
117,2025-03-01,420.0
118,2025-03-01,810.0
119,2025-03-01,690.0
120,2025-03-01,180.0
121,2025-03-01,350.0
122,2025-03-01,360.0
123,2025-03-01,160.0
125,2025-03-01,960.0
126,2025-03-01,890.0
127,2025-03-01,890.0
128,2025-03-01,750.0
129,2025-03-01,790.0
130,2025-03-01,370.0
133,2025-03-01,680.0
134,2025-03-01,880.0
135,2025-03-01,1240.0
136,2025-03-01,340.0
138,2025-03-01,820.0
139,2025-03-01,650.0
141,2025-03-01,730.0
143,2025-03-01,280.0
144,2025-03-01,180.0
145,2025-03-01,750.0
146,2025-03-01,260.0
148,2025-03-01,270.0
150,2025-03-01,460.0
151,2025-03-01,420.0
152,2025-03-01,410.0
153,2025-03-01,280.0
155,2025-03-01,360.0
156,2025-03-01,610.0
157,2025-03-01,440.0
160,2025-03-01,560.0
161,2025-03-01,500.0
165,2025-03-01,660.0
166,2025-03-01,280.0
167,2025-03-01,900.0
168,2025-03-01,310.0
170,2025-03-01,640.0
172,2025-03-01,500.0
173,2025-03-01,440.0
174,2025-03-01,470.0
175,2025-03-01,120.0
178,2025-03-01,220.0
180,2025-03-01,670.0
181,2025-03-01,370.0
182,2025-03-01,1610.0
184,2025-03-01,720.0
185,2025-03-01,220.0
187,2025-03-01,380.0
188,2025-03-01,1220.0
189,2025-03-01,440.0
190,2025-03-01,440.0
191,2025-03-01,760.0
192,2025-03-01,530.0
193,2025-03-01,430.0
194,2025-03-01,1350.0
195,2025-03-01,710.0
196,2025-03-01,420.0
197,2025-03-01,240.0
198,2025-03-01,380.0
199,2025-03-01,800.0
200,2025-03-01,220.0
201,2025-03-01,440.0
202,2025-03-01,260.0
206,2025-03-01,760.0
207,2025-03-01,1520.0
209,2025-03-01,510.0
211,2025-03-01,550.0
212,2025-03-01,430.0
213,2025-03-01,420.0
214,2025-03-01,960.0
216,2025-03-01,1670.0
218,2025-03-01,220.0
219,2025-03-01,270.0
220,2025-03-01,1570.0
221,2025-03-01,400.0
222,2025-03-01,390.0
223,2025-03-01,1370.0
226,2025-03-01,600.0
227,2025-03-01,470.0
229,2025-03-01,260.0
231,2025-03-01,630.0
232,2025-03-01,190.0
233,2025-03-01,350.0
234,2025-03-01,390.0
235,2025-03-01,780.0
237,2025-03-01,3220.0
238,2025-03-01,1250.0
239,2025-03-01,1270.0
241,2025-03-01,310.0
242,2025-03-01,130.0
243,2025-03-01,280.0
244,2025-03-01,710.0
246,2025-03-01,1360.0
247,2025-03-01,370.0
249,2025-03-01,1300.0
250,2025-03-01,840.0
251,2025-03-01,110.0
253,2025-03-01,390.0
254,2025-03-01,330.0
255,2025-03-01,510.0
256,2025-03-01,1120.0
257,2025-03-01,160.0
258,2025-03-01,620.0
259,2025-03-01,570.0
260,2025-03-01,810.0
264,2025-03-01,360.0
266,2025-03-01,650.0
267,2025-03-01,1020.0
268,2025-03-01,210.0
269,2025-03-01,300.0
270,2025-03-01,1090.0
271,2025-03-01,400.0
272,2025-03-01,230.0
273,2025-03-01,600.0
274,2025-03-01,290.0
275,2025-03-01,420.0
276,2025-03-01,580.0
277,2025-03-01,480.0
278,2025-03-01,470.0
279,2025-03-01,260.0
280,2025-03-01,330.0
281,2025-03-01,670.0
282,2025-03-01,940.0
283,2025-03-01,230.0
284,2025-03-01,520.0
285,2025-03-01,810.0
286,2025-03-01,950.0
287,2025-03-01,320.0
288,2025-03-01,1490.0
290,2025-03-01,210.0
291,2025-03-01,340.0
293,2025-03-01,430.0
296,2025-03-01,1080.0
297,2025-03-01,340.0
298,2025-03-01,960.0
300,2025-03-01,210.0
301,2025-03-01,280.0
302,2025-03-01,830.0
305,2025-03-01,970.0
306,2025-03-01,270.0
307,2025-03-01,330.0
308,2025-03-01,280.0
309,2025-03-01,180.0
311,2025-03-01,360.0
313,2025-03-01,100.0
315,2025-03-01,500.0
316,2025-03-01,470.0
317,2025-03-01,920.0
318,2025-03-01,390.0
320,2025-03-01,210.0
321,2025-03-01,380.0
322,2025-03-01,1020.0
323,2025-03-01,1850.0
325,2025-03-01,710.0
326,2025-03-01,310.0
328,2025-03-01,2990.0
329,2025-03-01,270.0
330,2025-03-01,440.0
331,2025-03-01,650.0
332,2025-03-01,320.0
333,2025-03-01,730.0
334,2025-03-01,1220.0
335,2025-03-01,310.0
337,2025-03-01,570.0
338,2025-03-01,540.0
340,2025-03-01,530.0
341,2025-03-01,220.0
342,2025-03-01,1610.0
344,2025-03-01,2150.0
345,2025-03-01,630.0
346,2025-03-01,2100.0
347,2025-03-01,1480.0
348,2025-03-01,650.0
350,2025-03-01,810.0
351,2025-03-01,700.0
352,2025-03-01,1790.0
354,2025-03-01,220.0
356,2025-03-01,730.0
358,2025-03-01,310.0
359,2025-03-01,230.0
360,2025-03-01,320.0
361,2025-03-01,590.0
363,2025-03-01,560.0
365,2025-03-01,800.0
366,2025-03-01,910.0
369,2025-03-01,960.0
370,2025-03-01,320.0
371,2025-03-01,270.0
372,2025-03-01,180.0
373,2025-03-01,530.0
374,2025-03-01,530.0
375,2025-03-01,380.0
376,2025-03-01,320.0
377,2025-03-01,260.0
379,2025-03-01,870.0
381,2025-03-01,560.0
382,2025-03-01,930.0
383,2025-03-01,310.0
384,2025-03-01,310.0
385,2025-03-01,840.0
386,2025-03-01,310.0
387,2025-03-01,1360.0
388,2025-03-01,240.0
389,2025-03-01,910.0
390,2025-03-01,350.0
393,2025-03-01,420.0
394,2025-03-01,300.0
396,2025-03-01,460.0
397,2025-03-01,640.0
398,2025-03-01,820.0
399,2025-03-01,350.0
400,2025-03-01,1320.0
401,2025-03-01,440.0
403,2025-03-01,390.0
404,2025-03-01,160.0
405,2025-03-01,620.0
406,2025-03-01,310.0
407,2025-03-01,320.0
408,2025-03-01,420.0
409,2025-03-01,300.0
410,2025-03-01,470.0
411,2025-03-01,620.0
412,2025-03-01,590.0
414,2025-03-01,100.0
415,2025-03-01,380.0
416,2025-03-01,330.0
417,2025-03-01,590.0
419,2025-03-01,330.0
420,2025-03-01,270.0
421,2025-03-01,1100.0
424,2025-03-01,400.0
425,2025-03-01,380.0
426,2025-03-01,440.0
428,2025-03-01,310.0
429,2025-03-01,930.0
430,2025-03-01,800.0
431,2025-03-01,270.0
432,2025-03-01,780.0
433,2025-03-01,890.0
434,2025-03-01,520.0
435,2025-03-01,680.0
436,2025-03-01,300.0
437,2025-03-01,1040.0
438,2025-03-01,430.0
439,2025-03-01,430.0
440,2025-03-01,240.0
441,2025-03-01,610.0
442,2025-03-01,170.0
443,2025-03-01,1840.0
444,2025-03-01,580.0
445,2025-03-01,390.0
446,2025-03-01,290.0
447,2025-03-01,230.0
448,2025-03-01,790.0
449,2025-03-01,480.0
450,2025-03-01,350.0
451,2025-03-01,660.0
453,2025-03-01,370.0
454,2025-03-01,250.0
455,2025-03-01,1360.0
456,2025-03-01,450.0
458,2025-03-01,180.0
459,2025-03-01,640.0
460,2025-03-01,220.0
461,2025-03-01,700.0
462,2025-03-01,580.0
463,2025-03-01,230.0
464,2025-03-01,680.0
465,2025-03-01,1300.0
466,2025-03-01,1280.0
467,2025-03-01,550.0
468,2025-03-01,1160.0
469,2025-03-01,650.0
470,2025-03-01,370.0
472,2025-03-01,2090.0
473,2025-03-01,580.0
474,2025-03-01,550.0
476,2025-03-01,450.0
477,2025-03-01,150.0
479,2025-03-01,720.0
480,2025-03-01,350.0
482,2025-03-01,250.0
483,2025-03-01,340.0
484,2025-03-01,110.0
485,2025-03-01,730.0
486,2025-03-01,230.0
487,2025-03-01,770.0
488,2025-03-01,370.0
490,2025-03-01,1590.0
491,2025-03-01,110.0
492,2025-03-01,1770.0
493,2025-03-01,150.0
494,2025-03-01,390.0
495,2025-03-01,1160.0
496,2025-03-01,700.0
497,2025-03-01,1460.0
498,2025-03-01,330.0
499,2025-03-01,800.0
500,2025-03-01,540.0
501,2025-03-01,600.0
502,2025-03-01,750.0
503,2025-03-01,680.0
504,2025-03-01,630.0
505,2025-03-01,310.0
506,2025-03-01,1220.0
508,2025-03-01,490.0
509,2025-03-01,590.0
510,2025-03-01,290.0
512,2025-03-01,630.0
514,2025-03-01,520.0
516,2025-03-01,980.0
518,2025-03-01,470.0
519,2025-03-01,300.0
521,2025-03-01,300.0
522,2025-03-01,620.0
524,2025-03-01,270.0
525,2025-03-01,130.0
527,2025-03-01,230.0
528,2025-03-01,1320.0
529,2025-03-01,750.0
530,2025-03-01,1420.0
531,2025-03-01,450.0
532,2025-03-01,220.0
533,2025-03-01,940.0
534,2025-03-01,650.0
535,2025-03-01,770.0
536,2025-03-01,390.0
538,2025-03-01,390.0
539,2025-03-01,830.0
541,2025-03-01,380.0
542,2025-03-01,580.0
543,2025-03-01,390.0
544,2025-03-01,1050.0
546,2025-03-01,240.0
547,2025-03-01,160.0
548,2025-03-01,1690.0
549,2025-03-01,280.0
550,2025-03-01,310.0
551,2025-03-01,150.0
552,2025-03-01,360.0
553,2025-03-01,1130.0
554,2025-03-01,300.0
555,2025-03-01,290.0
556,2025-03-01,850.0
558,2025-03-01,290.0
559,2025-03-01,270.0
560,2025-03-01,630.0
561,2025-03-01,620.0
562,2025-03-01,180.0
563,2025-03-01,580.0
565,2025-03-01,280.0
566,2025-03-01,370.0
567,2025-03-01,120.0
568,2025-03-01,380.0
569,2025-03-01,690.0
570,2025-03-01,200.0
571,2025-03-01,630.0
572,2025-03-01,350.0
573,2025-03-01,240.0
574,2025-03-01,570.0
575,2025-03-01,260.0
576,2025-03-01,420.0
577,2025-03-01,450.0
578,2025-03-01,740.0
579,2025-03-01,800.0
580,2025-03-01,310.0
581,2025-03-01,270.0
582,2025-03-01,370.0
583,2025-03-01,1060.0
584,2025-03-01,120.0
585,2025-03-01,1500.0
586,2025-03-01,160.0
587,2025-03-01,230.0
588,2025-03-01,1180.0
590,2025-03-01,190.0
591,2025-03-01,780.0
592,2025-03-01,510.0
593,2025-03-01,800.0
595,2025-03-01,350.0
596,2025-03-01,320.0
597,2025-03-01,570.0
598,2025-03-01,550.0
599,2025-03-01,360.0
601,2025-03-01,460.0
602,2025-03-01,260.0
603,2025-03-01,500.0
605,2025-03-01,530.0
606,2025-03-01,580.0
607,2025-03-01,430.0
608,2025-03-01,190.0
609,2025-03-01,390.0
610,2025-03-01,1080.0
611,2025-03-01,450.0
612,2025-03-01,360.0
613,2025-03-01,910.0
614,2025-03-01,230.0
615,2025-03-01,290.0
616,2025-03-01,190.0
617,2025-03-01,730.0
618,2025-03-01,310.0
619,2025-03-01,300.0
621,2025-03-01,370.0
622,2025-03-01,290.0
623,2025-03-01,670.0
624,2025-03-01,230.0
625,2025-03-01,290.0
626,2025-03-01,360.0
627,2025-03-01,570.0
628,2025-03-01,840.0
629,2025-03-01,540.0
630,2025-03-01,260.0
631,2025-03-01,780.0
632,2025-03-01,340.0
633,2025-03-01,310.0
634,2025-03-01,210.0
635,2025-03-01,1060.0
636,2025-03-01,710.0
637,2025-03-01,1090.0
639,2025-03-01,230.0
641,2025-03-01,240.0
642,2025-03-01,370.0
643,2025-03-01,270.0
644,2025-03-01,890.0
646,2025-03-01,370.0
647,2025-03-01,210.0
648,2025-03-01,280.0
649,2025-03-01,410.0
650,2025-03-01,500.0
652,2025-03-01,440.0
653,2025-03-01,450.0
655,2025-03-01,770.0
656,2025-03-01,730.0
657,2025-03-01,760.0
658,2025-03-01,990.0
659,2025-03-01,290.0
661,2025-03-01,290.0
662,2025-03-01,740.0
663,2025-03-01,500.0
664,2025-03-01,360.0
666,2025-03-01,410.0
668,2025-03-01,290.0
669,2025-03-01,470.0
670,2025-03-01,600.0
671,2025-03-01,470.0
672,2025-03-01,510.0
673,2025-03-01,230.0
674,2025-03-01,1780.0
675,2025-03-01,580.0
676,2025-03-01,210.0
677,2025-03-01,550.0
678,2025-03-01,180.0
679,2025-03-01,990.0
680,2025-03-01,240.0
681,2025-03-01,2180.0
682,2025-03-01,220.0
683,2025-03-01,340.0
685,2025-03-01,650.0
686,2025-03-01,630.0
687,2025-03-01,120.0
688,2025-03-01,550.0
689,2025-03-01,500.0
690,2025-03-01,440.0
691,2025-03-01,420.0
692,2025-03-01,430.0
693,2025-03-01,350.0
694,2025-03-01,300.0
695,2025-03-01,940.0
696,2025-03-01,630.0
697,2025-03-01,540.0
698,2025-03-01,240.0
699,2025-03-01,430.0
700,2025-03-01,310.0
701,2025-03-01,580.0
702,2025-03-01,450.0
703,2025-03-01,520.0
705,2025-03-01,220.0
706,2025-03-01,150.0
707,2025-03-01,260.0
708,2025-03-01,310.0
709,2025-03-01,670.0
710,2025-03-01,390.0
711,2025-03-01,610.0
712,2025-03-01,370.0
713,2025-03-01,1300.0
714,2025-03-01,570.0
715,2025-03-01,860.0
716,2025-03-01,590.0
717,2025-03-01,660.0
718,2025-03-01,1110.0
719,2025-03-01,150.0
720,2025-03-01,400.0
721,2025-03-01,520.0
722,2025-03-01,450.0
723,2025-03-01,530.0
724,2025-03-01,440.0
725,2025-03-01,230.0
726,2025-03-01,200.0
727,2025-03-01,1580.0
728,2025-03-01,1740.0
729,2025-03-01,1000.0
730,2025-03-01,450.0
731,2025-03-01,1110.0
732,2025-03-01,930.0
733,2025-03-01,550.0
734,2025-03-01,360.0
735,2025-03-01,140.0
736,2025-03-01,940.0
737,2025-03-01,680.0
738,2025-03-01,450.0
739,2025-03-01,340.0
740,2025-03-01,390.0
742,2025-03-01,1210.0
743,2025-03-01,460.0
744,2025-03-01,360.0
745,2025-03-01,620.0
747,2025-03-01,370.0
748,2025-03-01,420.0
749,2025-03-01,710.0
750,2025-03-01,430.0
751,2025-03-01,780.0
752,2025-03-01,500.0
753,2025-03-01,410.0
754,2025-03-01,400.0
755,2025-03-01,110.0
756,2025-03-01,480.0
757,2025-03-01,870.0
758,2025-03-01,250.0
759,2025-03-01,1670.0
760,2025-03-01,790.0
761,2025-03-01,350.0
762,2025-03-01,520.0
763,2025-03-01,550.0
764,2025-03-01,420.0
765,2025-03-01,280.0
766,2025-03-01,350.0
767,2025-03-01,210.0
768,2025-03-01,370.0
769,2025-03-01,140.0
770,2025-03-01,520.0
771,2025-03-01,460.0
772,2025-03-01,340.0
773,2025-03-01,310.0
774,2025-03-01,410.0
775,2025-03-01,220.0
776,2025-03-01,180.0
777,2025-03-01,1160.0
779,2025-03-01,330.0
780,2025-03-01,2090.0
781,2025-03-01,720.0
782,2025-03-01,920.0
783,2025-03-01,140.0
784,2025-03-01,530.0
785,2025-03-01,770.0
786,2025-03-01,340.0
787,2025-03-01,400.0
788,2025-03-01,550.0
789,2025-03-01,1930.0
790,2025-03-01,1020.0
791,2025-03-01,320.0
792,2025-03-01,510.0
793,2025-03-01,520.0
794,2025-03-01,140.0
795,2025-03-01,250.0
796,2025-03-01,1020.0
797,2025-03-01,600.0
798,2025-03-01,690.0
799,2025-03-01,220.0
800,2025-03-01,480.0
801,2025-03-01,360.0
802,2025-03-01,210.0
803,2025-03-01,380.0
804,2025-03-01,400.0
805,2025-03-01,490.0
806,2025-03-01,540.0
807,2025-03-01,1470.0
808,2025-03-01,230.0
809,2025-03-01,1000.0
810,2025-03-01,1070.0
811,2025-03-01,850.0
812,2025-03-01,580.0
813,2025-03-01,660.0
814,2025-03-01,870.0
815,2025-03-01,230.0
816,2025-03-01,200.0
817,2025-03-01,330.0
818,2025-03-01,290.0
819,2025-03-01,490.0
820,2025-03-01,230.0
821,2025-03-01,300.0
822,2025-03-01,490.0
823,2025-03-01,180.0
824,2025-03-01,260.0
825,2025-03-01,220.0
826,2025-03-01,1300.0
827,2025-03-01,370.0
828,2025-03-01,180.0
829,2025-03-01,620.0
1,2025-04-01,420.0
5,2025-04-01,500.0
6,2025-04-01,270.0
7,2025-04-01,1180.0
8,2025-04-01,70.0
9,2025-04-01,400.0
11,2025-04-01,1180.0
12,2025-04-01,1120.0
13,2025-04-01,440.0
14,2025-04-01,870.0
16,2025-04-01,3650.0
17,2025-04-01,900.0
18,2025-04-01,680.0
19,2025-04-01,840.0
20,2025-04-01,360.0
21,2025-04-01,710.0
22,2025-04-01,890.0
23,2025-04-01,590.0
24,2025-04-01,490.0
25,2025-04-01,370.0
26,2025-04-01,1290.0
27,2025-04-01,720.0
28,2025-04-01,230.0
32,2025-04-01,360.0
33,2025-04-01,1500.0
36,2025-04-01,480.0
38,2025-04-01,520.0
39,2025-04-01,170.0
40,2025-04-01,1330.0
42,2025-04-01,890.0
47,2025-04-01,740.0
49,2025-04-01,600.0
52,2025-04-01,1370.0
55,2025-04-01,800.0
56,2025-04-01,620.0
58,2025-04-01,270.0
60,2025-04-01,190.0
62,2025-04-01,550.0
63,2025-04-01,410.0
64,2025-04-01,430.0
65,2025-04-01,1100.0
67,2025-04-01,1200.0
68,2025-04-01,930.0
72,2025-04-01,210.0
73,2025-04-01,1010.0
74,2025-04-01,1110.0
75,2025-04-01,500.0
76,2025-04-01,460.0
81,2025-04-01,490.0
83,2025-04-01,1120.0
84,2025-04-01,460.0
85,2025-04-01,520.0
86,2025-04-01,570.0
87,2025-04-01,540.0
90,2025-04-01,1010.0
92,2025-04-01,1360.0
94,2025-04-01,210.0
95,2025-04-01,240.0
97,2025-04-01,430.0
98,2025-04-01,440.0
99,2025-04-01,970.0
100,2025-04-01,970.0
104,2025-04-01,330.0
105,2025-04-01,260.0
106,2025-04-01,1480.0
107,2025-04-01,540.0
112,2025-04-01,1910.0
113,2025-04-01,440.0
114,2025-04-01,1410.0
115,2025-04-01,350.0
116,2025-04-01,740.0
117,2025-04-01,420.0
118,2025-04-01,810.0
119,2025-04-01,690.0
120,2025-04-01,180.0
121,2025-04-01,350.0
122,2025-04-01,360.0
123,2025-04-01,160.0
125,2025-04-01,960.0
126,2025-04-01,890.0
127,2025-04-01,890.0
128,2025-04-01,750.0
129,2025-04-01,1070.0
130,2025-04-01,370.0
133,2025-04-01,680.0
134,2025-04-01,880.0
135,2025-04-01,1240.0
136,2025-04-01,340.0
138,2025-04-01,1040.0
139,2025-04-01,650.0
141,2025-04-01,730.0
143,2025-04-01,280.0
144,2025-04-01,180.0
145,2025-04-01,750.0
146,2025-04-01,260.0
148,2025-04-01,270.0
150,2025-04-01,460.0
151,2025-04-01,420.0
152,2025-04-01,410.0
153,2025-04-01,280.0
155,2025-04-01,360.0
156,2025-04-01,610.0
157,2025-04-01,440.0
160,2025-04-01,560.0
161,2025-04-01,500.0
165,2025-04-01,660.0
166,2025-04-01,280.0
167,2025-04-01,900.0
168,2025-04-01,310.0
170,2025-04-01,640.0
172,2025-04-01,500.0
173,2025-04-01,440.0
174,2025-04-01,470.0
175,2025-04-01,120.0
178,2025-04-01,220.0
180,2025-04-01,670.0
181,2025-04-01,370.0
182,2025-04-01,1610.0
184,2025-04-01,720.0
185,2025-04-01,220.0
187,2025-04-01,380.0
188,2025-04-01,1220.0
189,2025-04-01,440.0
190,2025-04-01,440.0
191,2025-04-01,760.0
192,2025-04-01,530.0
193,2025-04-01,430.0
194,2025-04-01,1350.0
195,2025-04-01,710.0
196,2025-04-01,420.0
197,2025-04-01,240.0
198,2025-04-01,380.0
199,2025-04-01,1160.0
200,2025-04-01,290.0
201,2025-04-01,440.0
202,2025-04-01,260.0
206,2025-04-01,760.0
207,2025-04-01,1520.0
209,2025-04-01,510.0
211,2025-04-01,550.0
212,2025-04-01,430.0
213,2025-04-01,420.0
214,2025-04-01,960.0
216,2025-04-01,1670.0
218,2025-04-01,220.0
219,2025-04-01,270.0
220,2025-04-01,1570.0
221,2025-04-01,400.0
222,2025-04-01,390.0
223,2025-04-01,1370.0
226,2025-04-01,600.0
229,2025-04-01,260.0
231,2025-04-01,630.0
232,2025-04-01,190.0
233,2025-04-01,350.0
234,2025-04-01,390.0
235,2025-04-01,780.0
237,2025-04-01,3220.0
238,2025-04-01,1250.0
239,2025-04-01,1270.0
241,2025-04-01,260.0
242,2025-04-01,130.0
243,2025-04-01,280.0
244,2025-04-01,710.0
246,2025-04-01,1360.0
247,2025-04-01,370.0
249,2025-04-01,1300.0
250,2025-04-01,840.0
251,2025-04-01,110.0
253,2025-04-01,390.0
254,2025-04-01,330.0
255,2025-04-01,510.0
256,2025-04-01,1120.0
257,2025-04-01,230.0
258,2025-04-01,620.0
259,2025-04-01,570.0
260,2025-04-01,810.0
264,2025-04-01,360.0
266,2025-04-01,650.0
267,2025-04-01,1020.0
268,2025-04-01,210.0
269,2025-04-01,300.0
270,2025-04-01,1090.0
271,2025-04-01,400.0
273,2025-04-01,600.0
274,2025-04-01,290.0
275,2025-04-01,420.0
276,2025-04-01,580.0
277,2025-04-01,480.0
278,2025-04-01,470.0
279,2025-04-01,260.0
280,2025-04-01,330.0
281,2025-04-01,670.0
282,2025-04-01,940.0
283,2025-04-01,230.0
284,2025-04-01,520.0
285,2025-04-01,810.0
286,2025-04-01,950.0
287,2025-04-01,320.0
290,2025-04-01,210.0
291,2025-04-01,340.0
293,2025-04-01,430.0
296,2025-04-01,1080.0
297,2025-04-01,340.0
298,2025-04-01,960.0
300,2025-04-01,210.0
301,2025-04-01,280.0
302,2025-04-01,830.0
305,2025-04-01,970.0
306,2025-04-01,270.0
307,2025-04-01,330.0
308,2025-04-01,280.0
309,2025-04-01,180.0
311,2025-04-01,360.0
313,2025-04-01,100.0
315,2025-04-01,500.0
316,2025-04-01,470.0
317,2025-04-01,920.0
318,2025-04-01,390.0
320,2025-04-01,210.0
321,2025-04-01,380.0
322,2025-04-01,1420.0
323,2025-04-01,1850.0
325,2025-04-01,710.0
326,2025-04-01,310.0
328,2025-04-01,2990.0
329,2025-04-01,270.0
330,2025-04-01,440.0
331,2025-04-01,650.0
332,2025-04-01,320.0
333,2025-04-01,730.0
334,2025-04-01,1220.0
335,2025-04-01,310.0
337,2025-04-01,570.0
338,2025-04-01,540.0
340,2025-04-01,530.0
341,2025-04-01,220.0
342,2025-04-01,1610.0
344,2025-04-01,2150.0
345,2025-04-01,630.0
346,2025-04-01,2100.0
347,2025-04-01,1480.0
348,2025-04-01,650.0
350,2025-04-01,810.0
351,2025-04-01,700.0
352,2025-04-01,1790.0
354,2025-04-01,220.0
356,2025-04-01,730.0
358,2025-04-01,310.0
359,2025-04-01,230.0
360,2025-04-01,320.0
361,2025-04-01,590.0
363,2025-04-01,560.0
365,2025-04-01,800.0
366,2025-04-01,910.0
369,2025-04-01,960.0
370,2025-04-01,320.0
371,2025-04-01,270.0
372,2025-04-01,180.0
373,2025-04-01,530.0
374,2025-04-01,530.0
375,2025-04-01,380.0
376,2025-04-01,440.0
377,2025-04-01,260.0
379,2025-04-01,870.0
381,2025-04-01,560.0
382,2025-04-01,930.0
383,2025-04-01,310.0
384,2025-04-01,310.0
385,2025-04-01,840.0
386,2025-04-01,310.0
387,2025-04-01,1360.0
388,2025-04-01,240.0
389,2025-04-01,910.0
390,2025-04-01,350.0
393,2025-04-01,420.0
394,2025-04-01,300.0
396,2025-04-01,460.0
397,2025-04-01,640.0
398,2025-04-01,820.0
399,2025-04-01,350.0
400,2025-04-01,1320.0
401,2025-04-01,440.0
403,2025-04-01,390.0
404,2025-04-01,160.0
405,2025-04-01,620.0
406,2025-04-01,310.0
407,2025-04-01,320.0
408,2025-04-01,420.0
409,2025-04-01,300.0
410,2025-04-01,470.0
411,2025-04-01,620.0
412,2025-04-01,590.0
414,2025-04-01,120.0
415,2025-04-01,380.0
416,2025-04-01,420.0
417,2025-04-01,590.0
419,2025-04-01,330.0
420,2025-04-01,270.0
421,2025-04-01,1100.0
424,2025-04-01,400.0
425,2025-04-01,380.0
426,2025-04-01,440.0
428,2025-04-01,310.0
429,2025-04-01,930.0
430,2025-04-01,800.0
431,2025-04-01,270.0
432,2025-04-01,780.0
433,2025-04-01,890.0
434,2025-04-01,520.0
435,2025-04-01,680.0
436,2025-04-01,360.0
438,2025-04-01,430.0
439,2025-04-01,430.0
441,2025-04-01,610.0
442,2025-04-01,170.0
443,2025-04-01,1840.0
444,2025-04-01,580.0
445,2025-04-01,390.0
446,2025-04-01,290.0
447,2025-04-01,230.0
448,2025-04-01,790.0
450,2025-04-01,350.0
451,2025-04-01,660.0
453,2025-04-01,370.0
454,2025-04-01,250.0
455,2025-04-01,1360.0
456,2025-04-01,450.0
458,2025-04-01,180.0
459,2025-04-01,640.0
460,2025-04-01,220.0
461,2025-04-01,700.0
462,2025-04-01,580.0
463,2025-04-01,230.0
464,2025-04-01,820.0
465,2025-04-01,1300.0
466,2025-04-01,1280.0
467,2025-04-01,740.0
468,2025-04-01,1160.0
469,2025-04-01,650.0
470,2025-04-01,370.0
472,2025-04-01,2090.0
473,2025-04-01,580.0
474,2025-04-01,550.0
476,2025-04-01,450.0
477,2025-04-01,150.0
479,2025-04-01,720.0
480,2025-04-01,350.0
482,2025-04-01,250.0
483,2025-04-01,340.0
484,2025-04-01,110.0
485,2025-04-01,730.0
486,2025-04-01,230.0
487,2025-04-01,770.0
488,2025-04-01,370.0
490,2025-04-01,1590.0
491,2025-04-01,110.0
492,2025-04-01,1770.0
493,2025-04-01,150.0
494,2025-04-01,390.0
495,2025-04-01,1160.0
496,2025-04-01,700.0
497,2025-04-01,1460.0
498,2025-04-01,330.0
499,2025-04-01,800.0
500,2025-04-01,540.0
501,2025-04-01,600.0
502,2025-04-01,750.0
503,2025-04-01,680.0
504,2025-04-01,630.0
505,2025-04-01,310.0
506,2025-04-01,1220.0
508,2025-04-01,490.0
509,2025-04-01,590.0
510,2025-04-01,290.0
512,2025-04-01,630.0
514,2025-04-01,520.0
516,2025-04-01,980.0
518,2025-04-01,470.0
519,2025-04-01,300.0
521,2025-04-01,300.0
522,2025-04-01,620.0
524,2025-04-01,270.0
525,2025-04-01,130.0
527,2025-04-01,230.0
528,2025-04-01,1320.0
529,2025-04-01,750.0
530,2025-04-01,1420.0
531,2025-04-01,450.0
532,2025-04-01,220.0
533,2025-04-01,940.0
534,2025-04-01,650.0
535,2025-04-01,770.0
536,2025-04-01,390.0
538,2025-04-01,390.0
539,2025-04-01,830.0
541,2025-04-01,380.0
543,2025-04-01,390.0
544,2025-04-01,1050.0
546,2025-04-01,240.0
547,2025-04-01,160.0
548,2025-04-01,1690.0
549,2025-04-01,280.0
550,2025-04-01,310.0
551,2025-04-01,150.0
552,2025-04-01,360.0
553,2025-04-01,1130.0
554,2025-04-01,300.0
555,2025-04-01,290.0
556,2025-04-01,850.0
558,2025-04-01,290.0
559,2025-04-01,270.0
560,2025-04-01,630.0
561,2025-04-01,620.0
562,2025-04-01,260.0
563,2025-04-01,580.0
565,2025-04-01,280.0
566,2025-04-01,370.0
567,2025-04-01,120.0
568,2025-04-01,380.0
569,2025-04-01,690.0
570,2025-04-01,200.0
571,2025-04-01,630.0
572,2025-04-01,350.0
573,2025-04-01,290.0
574,2025-04-01,570.0
575,2025-04-01,260.0
576,2025-04-01,420.0
577,2025-04-01,450.0
578,2025-04-01,740.0
579,2025-04-01,800.0
580,2025-04-01,310.0
581,2025-04-01,270.0
582,2025-04-01,370.0
583,2025-04-01,1060.0
584,2025-04-01,120.0
585,2025-04-01,1500.0
586,2025-04-01,160.0
587,2025-04-01,230.0
588,2025-04-01,1180.0
590,2025-04-01,190.0
591,2025-04-01,780.0
592,2025-04-01,510.0
593,2025-04-01,800.0
595,2025-04-01,350.0
596,2025-04-01,320.0
597,2025-04-01,570.0
598,2025-04-01,550.0
599,2025-04-01,360.0
601,2025-04-01,460.0
602,2025-04-01,260.0
603,2025-04-01,500.0
605,2025-04-01,530.0
606,2025-04-01,580.0
607,2025-04-01,430.0
608,2025-04-01,190.0
609,2025-04-01,390.0
610,2025-04-01,1080.0
611,2025-04-01,450.0
612,2025-04-01,360.0
613,2025-04-01,910.0
614,2025-04-01,230.0
615,2025-04-01,290.0
616,2025-04-01,190.0
617,2025-04-01,730.0
618,2025-04-01,310.0
619,2025-04-01,300.0
621,2025-04-01,370.0
622,2025-04-01,290.0
623,2025-04-01,670.0
624,2025-04-01,230.0
625,2025-04-01,290.0
626,2025-04-01,360.0
627,2025-04-01,570.0
628,2025-04-01,840.0
629,2025-04-01,540.0
630,2025-04-01,260.0
631,2025-04-01,780.0
632,2025-04-01,340.0
633,2025-04-01,310.0
634,2025-04-01,210.0
635,2025-04-01,1060.0
636,2025-04-01,710.0
637,2025-04-01,1090.0
639,2025-04-01,230.0
641,2025-04-01,240.0
642,2025-04-01,370.0
643,2025-04-01,400.0
644,2025-04-01,1260.0
646,2025-04-01,370.0
647,2025-04-01,210.0
648,2025-04-01,280.0
649,2025-04-01,410.0
650,2025-04-01,500.0
652,2025-04-01,440.0
653,2025-04-01,670.0
655,2025-04-01,770.0
656,2025-04-01,730.0
657,2025-04-01,760.0
658,2025-04-01,990.0
659,2025-04-01,290.0
661,2025-04-01,290.0
662,2025-04-01,740.0
663,2025-04-01,500.0
664,2025-04-01,360.0
666,2025-04-01,410.0
668,2025-04-01,290.0
669,2025-04-01,470.0
670,2025-04-01,600.0
671,2025-04-01,470.0
672,2025-04-01,510.0
673,2025-04-01,230.0
674,2025-04-01,1780.0
675,2025-04-01,580.0
676,2025-04-01,210.0
677,2025-04-01,550.0
678,2025-04-01,180.0
679,2025-04-01,990.0
680,2025-04-01,240.0
681,2025-04-01,2180.0
682,2025-04-01,220.0
683,2025-04-01,340.0
685,2025-04-01,650.0
686,2025-04-01,630.0
687,2025-04-01,120.0
689,2025-04-01,500.0
690,2025-04-01,440.0
691,2025-04-01,420.0
692,2025-04-01,430.0
693,2025-04-01,350.0
694,2025-04-01,300.0
695,2025-04-01,940.0
696,2025-04-01,630.0
697,2025-04-01,540.0
698,2025-04-01,240.0
699,2025-04-01,430.0
700,2025-04-01,310.0
701,2025-04-01,680.0
702,2025-04-01,450.0
703,2025-04-01,520.0
705,2025-04-01,220.0
706,2025-04-01,200.0
707,2025-04-01,260.0
708,2025-04-01,310.0
709,2025-04-01,670.0
710,2025-04-01,390.0
711,2025-04-01,610.0
712,2025-04-01,370.0
713,2025-04-01,1300.0
714,2025-04-01,570.0
715,2025-04-01,860.0
716,2025-04-01,590.0
717,2025-04-01,660.0
718,2025-04-01,1110.0
719,2025-04-01,150.0
720,2025-04-01,400.0
721,2025-04-01,520.0
722,2025-04-01,450.0
723,2025-04-01,530.0
724,2025-04-01,440.0
725,2025-04-01,230.0
726,2025-04-01,200.0
727,2025-04-01,1580.0
728,2025-04-01,1740.0
729,2025-04-01,1000.0
730,2025-04-01,450.0
731,2025-04-01,1110.0
732,2025-04-01,930.0
733,2025-04-01,550.0
734,2025-04-01,360.0
735,2025-04-01,140.0
736,2025-04-01,940.0
737,2025-04-01,830.0
738,2025-04-01,450.0
739,2025-04-01,340.0
740,2025-04-01,390.0
742,2025-04-01,1210.0
743,2025-04-01,460.0
744,2025-04-01,360.0
745,2025-04-01,620.0
748,2025-04-01,420.0
749,2025-04-01,710.0
750,2025-04-01,430.0
751,2025-04-01,780.0
752,2025-04-01,500.0
753,2025-04-01,410.0
754,2025-04-01,400.0
755,2025-04-01,110.0
756,2025-04-01,480.0
757,2025-04-01,870.0
758,2025-04-01,250.0
759,2025-04-01,1670.0
760,2025-04-01,790.0
761,2025-04-01,350.0
762,2025-04-01,520.0
763,2025-04-01,550.0
764,2025-04-01,420.0
765,2025-04-01,280.0
766,2025-04-01,350.0
767,2025-04-01,210.0
768,2025-04-01,370.0
769,2025-04-01,140.0
770,2025-04-01,520.0
771,2025-04-01,460.0
772,2025-04-01,340.0
773,2025-04-01,310.0
774,2025-04-01,410.0
775,2025-04-01,220.0
776,2025-04-01,180.0
777,2025-04-01,1160.0
779,2025-04-01,330.0
780,2025-04-01,2090.0
781,2025-04-01,720.0
782,2025-04-01,920.0
783,2025-04-01,140.0
784,2025-04-01,530.0
785,2025-04-01,770.0
786,2025-04-01,340.0
787,2025-04-01,580.0
788,2025-04-01,550.0
789,2025-04-01,1930.0
790,2025-04-01,1020.0
791,2025-04-01,320.0
792,2025-04-01,510.0
793,2025-04-01,520.0
794,2025-04-01,140.0
795,2025-04-01,250.0
796,2025-04-01,840.0
797,2025-04-01,600.0
798,2025-04-01,690.0
799,2025-04-01,220.0
800,2025-04-01,480.0
801,2025-04-01,360.0
802,2025-04-01,210.0
803,2025-04-01,380.0
804,2025-04-01,400.0
805,2025-04-01,490.0
806,2025-04-01,540.0
807,2025-04-01,1470.0
808,2025-04-01,230.0
809,2025-04-01,1190.0
810,2025-04-01,1070.0
811,2025-04-01,700.0
812,2025-04-01,580.0
813,2025-04-01,660.0
814,2025-04-01,870.0
815,2025-04-01,230.0
816,2025-04-01,200.0
817,2025-04-01,330.0
818,2025-04-01,290.0
819,2025-04-01,490.0
820,2025-04-01,230.0
821,2025-04-01,300.0
822,2025-04-01,490.0
823,2025-04-01,180.0
824,2025-04-01,260.0
825,2025-04-01,220.0
826,2025-04-01,1300.0
827,2025-04-01,510.0
828,2025-04-01,180.0
829,2025-04-01,620.0
830,2025-04-01,430.0
831,2025-04-01,260.0
832,2025-04-01,220.0
833,2025-04-01,470.0
834,2025-04-01,790.0
835,2025-04-01,490.0
836,2025-04-01,170.0
837,2025-04-01,300.0
838,2025-04-01,480.0
839,2025-04-01,200.0
840,2025-04-01,840.0
841,2025-04-01,120.0
842,2025-04-01,960.0
843,2025-04-01,730.0
844,2025-04-01,500.0
845,2025-04-01,230.0
846,2025-04-01,350.0
847,2025-04-01,540.0
848,2025-04-01,320.0
849,2025-04-01,110.0
850,2025-04-01,960.0
851,2025-04-01,300.0
852,2025-04-01,780.0
853,2025-04-01,1430.0
854,2025-04-01,1800.0
855,2025-04-01,360.0
856,2025-04-01,170.0
857,2025-04-01,1030.0
858,2025-04-01,320.0
859,2025-04-01,370.0
860,2025-04-01,610.0
861,2025-04-01,270.0
862,2025-04-01,380.0
863,2025-04-01,180.0
1,2025-05-01,420.0
5,2025-05-01,500.0
6,2025-05-01,270.0
7,2025-05-01,1180.0
8,2025-05-01,70.0
9,2025-05-01,400.0
11,2025-05-01,1180.0
12,2025-05-01,1120.0
13,2025-05-01,440.0
14,2025-05-01,870.0
16,2025-05-01,3650.0
17,2025-05-01,900.0
18,2025-05-01,680.0
19,2025-05-01,840.0
20,2025-05-01,360.0
21,2025-05-01,710.0
22,2025-05-01,890.0
24,2025-05-01,490.0
25,2025-05-01,370.0
26,2025-05-01,1290.0
27,2025-05-01,720.0
28,2025-05-01,230.0
32,2025-05-01,360.0
33,2025-05-01,1860.0
36,2025-05-01,480.0
38,2025-05-01,520.0
39,2025-05-01,170.0
40,2025-05-01,1330.0
42,2025-05-01,890.0
47,2025-05-01,740.0
49,2025-05-01,600.0
52,2025-05-01,1370.0
55,2025-05-01,800.0
56,2025-05-01,620.0
58,2025-05-01,270.0
60,2025-05-01,190.0
62,2025-05-01,550.0
63,2025-05-01,410.0
64,2025-05-01,430.0
65,2025-05-01,1100.0
67,2025-05-01,1700.0
68,2025-05-01,930.0
72,2025-05-01,210.0
73,2025-05-01,1010.0
74,2025-05-01,1110.0
75,2025-05-01,500.0
76,2025-05-01,390.0
81,2025-05-01,490.0
83,2025-05-01,1120.0
84,2025-05-01,460.0
86,2025-05-01,570.0
87,2025-05-01,540.0
90,2025-05-01,1010.0
92,2025-05-01,1360.0
94,2025-05-01,290.0
95,2025-05-01,240.0
97,2025-05-01,430.0
98,2025-05-01,440.0
99,2025-05-01,970.0
100,2025-05-01,970.0
104,2025-05-01,330.0
105,2025-05-01,260.0
106,2025-05-01,1480.0
107,2025-05-01,540.0
112,2025-05-01,1910.0
113,2025-05-01,440.0
114,2025-05-01,1410.0
115,2025-05-01,350.0
116,2025-05-01,740.0
117,2025-05-01,420.0
119,2025-05-01,690.0
120,2025-05-01,180.0
121,2025-05-01,350.0
123,2025-05-01,160.0
125,2025-05-01,1170.0
126,2025-05-01,890.0
127,2025-05-01,890.0
128,2025-05-01,750.0
129,2025-05-01,1070.0
130,2025-05-01,520.0
133,2025-05-01,680.0
134,2025-05-01,880.0
135,2025-05-01,1240.0
136,2025-05-01,500.0
138,2025-05-01,1040.0
139,2025-05-01,650.0
141,2025-05-01,730.0
143,2025-05-01,280.0
144,2025-05-01,180.0
145,2025-05-01,750.0
146,2025-05-01,260.0
148,2025-05-01,270.0
150,2025-05-01,460.0
151,2025-05-01,550.0
152,2025-05-01,410.0
153,2025-05-01,280.0
155,2025-05-01,360.0
156,2025-05-01,610.0
157,2025-05-01,440.0
160,2025-05-01,560.0
161,2025-05-01,500.0
165,2025-05-01,660.0
166,2025-05-01,280.0
167,2025-05-01,900.0
168,2025-05-01,310.0
170,2025-05-01,640.0
172,2025-05-01,500.0
173,2025-05-01,440.0
174,2025-05-01,670.0
175,2025-05-01,120.0
178,2025-05-01,220.0
180,2025-05-01,670.0
181,2025-05-01,370.0
182,2025-05-01,1610.0
184,2025-05-01,720.0
185,2025-05-01,220.0
187,2025-05-01,380.0
188,2025-05-01,1220.0
189,2025-05-01,440.0
190,2025-05-01,440.0
191,2025-05-01,760.0
192,2025-05-01,530.0
193,2025-05-01,430.0
194,2025-05-01,1350.0
195,2025-05-01,710.0
196,2025-05-01,420.0
197,2025-05-01,240.0
198,2025-05-01,380.0
199,2025-05-01,1160.0
200,2025-05-01,290.0
201,2025-05-01,440.0
202,2025-05-01,260.0
206,2025-05-01,760.0
207,2025-05-01,1520.0
209,2025-05-01,510.0
211,2025-05-01,550.0
212,2025-05-01,430.0
213,2025-05-01,420.0
214,2025-05-01,960.0
216,2025-05-01,1670.0
218,2025-05-01,220.0
219,2025-05-01,370.0
220,2025-05-01,1570.0
221,2025-05-01,400.0
222,2025-05-01,390.0
223,2025-05-01,1370.0
226,2025-05-01,600.0
229,2025-05-01,260.0
231,2025-05-01,630.0
232,2025-05-01,190.0
233,2025-05-01,350.0
234,2025-05-01,390.0
235,2025-05-01,1100.0
237,2025-05-01,3220.0
238,2025-05-01,1250.0
239,2025-05-01,1270.0
241,2025-05-01,260.0
242,2025-05-01,130.0
243,2025-05-01,280.0
244,2025-05-01,710.0
246,2025-05-01,1360.0
247,2025-05-01,370.0
249,2025-05-01,1300.0
250,2025-05-01,840.0
251,2025-05-01,110.0
253,2025-05-01,280.0
254,2025-05-01,330.0
255,2025-05-01,510.0
256,2025-05-01,930.0
257,2025-05-01,230.0
258,2025-05-01,620.0
259,2025-05-01,570.0
260,2025-05-01,810.0
264,2025-05-01,360.0
266,2025-05-01,650.0
267,2025-05-01,1020.0
268,2025-05-01,210.0
269,2025-05-01,300.0
270,2025-05-01,1090.0
271,2025-05-01,520.0
273,2025-05-01,600.0
274,2025-05-01,290.0
275,2025-05-01,420.0
276,2025-05-01,580.0
277,2025-05-01,480.0
278,2025-05-01,470.0
279,2025-05-01,260.0
280,2025-05-01,330.0
281,2025-05-01,670.0
282,2025-05-01,940.0
283,2025-05-01,230.0
284,2025-05-01,520.0
285,2025-05-01,810.0
286,2025-05-01,950.0
287,2025-05-01,320.0
290,2025-05-01,210.0
291,2025-05-01,340.0
293,2025-05-01,430.0
296,2025-05-01,1080.0
297,2025-05-01,340.0
298,2025-05-01,960.0
300,2025-05-01,210.0
301,2025-05-01,280.0
302,2025-05-01,830.0
305,2025-05-01,970.0
306,2025-05-01,270.0
307,2025-05-01,330.0
308,2025-05-01,280.0
309,2025-05-01,180.0
311,2025-05-01,360.0
313,2025-05-01,100.0
315,2025-05-01,500.0
316,2025-05-01,470.0
317,2025-05-01,920.0
318,2025-05-01,390.0
320,2025-05-01,210.0
321,2025-05-01,380.0
322,2025-05-01,1420.0
323,2025-05-01,1850.0
325,2025-05-01,710.0
326,2025-05-01,310.0
328,2025-05-01,2990.0
329,2025-05-01,270.0
330,2025-05-01,440.0
331,2025-05-01,650.0
332,2025-05-01,320.0
333,2025-05-01,730.0
334,2025-05-01,1220.0
335,2025-05-01,310.0
337,2025-05-01,570.0
338,2025-05-01,450.0
340,2025-05-01,530.0
341,2025-05-01,220.0
342,2025-05-01,1610.0
344,2025-05-01,2150.0
345,2025-05-01,630.0
346,2025-05-01,2100.0
347,2025-05-01,1480.0
348,2025-05-01,650.0
350,2025-05-01,810.0
351,2025-05-01,700.0
352,2025-05-01,2480.0
354,2025-05-01,220.0
356,2025-05-01,730.0
358,2025-05-01,310.0
359,2025-05-01,230.0
360,2025-05-01,320.0
361,2025-05-01,590.0
363,2025-05-01,560.0
365,2025-05-01,800.0
366,2025-05-01,910.0
369,2025-05-01,960.0
370,2025-05-01,320.0
371,2025-05-01,270.0
372,2025-05-01,180.0
373,2025-05-01,530.0
374,2025-05-01,530.0
375,2025-05-01,380.0
376,2025-05-01,440.0
377,2025-05-01,260.0
379,2025-05-01,870.0
381,2025-05-01,560.0
382,2025-05-01,930.0
383,2025-05-01,310.0
384,2025-05-01,310.0
385,2025-05-01,840.0
386,2025-05-01,310.0
387,2025-05-01,1360.0
388,2025-05-01,240.0
389,2025-05-01,910.0
390,2025-05-01,350.0
393,2025-05-01,420.0
394,2025-05-01,300.0
396,2025-05-01,460.0
397,2025-05-01,640.0
398,2025-05-01,820.0
399,2025-05-01,350.0
400,2025-05-01,1320.0
401,2025-05-01,440.0
403,2025-05-01,390.0
404,2025-05-01,160.0
405,2025-05-01,620.0
406,2025-05-01,310.0
407,2025-05-01,320.0
408,2025-05-01,420.0
409,2025-05-01,300.0
410,2025-05-01,580.0
411,2025-05-01,620.0
412,2025-05-01,590.0
414,2025-05-01,120.0
415,2025-05-01,380.0
416,2025-05-01,420.0
417,2025-05-01,590.0
419,2025-05-01,330.0
420,2025-05-01,270.0
421,2025-05-01,1100.0
424,2025-05-01,400.0
425,2025-05-01,380.0
426,2025-05-01,440.0
428,2025-05-01,310.0
429,2025-05-01,930.0
430,2025-05-01,800.0
431,2025-05-01,270.0
432,2025-05-01,780.0
433,2025-05-01,890.0
434,2025-05-01,520.0
435,2025-05-01,680.0
436,2025-05-01,360.0
438,2025-05-01,430.0
439,2025-05-01,430.0
441,2025-05-01,610.0
442,2025-05-01,170.0
443,2025-05-01,1840.0
444,2025-05-01,580.0
445,2025-05-01,390.0
446,2025-05-01,290.0
450,2025-05-01,350.0
451,2025-05-01,660.0
453,2025-05-01,440.0
455,2025-05-01,1360.0
456,2025-05-01,450.0
458,2025-05-01,220.0
459,2025-05-01,640.0
460,2025-05-01,270.0
461,2025-05-01,700.0
462,2025-05-01,580.0
463,2025-05-01,230.0
464,2025-05-01,1040.0
465,2025-05-01,1300.0
466,2025-05-01,1280.0
467,2025-05-01,740.0
468,2025-05-01,1580.0
469,2025-05-01,650.0
470,2025-05-01,370.0
472,2025-05-01,2090.0
473,2025-05-01,580.0
474,2025-05-01,550.0
476,2025-05-01,620.0
477,2025-05-01,150.0
479,2025-05-01,720.0
482,2025-05-01,250.0
483,2025-05-01,340.0
484,2025-05-01,110.0
485,2025-05-01,730.0
486,2025-05-01,230.0
487,2025-05-01,770.0
488,2025-05-01,370.0
490,2025-05-01,1590.0
491,2025-05-01,110.0
492,2025-05-01,1770.0
493,2025-05-01,150.0
494,2025-05-01,390.0
495,2025-05-01,1160.0
496,2025-05-01,700.0
497,2025-05-01,1460.0
498,2025-05-01,480.0
499,2025-05-01,800.0
500,2025-05-01,540.0
501,2025-05-01,600.0
502,2025-05-01,750.0
503,2025-05-01,680.0
504,2025-05-01,630.0
505,2025-05-01,310.0
506,2025-05-01,1220.0
508,2025-05-01,490.0
509,2025-05-01,590.0
510,2025-05-01,290.0
512,2025-05-01,630.0
514,2025-05-01,520.0
516,2025-05-01,980.0
518,2025-05-01,470.0
519,2025-05-01,300.0
521,2025-05-01,300.0
522,2025-05-01,620.0
524,2025-05-01,270.0
525,2025-05-01,150.0
527,2025-05-01,230.0
528,2025-05-01,1320.0
529,2025-05-01,750.0
530,2025-05-01,1420.0
531,2025-05-01,450.0
532,2025-05-01,220.0
533,2025-05-01,940.0
534,2025-05-01,650.0
535,2025-05-01,770.0
536,2025-05-01,310.0
538,2025-05-01,390.0
539,2025-05-01,830.0
541,2025-05-01,380.0
543,2025-05-01,390.0
544,2025-05-01,1050.0
546,2025-05-01,240.0
547,2025-05-01,160.0
548,2025-05-01,1690.0
549,2025-05-01,280.0
550,2025-05-01,310.0
551,2025-05-01,150.0
552,2025-05-01,360.0
553,2025-05-01,1130.0
554,2025-05-01,300.0
555,2025-05-01,290.0
556,2025-05-01,850.0
558,2025-05-01,290.0
559,2025-05-01,270.0
560,2025-05-01,630.0
561,2025-05-01,620.0
562,2025-05-01,260.0
563,2025-05-01,580.0
566,2025-05-01,370.0
567,2025-05-01,120.0
568,2025-05-01,380.0
569,2025-05-01,690.0
570,2025-05-01,200.0
571,2025-05-01,630.0
572,2025-05-01,350.0
573,2025-05-01,290.0
574,2025-05-01,570.0
575,2025-05-01,260.0
576,2025-05-01,420.0
577,2025-05-01,450.0
578,2025-05-01,740.0
579,2025-05-01,800.0
580,2025-05-01,310.0
581,2025-05-01,270.0
582,2025-05-01,370.0
583,2025-05-01,1060.0
584,2025-05-01,120.0
585,2025-05-01,1500.0
586,2025-05-01,160.0
587,2025-05-01,230.0
588,2025-05-01,1180.0
590,2025-05-01,190.0
591,2025-05-01,780.0
592,2025-05-01,510.0
593,2025-05-01,800.0
595,2025-05-01,350.0
596,2025-05-01,320.0
597,2025-05-01,570.0
598,2025-05-01,550.0
599,2025-05-01,360.0
601,2025-05-01,340.0
602,2025-05-01,260.0
603,2025-05-01,500.0
605,2025-05-01,530.0
606,2025-05-01,580.0
607,2025-05-01,430.0
608,2025-05-01,190.0
609,2025-05-01,390.0
610,2025-05-01,1080.0
611,2025-05-01,450.0
612,2025-05-01,460.0
613,2025-05-01,910.0
614,2025-05-01,230.0
615,2025-05-01,290.0
616,2025-05-01,190.0
617,2025-05-01,730.0
618,2025-05-01,310.0
619,2025-05-01,300.0
621,2025-05-01,370.0
622,2025-05-01,290.0
623,2025-05-01,670.0
624,2025-05-01,230.0
625,2025-05-01,290.0
626,2025-05-01,360.0
627,2025-05-01,570.0
628,2025-05-01,840.0
629,2025-05-01,540.0
630,2025-05-01,260.0
631,2025-05-01,780.0
632,2025-05-01,340.0
633,2025-05-01,310.0
634,2025-05-01,210.0
635,2025-05-01,1060.0
636,2025-05-01,710.0
637,2025-05-01,1090.0
639,2025-05-01,230.0
641,2025-05-01,240.0
642,2025-05-01,370.0
643,2025-05-01,400.0
644,2025-05-01,1260.0
646,2025-05-01,370.0
647,2025-05-01,210.0
648,2025-05-01,280.0
649,2025-05-01,410.0
650,2025-05-01,500.0
652,2025-05-01,440.0
653,2025-05-01,670.0
655,2025-05-01,770.0
656,2025-05-01,730.0
657,2025-05-01,760.0
658,2025-05-01,990.0
659,2025-05-01,290.0
661,2025-05-01,290.0
662,2025-05-01,560.0
663,2025-05-01,500.0
664,2025-05-01,360.0
666,2025-05-01,410.0
668,2025-05-01,290.0
669,2025-05-01,470.0
670,2025-05-01,600.0
672,2025-05-01,510.0
673,2025-05-01,230.0
674,2025-05-01,1780.0
675,2025-05-01,580.0
676,2025-05-01,210.0
677,2025-05-01,550.0
678,2025-05-01,180.0
679,2025-05-01,990.0
680,2025-05-01,240.0
681,2025-05-01,2180.0
682,2025-05-01,220.0
683,2025-05-01,340.0
685,2025-05-01,650.0
686,2025-05-01,630.0
687,2025-05-01,120.0
689,2025-05-01,500.0
690,2025-05-01,440.0
692,2025-05-01,430.0
693,2025-05-01,350.0
694,2025-05-01,300.0
695,2025-05-01,940.0
696,2025-05-01,630.0
697,2025-05-01,540.0
699,2025-05-01,430.0
700,2025-05-01,310.0
701,2025-05-01,540.0
702,2025-05-01,450.0
703,2025-05-01,520.0
706,2025-05-01,200.0
707,2025-05-01,260.0
708,2025-05-01,310.0
709,2025-05-01,670.0
711,2025-05-01,610.0
712,2025-05-01,370.0
713,2025-05-01,1300.0
714,2025-05-01,570.0
715,2025-05-01,860.0
716,2025-05-01,590.0
717,2025-05-01,660.0
718,2025-05-01,1110.0
719,2025-05-01,150.0
720,2025-05-01,400.0
721,2025-05-01,520.0
722,2025-05-01,450.0
723,2025-05-01,530.0
724,2025-05-01,440.0
725,2025-05-01,230.0
726,2025-05-01,200.0
727,2025-05-01,1580.0
728,2025-05-01,1740.0
729,2025-05-01,1000.0
730,2025-05-01,450.0
731,2025-05-01,1110.0
732,2025-05-01,930.0
733,2025-05-01,550.0
734,2025-05-01,360.0
735,2025-05-01,140.0
736,2025-05-01,940.0
737,2025-05-01,830.0
738,2025-05-01,450.0
739,2025-05-01,340.0
740,2025-05-01,390.0
742,2025-05-01,1810.0
743,2025-05-01,460.0
744,2025-05-01,360.0
745,2025-05-01,620.0
748,2025-05-01,420.0
749,2025-05-01,710.0
750,2025-05-01,430.0
751,2025-05-01,780.0
752,2025-05-01,500.0
753,2025-05-01,410.0
754,2025-05-01,400.0
755,2025-05-01,110.0
756,2025-05-01,480.0
757,2025-05-01,870.0
758,2025-05-01,250.0
759,2025-05-01,1670.0
760,2025-05-01,790.0
761,2025-05-01,350.0
762,2025-05-01,520.0
763,2025-05-01,550.0
764,2025-05-01,420.0
765,2025-05-01,280.0
766,2025-05-01,350.0
767,2025-05-01,210.0
768,2025-05-01,370.0
769,2025-05-01,140.0
770,2025-05-01,520.0
771,2025-05-01,460.0
772,2025-05-01,340.0
773,2025-05-01,310.0
774,2025-05-01,410.0
775,2025-05-01,220.0
776,2025-05-01,180.0
777,2025-05-01,1160.0
779,2025-05-01,330.0
780,2025-05-01,2730.0
781,2025-05-01,720.0
782,2025-05-01,920.0
783,2025-05-01,140.0
784,2025-05-01,530.0
785,2025-05-01,770.0
786,2025-05-01,340.0
787,2025-05-01,580.0
788,2025-05-01,550.0
789,2025-05-01,1930.0
790,2025-05-01,1020.0
791,2025-05-01,320.0
792,2025-05-01,510.0
794,2025-05-01,120.0
795,2025-05-01,250.0
796,2025-05-01,840.0
797,2025-05-01,600.0
798,2025-05-01,690.0
799,2025-05-01,220.0
800,2025-05-01,480.0
801,2025-05-01,360.0
802,2025-05-01,170.0
803,2025-05-01,380.0
804,2025-05-01,400.0
805,2025-05-01,490.0
806,2025-05-01,540.0
807,2025-05-01,1470.0
808,2025-05-01,230.0
809,2025-05-01,1190.0
810,2025-05-01,1070.0
811,2025-05-01,700.0
812,2025-05-01,580.0
813,2025-05-01,660.0
814,2025-05-01,870.0
815,2025-05-01,230.0
816,2025-05-01,200.0
817,2025-05-01,330.0
818,2025-05-01,290.0
819,2025-05-01,490.0
820,2025-05-01,230.0
821,2025-05-01,300.0
822,2025-05-01,490.0
823,2025-05-01,180.0
824,2025-05-01,260.0
825,2025-05-01,220.0
826,2025-05-01,1300.0
827,2025-05-01,510.0
828,2025-05-01,180.0
829,2025-05-01,620.0
830,2025-05-01,430.0
831,2025-05-01,260.0
832,2025-05-01,220.0
833,2025-05-01,470.0
834,2025-05-01,790.0
835,2025-05-01,490.0
836,2025-05-01,170.0
837,2025-05-01,300.0
838,2025-05-01,480.0
839,2025-05-01,250.0
840,2025-05-01,840.0
841,2025-05-01,120.0
842,2025-05-01,960.0
843,2025-05-01,730.0
844,2025-05-01,500.0
845,2025-05-01,230.0
846,2025-05-01,350.0
847,2025-05-01,540.0
848,2025-05-01,320.0
849,2025-05-01,110.0
850,2025-05-01,960.0
851,2025-05-01,300.0
852,2025-05-01,780.0
853,2025-05-01,1430.0
854,2025-05-01,1800.0
855,2025-05-01,360.0
856,2025-05-01,170.0
857,2025-05-01,1030.0
858,2025-05-01,320.0
859,2025-05-01,370.0
860,2025-05-01,610.0
861,2025-05-01,270.0
862,2025-05-01,380.0
863,2025-05-01,180.0
864,2025-05-01,190.0
865,2025-05-01,320.0
866,2025-05-01,360.0
867,2025-05-01,210.0
868,2025-05-01,380.0
869,2025-05-01,590.0
870,2025-05-01,670.0
871,2025-05-01,1110.0
872,2025-05-01,290.0
873,2025-05-01,400.0
874,2025-05-01,750.0
875,2025-05-01,300.0
876,2025-05-01,550.0
877,2025-05-01,350.0
878,2025-05-01,480.0
879,2025-05-01,430.0
880,2025-05-01,380.0
881,2025-05-01,140.0
882,2025-05-01,820.0
883,2025-05-01,590.0
884,2025-05-01,320.0
885,2025-05-01,480.0
886,2025-05-01,1170.0
887,2025-05-01,480.0
888,2025-05-01,1020.0
889,2025-05-01,300.0
890,2025-05-01,430.0
891,2025-05-01,1360.0
892,2025-05-01,820.0
893,2025-05-01,260.0
894,2025-05-01,590.0
895,2025-05-01,1470.0
896,2025-05-01,330.0
897,2025-05-01,2090.0
898,2025-05-01,730.0
899,2025-05-01,390.0
900,2025-05-01,410.0
901,2025-05-01,660.0
1,2025-06-01,420.0
5,2025-06-01,500.0
6,2025-06-01,270.0
7,2025-06-01,1180.0
8,2025-06-01,70.0
9,2025-06-01,400.0
11,2025-06-01,1180.0
12,2025-06-01,1120.0
13,2025-06-01,440.0
14,2025-06-01,870.0
16,2025-06-01,3650.0
17,2025-06-01,900.0
18,2025-06-01,680.0
19,2025-06-01,840.0
20,2025-06-01,360.0
21,2025-06-01,910.0
22,2025-06-01,890.0
24,2025-06-01,490.0
25,2025-06-01,370.0
26,2025-06-01,1290.0
27,2025-06-01,720.0
28,2025-06-01,230.0
32,2025-06-01,360.0
33,2025-06-01,1860.0
36,2025-06-01,650.0
38,2025-06-01,520.0
39,2025-06-01,170.0
40,2025-06-01,1330.0
42,2025-06-01,890.0
47,2025-06-01,740.0
49,2025-06-01,600.0
52,2025-06-01,1370.0
55,2025-06-01,800.0
56,2025-06-01,620.0
58,2025-06-01,270.0
60,2025-06-01,190.0
62,2025-06-01,550.0
63,2025-06-01,410.0
64,2025-06-01,430.0
65,2025-06-01,1100.0
67,2025-06-01,1700.0
68,2025-06-01,930.0
72,2025-06-01,210.0
73,2025-06-01,1010.0
74,2025-06-01,1110.0
75,2025-06-01,500.0
76,2025-06-01,390.0
81,2025-06-01,490.0
83,2025-06-01,1120.0
84,2025-06-01,460.0
86,2025-06-01,570.0
87,2025-06-01,540.0
90,2025-06-01,1010.0
92,2025-06-01,1360.0
94,2025-06-01,290.0
95,2025-06-01,240.0
97,2025-06-01,430.0
98,2025-06-01,440.0
99,2025-06-01,970.0
100,2025-06-01,970.0
104,2025-06-01,330.0
105,2025-06-01,260.0
106,2025-06-01,1480.0
107,2025-06-01,540.0
112,2025-06-01,1910.0
113,2025-06-01,440.0
114,2025-06-01,1410.0
115,2025-06-01,350.0
116,2025-06-01,740.0
117,2025-06-01,420.0
119,2025-06-01,690.0
120,2025-06-01,180.0
121,2025-06-01,350.0
123,2025-06-01,160.0
125,2025-06-01,1170.0
126,2025-06-01,890.0
127,2025-06-01,890.0
128,2025-06-01,750.0
129,2025-06-01,1070.0
130,2025-06-01,520.0
133,2025-06-01,680.0
134,2025-06-01,880.0
135,2025-06-01,1240.0
136,2025-06-01,500.0
138,2025-06-01,1040.0
139,2025-06-01,650.0
141,2025-06-01,730.0
143,2025-06-01,280.0
144,2025-06-01,180.0
145,2025-06-01,750.0
148,2025-06-01,270.0
151,2025-06-01,550.0
152,2025-06-01,410.0
153,2025-06-01,280.0
155,2025-06-01,360.0
156,2025-06-01,610.0
157,2025-06-01,440.0
160,2025-06-01,730.0
161,2025-06-01,500.0
165,2025-06-01,660.0
166,2025-06-01,410.0
168,2025-06-01,430.0
170,2025-06-01,640.0
172,2025-06-01,500.0
173,2025-06-01,440.0
174,2025-06-01,670.0
175,2025-06-01,120.0
178,2025-06-01,220.0
180,2025-06-01,670.0
181,2025-06-01,370.0
182,2025-06-01,1610.0
184,2025-06-01,720.0
185,2025-06-01,220.0
187,2025-06-01,380.0
188,2025-06-01,1220.0
189,2025-06-01,440.0
190,2025-06-01,440.0
191,2025-06-01,760.0
192,2025-06-01,530.0
193,2025-06-01,430.0
194,2025-06-01,1350.0
195,2025-06-01,710.0
196,2025-06-01,420.0
197,2025-06-01,240.0
198,2025-06-01,380.0
199,2025-06-01,1160.0
200,2025-06-01,290.0
201,2025-06-01,440.0
202,2025-06-01,260.0
206,2025-06-01,760.0
207,2025-06-01,1520.0
209,2025-06-01,510.0
211,2025-06-01,550.0
212,2025-06-01,430.0
213,2025-06-01,420.0
214,2025-06-01,960.0
216,2025-06-01,1670.0
218,2025-06-01,220.0
219,2025-06-01,370.0
220,2025-06-01,1570.0
221,2025-06-01,400.0
222,2025-06-01,390.0
223,2025-06-01,1370.0
226,2025-06-01,600.0
229,2025-06-01,260.0
231,2025-06-01,630.0
232,2025-06-01,190.0
233,2025-06-01,350.0
234,2025-06-01,390.0
235,2025-06-01,1100.0
237,2025-06-01,3220.0
238,2025-06-01,1250.0
239,2025-06-01,1270.0
241,2025-06-01,260.0
242,2025-06-01,130.0
243,2025-06-01,280.0
244,2025-06-01,710.0
246,2025-06-01,1360.0
247,2025-06-01,370.0
249,2025-06-01,1300.0
250,2025-06-01,840.0
251,2025-06-01,110.0
253,2025-06-01,280.0
254,2025-06-01,330.0
255,2025-06-01,740.0
256,2025-06-01,930.0
257,2025-06-01,230.0
258,2025-06-01,620.0
259,2025-06-01,570.0
260,2025-06-01,810.0
264,2025-06-01,360.0
266,2025-06-01,650.0
267,2025-06-01,1020.0
268,2025-06-01,210.0
269,2025-06-01,300.0
270,2025-06-01,1090.0
271,2025-06-01,520.0
273,2025-06-01,600.0
274,2025-06-01,290.0
275,2025-06-01,420.0
276,2025-06-01,580.0
277,2025-06-01,480.0
278,2025-06-01,470.0
279,2025-06-01,260.0
280,2025-06-01,330.0
281,2025-06-01,670.0
282,2025-06-01,940.0
283,2025-06-01,230.0
284,2025-06-01,520.0
285,2025-06-01,810.0
286,2025-06-01,950.0
287,2025-06-01,320.0
290,2025-06-01,210.0
291,2025-06-01,340.0
293,2025-06-01,430.0
296,2025-06-01,1080.0
297,2025-06-01,340.0
298,2025-06-01,960.0
300,2025-06-01,210.0
301,2025-06-01,280.0
302,2025-06-01,830.0
305,2025-06-01,970.0
306,2025-06-01,270.0
307,2025-06-01,330.0
308,2025-06-01,280.0
309,2025-06-01,180.0
311,2025-06-01,360.0
313,2025-06-01,100.0
315,2025-06-01,500.0
316,2025-06-01,470.0
317,2025-06-01,920.0
318,2025-06-01,520.0
320,2025-06-01,210.0
321,2025-06-01,380.0
322,2025-06-01,1420.0
323,2025-06-01,1850.0
325,2025-06-01,710.0
326,2025-06-01,310.0
328,2025-06-01,2990.0
329,2025-06-01,270.0
330,2025-06-01,440.0
331,2025-06-01,650.0
332,2025-06-01,230.0
333,2025-06-01,730.0
334,2025-06-01,1220.0
335,2025-06-01,310.0
337,2025-06-01,570.0
338,2025-06-01,450.0
340,2025-06-01,530.0
341,2025-06-01,220.0
342,2025-06-01,1610.0
344,2025-06-01,2150.0
345,2025-06-01,630.0
346,2025-06-01,2100.0
347,2025-06-01,1480.0
348,2025-06-01,650.0
350,2025-06-01,810.0
351,2025-06-01,700.0
352,2025-06-01,2480.0
354,2025-06-01,220.0
356,2025-06-01,730.0
358,2025-06-01,310.0
359,2025-06-01,230.0
360,2025-06-01,320.0
361,2025-06-01,590.0
363,2025-06-01,560.0
365,2025-06-01,800.0
366,2025-06-01,910.0
369,2025-06-01,960.0
370,2025-06-01,320.0
371,2025-06-01,270.0
372,2025-06-01,180.0
373,2025-06-01,530.0
374,2025-06-01,530.0
375,2025-06-01,380.0
376,2025-06-01,440.0
377,2025-06-01,260.0
379,2025-06-01,870.0
381,2025-06-01,560.0
382,2025-06-01,930.0
383,2025-06-01,310.0
384,2025-06-01,310.0
385,2025-06-01,840.0
386,2025-06-01,310.0
387,2025-06-01,1360.0
388,2025-06-01,240.0
389,2025-06-01,910.0
390,2025-06-01,350.0
393,2025-06-01,420.0
394,2025-06-01,300.0
396,2025-06-01,460.0
397,2025-06-01,640.0
398,2025-06-01,820.0
399,2025-06-01,350.0
400,2025-06-01,990.0
401,2025-06-01,440.0
403,2025-06-01,390.0
404,2025-06-01,160.0
405,2025-06-01,620.0
406,2025-06-01,310.0
407,2025-06-01,320.0
408,2025-06-01,420.0
409,2025-06-01,300.0
410,2025-06-01,860.0
411,2025-06-01,620.0
412,2025-06-01,590.0
414,2025-06-01,120.0
415,2025-06-01,380.0
416,2025-06-01,420.0
417,2025-06-01,590.0
419,2025-06-01,330.0
420,2025-06-01,270.0
421,2025-06-01,1100.0
424,2025-06-01,400.0
425,2025-06-01,380.0
426,2025-06-01,440.0
428,2025-06-01,310.0
429,2025-06-01,1170.0
430,2025-06-01,800.0
431,2025-06-01,270.0
432,2025-06-01,780.0
433,2025-06-01,890.0
434,2025-06-01,520.0
435,2025-06-01,680.0
436,2025-06-01,360.0
438,2025-06-01,430.0
439,2025-06-01,430.0
441,2025-06-01,610.0
442,2025-06-01,170.0
443,2025-06-01,1840.0
444,2025-06-01,580.0
445,2025-06-01,390.0
446,2025-06-01,290.0
450,2025-06-01,350.0
451,2025-06-01,660.0
453,2025-06-01,440.0
455,2025-06-01,1360.0
456,2025-06-01,450.0
458,2025-06-01,220.0
459,2025-06-01,640.0
460,2025-06-01,270.0
461,2025-06-01,700.0
462,2025-06-01,580.0
463,2025-06-01,230.0
464,2025-06-01,1040.0
465,2025-06-01,1300.0
467,2025-06-01,740.0
468,2025-06-01,1580.0
469,2025-06-01,650.0
470,2025-06-01,370.0
472,2025-06-01,2090.0
473,2025-06-01,580.0
474,2025-06-01,550.0
476,2025-06-01,620.0
477,2025-06-01,150.0
479,2025-06-01,720.0
482,2025-06-01,250.0
483,2025-06-01,340.0
484,2025-06-01,110.0
485,2025-06-01,730.0
486,2025-06-01,230.0
487,2025-06-01,770.0
488,2025-06-01,370.0
490,2025-06-01,1590.0
491,2025-06-01,110.0
493,2025-06-01,150.0
494,2025-06-01,390.0
495,2025-06-01,1160.0
496,2025-06-01,700.0
497,2025-06-01,1460.0
498,2025-06-01,480.0
499,2025-06-01,800.0
501,2025-06-01,800.0
502,2025-06-01,750.0
503,2025-06-01,680.0
504,2025-06-01,630.0
506,2025-06-01,1770.0
509,2025-06-01,850.0
512,2025-06-01,630.0
514,2025-06-01,520.0
516,2025-06-01,980.0
518,2025-06-01,470.0
519,2025-06-01,300.0
521,2025-06-01,300.0
522,2025-06-01,620.0
524,2025-06-01,270.0
525,2025-06-01,150.0
527,2025-06-01,230.0
528,2025-06-01,1320.0
529,2025-06-01,750.0
530,2025-06-01,1420.0
531,2025-06-01,450.0
532,2025-06-01,220.0
533,2025-06-01,940.0
534,2025-06-01,650.0
535,2025-06-01,770.0
536,2025-06-01,310.0
538,2025-06-01,390.0
539,2025-06-01,830.0
541,2025-06-01,380.0
543,2025-06-01,390.0
544,2025-06-01,1050.0
546,2025-06-01,240.0
547,2025-06-01,160.0
548,2025-06-01,1690.0
549,2025-06-01,280.0
550,2025-06-01,310.0
551,2025-06-01,150.0
552,2025-06-01,360.0
553,2025-06-01,1130.0
554,2025-06-01,300.0
555,2025-06-01,290.0
556,2025-06-01,850.0
558,2025-06-01,290.0
559,2025-06-01,270.0
560,2025-06-01,630.0
561,2025-06-01,620.0
562,2025-06-01,260.0
563,2025-06-01,580.0
566,2025-06-01,370.0
567,2025-06-01,120.0
568,2025-06-01,380.0
570,2025-06-01,200.0
571,2025-06-01,630.0
572,2025-06-01,350.0
573,2025-06-01,290.0
574,2025-06-01,570.0
575,2025-06-01,260.0
576,2025-06-01,420.0
577,2025-06-01,450.0
578,2025-06-01,740.0
579,2025-06-01,800.0
580,2025-06-01,310.0
582,2025-06-01,370.0
583,2025-06-01,1060.0
584,2025-06-01,120.0
585,2025-06-01,1500.0
586,2025-06-01,160.0
587,2025-06-01,230.0
588,2025-06-01,1180.0
590,2025-06-01,190.0
591,2025-06-01,780.0
592,2025-06-01,510.0
593,2025-06-01,800.0
595,2025-06-01,350.0
596,2025-06-01,320.0
597,2025-06-01,570.0
599,2025-06-01,360.0
601,2025-06-01,340.0
602,2025-06-01,260.0
603,2025-06-01,500.0
605,2025-06-01,530.0
606,2025-06-01,580.0
607,2025-06-01,430.0
608,2025-06-01,190.0
609,2025-06-01,390.0
610,2025-06-01,1080.0
611,2025-06-01,450.0
612,2025-06-01,460.0
613,2025-06-01,910.0
614,2025-06-01,230.0
615,2025-06-01,290.0
616,2025-06-01,190.0
617,2025-06-01,730.0
618,2025-06-01,310.0
619,2025-06-01,300.0
621,2025-06-01,370.0
622,2025-06-01,290.0
623,2025-06-01,670.0
624,2025-06-01,230.0
625,2025-06-01,290.0
626,2025-06-01,360.0
627,2025-06-01,570.0
628,2025-06-01,840.0
629,2025-06-01,540.0
631,2025-06-01,780.0
632,2025-06-01,340.0
633,2025-06-01,310.0
634,2025-06-01,210.0
635,2025-06-01,1060.0
636,2025-06-01,710.0
637,2025-06-01,1090.0
639,2025-06-01,230.0
641,2025-06-01,240.0
642,2025-06-01,370.0
643,2025-06-01,400.0
644,2025-06-01,1260.0
646,2025-06-01,370.0
647,2025-06-01,210.0
648,2025-06-01,280.0
649,2025-06-01,410.0
650,2025-06-01,500.0
652,2025-06-01,440.0
653,2025-06-01,670.0
655,2025-06-01,770.0
656,2025-06-01,730.0
657,2025-06-01,760.0
658,2025-06-01,990.0
659,2025-06-01,290.0
661,2025-06-01,290.0
662,2025-06-01,560.0
663,2025-06-01,500.0
664,2025-06-01,360.0
666,2025-06-01,410.0
668,2025-06-01,290.0
669,2025-06-01,470.0
670,2025-06-01,600.0
672,2025-06-01,510.0
673,2025-06-01,230.0
674,2025-06-01,1780.0
675,2025-06-01,580.0
676,2025-06-01,210.0
677,2025-06-01,550.0
678,2025-06-01,180.0
679,2025-06-01,990.0
680,2025-06-01,240.0
681,2025-06-01,2180.0
682,2025-06-01,220.0
683,2025-06-01,340.0
685,2025-06-01,650.0
686,2025-06-01,630.0
687,2025-06-01,120.0
689,2025-06-01,500.0
690,2025-06-01,440.0
692,2025-06-01,430.0
693,2025-06-01,350.0
694,2025-06-01,300.0
695,2025-06-01,940.0
696,2025-06-01,630.0
697,2025-06-01,540.0
699,2025-06-01,430.0
700,2025-06-01,310.0
701,2025-06-01,540.0
702,2025-06-01,450.0
703,2025-06-01,520.0
706,2025-06-01,200.0
707,2025-06-01,260.0
708,2025-06-01,310.0
709,2025-06-01,670.0
711,2025-06-01,610.0
712,2025-06-01,370.0
713,2025-06-01,1300.0
714,2025-06-01,570.0
715,2025-06-01,860.0
716,2025-06-01,590.0
717,2025-06-01,660.0
718,2025-06-01,1110.0
719,2025-06-01,150.0
720,2025-06-01,400.0
721,2025-06-01,520.0
722,2025-06-01,450.0
723,2025-06-01,530.0
724,2025-06-01,440.0
725,2025-06-01,230.0
726,2025-06-01,200.0
727,2025-06-01,1580.0
728,2025-06-01,2300.0
729,2025-06-01,1000.0
730,2025-06-01,450.0
731,2025-06-01,1110.0
732,2025-06-01,710.0
733,2025-06-01,550.0
734,2025-06-01,360.0
735,2025-06-01,140.0
736,2025-06-01,940.0
737,2025-06-01,830.0
738,2025-06-01,450.0
739,2025-06-01,340.0
740,2025-06-01,390.0
742,2025-06-01,1810.0
743,2025-06-01,460.0
744,2025-06-01,360.0
745,2025-06-01,620.0
748,2025-06-01,420.0
749,2025-06-01,710.0
750,2025-06-01,430.0
752,2025-06-01,500.0
753,2025-06-01,410.0
754,2025-06-01,580.0
755,2025-06-01,110.0
756,2025-06-01,480.0
757,2025-06-01,870.0
758,2025-06-01,250.0
759,2025-06-01,1670.0
760,2025-06-01,790.0
761,2025-06-01,350.0
762,2025-06-01,520.0
763,2025-06-01,550.0
764,2025-06-01,420.0
765,2025-06-01,280.0
766,2025-06-01,350.0
767,2025-06-01,210.0
768,2025-06-01,370.0
769,2025-06-01,140.0
770,2025-06-01,520.0
771,2025-06-01,460.0
772,2025-06-01,340.0
773,2025-06-01,310.0
774,2025-06-01,410.0
775,2025-06-01,220.0
776,2025-06-01,180.0
777,2025-06-01,1450.0
779,2025-06-01,330.0
780,2025-06-01,2730.0
781,2025-06-01,720.0
782,2025-06-01,920.0
783,2025-06-01,140.0
784,2025-06-01,530.0
785,2025-06-01,770.0
786,2025-06-01,340.0
787,2025-06-01,580.0
788,2025-06-01,550.0
789,2025-06-01,1930.0
790,2025-06-01,1020.0
791,2025-06-01,320.0
792,2025-06-01,510.0
794,2025-06-01,120.0
795,2025-06-01,250.0
796,2025-06-01,840.0
797,2025-06-01,600.0
798,2025-06-01,690.0
799,2025-06-01,220.0
800,2025-06-01,480.0
801,2025-06-01,360.0
802,2025-06-01,170.0
803,2025-06-01,380.0
804,2025-06-01,400.0
805,2025-06-01,490.0
807,2025-06-01,1470.0
808,2025-06-01,230.0
809,2025-06-01,1190.0
810,2025-06-01,1070.0
811,2025-06-01,700.0
812,2025-06-01,580.0
813,2025-06-01,660.0
814,2025-06-01,870.0
815,2025-06-01,230.0
816,2025-06-01,200.0
817,2025-06-01,330.0
818,2025-06-01,290.0
819,2025-06-01,490.0
820,2025-06-01,290.0
821,2025-06-01,300.0
822,2025-06-01,490.0
823,2025-06-01,180.0
825,2025-06-01,220.0
826,2025-06-01,1300.0
827,2025-06-01,510.0
828,2025-06-01,180.0
829,2025-06-01,620.0
830,2025-06-01,430.0
831,2025-06-01,260.0
832,2025-06-01,220.0
833,2025-06-01,470.0
834,2025-06-01,790.0
835,2025-06-01,490.0
836,2025-06-01,170.0
837,2025-06-01,300.0
838,2025-06-01,480.0
839,2025-06-01,250.0
840,2025-06-01,840.0
841,2025-06-01,160.0
842,2025-06-01,960.0
843,2025-06-01,730.0
844,2025-06-01,500.0
845,2025-06-01,230.0
846,2025-06-01,350.0
847,2025-06-01,540.0
849,2025-06-01,110.0
850,2025-06-01,960.0
851,2025-06-01,300.0
852,2025-06-01,780.0
853,2025-06-01,1430.0
854,2025-06-01,1800.0
855,2025-06-01,360.0
856,2025-06-01,170.0
857,2025-06-01,1030.0
858,2025-06-01,320.0
859,2025-06-01,370.0
860,2025-06-01,610.0
861,2025-06-01,270.0
862,2025-06-01,380.0
863,2025-06-01,180.0
864,2025-06-01,190.0
865,2025-06-01,320.0
866,2025-06-01,360.0
867,2025-06-01,210.0
868,2025-06-01,380.0
869,2025-06-01,590.0
870,2025-06-01,670.0
871,2025-06-01,1110.0
872,2025-06-01,290.0
873,2025-06-01,400.0
874,2025-06-01,750.0
875,2025-06-01,300.0
876,2025-06-01,550.0
877,2025-06-01,350.0
878,2025-06-01,480.0
879,2025-06-01,430.0
880,2025-06-01,380.0
881,2025-06-01,140.0
882,2025-06-01,820.0
883,2025-06-01,590.0
884,2025-06-01,320.0
885,2025-06-01,480.0
886,2025-06-01,1170.0
887,2025-06-01,350.0
888,2025-06-01,1020.0
889,2025-06-01,300.0
890,2025-06-01,340.0
891,2025-06-01,1360.0
892,2025-06-01,820.0
893,2025-06-01,260.0
894,2025-06-01,590.0
895,2025-06-01,1470.0
896,2025-06-01,330.0
897,2025-06-01,2090.0
898,2025-06-01,730.0
899,2025-06-01,390.0
900,2025-06-01,410.0
901,2025-06-01,660.0
902,2025-06-01,230.0
903,2025-06-01,710.0
904,2025-06-01,530.0
905,2025-06-01,270.0
906,2025-06-01,520.0
907,2025-06-01,330.0
908,2025-06-01,490.0
909,2025-06-01,1250.0
910,2025-06-01,640.0
911,2025-06-01,530.0
912,2025-06-01,1070.0
913,2025-06-01,1580.0
914,2025-06-01,300.0
915,2025-06-01,660.0
916,2025-06-01,1130.0
917,2025-06-01,390.0
918,2025-06-01,320.0
919,2025-06-01,280.0
920,2025-06-01,760.0
921,2025-06-01,250.0
922,2025-06-01,350.0
923,2025-06-01,360.0
924,2025-06-01,1020.0
925,2025-06-01,130.0
926,2025-06-01,1260.0
927,2025-06-01,130.0
928,2025-06-01,440.0
929,2025-06-01,730.0
930,2025-06-01,160.0
931,2025-06-01,280.0
932,2025-06-01,480.0
933,2025-06-01,2490.0
934,2025-06-01,290.0
935,2025-06-01,190.0
936,2025-06-01,430.0
937,2025-06-01,370.0
938,2025-06-01,210.0
939,2025-06-01,330.0
940,2025-06-01,630.0
941,2025-06-01,380.0
1,2025-07-01,340.0
5,2025-07-01,500.0
6,2025-07-01,270.0
7,2025-07-01,1180.0
8,2025-07-01,80.0
9,2025-07-01,400.0
11,2025-07-01,1180.0
12,2025-07-01,1120.0
13,2025-07-01,440.0
14,2025-07-01,870.0
16,2025-07-01,3650.0
17,2025-07-01,900.0
18,2025-07-01,680.0
19,2025-07-01,840.0
20,2025-07-01,360.0
21,2025-07-01,650.0
22,2025-07-01,890.0
24,2025-07-01,490.0
25,2025-07-01,530.0
26,2025-07-01,1290.0
27,2025-07-01,720.0
28,2025-07-01,230.0
32,2025-07-01,360.0
33,2025-07-01,1860.0
36,2025-07-01,650.0
38,2025-07-01,520.0
39,2025-07-01,170.0
40,2025-07-01,1330.0
42,2025-07-01,890.0
47,2025-07-01,740.0
49,2025-07-01,600.0
52,2025-07-01,1680.0
55,2025-07-01,800.0
56,2025-07-01,620.0
58,2025-07-01,270.0
60,2025-07-01,190.0
62,2025-07-01,550.0
63,2025-07-01,410.0
64,2025-07-01,430.0
65,2025-07-01,1100.0
67,2025-07-01,1700.0
68,2025-07-01,930.0
72,2025-07-01,170.0
74,2025-07-01,1110.0
75,2025-07-01,500.0
76,2025-07-01,520.0
81,2025-07-01,490.0
83,2025-07-01,1120.0
84,2025-07-01,460.0
86,2025-07-01,570.0
87,2025-07-01,540.0
90,2025-07-01,1010.0
92,2025-07-01,1360.0
94,2025-07-01,210.0
95,2025-07-01,240.0
97,2025-07-01,430.0
98,2025-07-01,440.0
99,2025-07-01,1370.0
100,2025-07-01,970.0
105,2025-07-01,260.0
106,2025-07-01,1480.0
107,2025-07-01,540.0
112,2025-07-01,1910.0
113,2025-07-01,440.0
114,2025-07-01,1410.0
115,2025-07-01,350.0
116,2025-07-01,740.0
117,2025-07-01,420.0
119,2025-07-01,690.0
120,2025-07-01,180.0
121,2025-07-01,350.0
123,2025-07-01,160.0
125,2025-07-01,1170.0
126,2025-07-01,890.0
127,2025-07-01,890.0
128,2025-07-01,750.0
129,2025-07-01,1070.0
130,2025-07-01,520.0
133,2025-07-01,680.0
134,2025-07-01,880.0
135,2025-07-01,1240.0
136,2025-07-01,500.0
138,2025-07-01,1040.0
139,2025-07-01,650.0
141,2025-07-01,730.0
143,2025-07-01,280.0
144,2025-07-01,180.0
145,2025-07-01,750.0
148,2025-07-01,330.0
151,2025-07-01,550.0
152,2025-07-01,410.0
153,2025-07-01,280.0
155,2025-07-01,360.0
156,2025-07-01,610.0
157,2025-07-01,440.0
160,2025-07-01,730.0
161,2025-07-01,500.0
165,2025-07-01,660.0
166,2025-07-01,410.0
168,2025-07-01,430.0
170,2025-07-01,640.0
172,2025-07-01,500.0
173,2025-07-01,440.0
174,2025-07-01,670.0
175,2025-07-01,120.0
178,2025-07-01,300.0
180,2025-07-01,670.0
182,2025-07-01,1610.0
184,2025-07-01,720.0
185,2025-07-01,220.0
187,2025-07-01,380.0
188,2025-07-01,1220.0
189,2025-07-01,610.0
190,2025-07-01,440.0
191,2025-07-01,760.0
192,2025-07-01,530.0
193,2025-07-01,350.0
194,2025-07-01,1350.0
195,2025-07-01,970.0
196,2025-07-01,420.0
197,2025-07-01,240.0
198,2025-07-01,380.0
199,2025-07-01,1160.0
200,2025-07-01,290.0
201,2025-07-01,440.0
202,2025-07-01,260.0
206,2025-07-01,760.0
207,2025-07-01,1520.0
209,2025-07-01,510.0
211,2025-07-01,550.0
212,2025-07-01,430.0
213,2025-07-01,420.0
214,2025-07-01,960.0
216,2025-07-01,1670.0
218,2025-07-01,220.0
219,2025-07-01,370.0
220,2025-07-01,1570.0
221,2025-07-01,400.0
222,2025-07-01,390.0
223,2025-07-01,1370.0
226,2025-07-01,600.0
229,2025-07-01,260.0
231,2025-07-01,630.0
232,2025-07-01,190.0
233,2025-07-01,350.0
234,2025-07-01,390.0
235,2025-07-01,1100.0
237,2025-07-01,3220.0
238,2025-07-01,1250.0
239,2025-07-01,1270.0
241,2025-07-01,260.0
242,2025-07-01,130.0
243,2025-07-01,280.0
244,2025-07-01,710.0
246,2025-07-01,1360.0
247,2025-07-01,370.0
249,2025-07-01,1300.0
250,2025-07-01,840.0
251,2025-07-01,110.0
253,2025-07-01,280.0
254,2025-07-01,330.0
255,2025-07-01,740.0
256,2025-07-01,930.0
257,2025-07-01,230.0
258,2025-07-01,620.0
259,2025-07-01,570.0
260,2025-07-01,810.0
264,2025-07-01,360.0
266,2025-07-01,650.0
267,2025-07-01,1020.0
268,2025-07-01,210.0
269,2025-07-01,300.0
270,2025-07-01,1290.0
271,2025-07-01,520.0
273,2025-07-01,600.0
274,2025-07-01,290.0
275,2025-07-01,420.0
276,2025-07-01,580.0
277,2025-07-01,480.0
278,2025-07-01,470.0
279,2025-07-01,260.0
280,2025-07-01,330.0
281,2025-07-01,670.0
282,2025-07-01,940.0
283,2025-07-01,230.0
284,2025-07-01,520.0
285,2025-07-01,810.0
286,2025-07-01,950.0
287,2025-07-01,320.0
290,2025-07-01,290.0
291,2025-07-01,340.0
293,2025-07-01,430.0
296,2025-07-01,1080.0
297,2025-07-01,340.0
298,2025-07-01,960.0
300,2025-07-01,210.0
301,2025-07-01,280.0
302,2025-07-01,830.0
305,2025-07-01,970.0
306,2025-07-01,330.0
307,2025-07-01,330.0
308,2025-07-01,280.0
309,2025-07-01,180.0
311,2025-07-01,360.0
313,2025-07-01,100.0
315,2025-07-01,500.0
316,2025-07-01,470.0
317,2025-07-01,920.0
318,2025-07-01,600.0
320,2025-07-01,210.0
321,2025-07-01,380.0
322,2025-07-01,1420.0
323,2025-07-01,1850.0
325,2025-07-01,710.0
326,2025-07-01,310.0
328,2025-07-01,2990.0
329,2025-07-01,270.0
330,2025-07-01,440.0
331,2025-07-01,650.0
332,2025-07-01,230.0
333,2025-07-01,730.0
334,2025-07-01,1220.0
335,2025-07-01,310.0
337,2025-07-01,570.0
338,2025-07-01,450.0
340,2025-07-01,530.0
341,2025-07-01,220.0
342,2025-07-01,1610.0
344,2025-07-01,2150.0
345,2025-07-01,760.0
346,2025-07-01,2100.0
347,2025-07-01,1480.0
348,2025-07-01,650.0
350,2025-07-01,620.0
351,2025-07-01,700.0
352,2025-07-01,2480.0
354,2025-07-01,220.0
356,2025-07-01,730.0
358,2025-07-01,310.0
359,2025-07-01,230.0
360,2025-07-01,320.0
361,2025-07-01,590.0
363,2025-07-01,560.0
365,2025-07-01,800.0
366,2025-07-01,910.0
369,2025-07-01,960.0
370,2025-07-01,320.0
371,2025-07-01,310.0
372,2025-07-01,180.0
373,2025-07-01,530.0
374,2025-07-01,530.0
375,2025-07-01,380.0
376,2025-07-01,440.0
377,2025-07-01,260.0
379,2025-07-01,870.0
381,2025-07-01,560.0
382,2025-07-01,930.0
383,2025-07-01,310.0
384,2025-07-01,310.0
385,2025-07-01,840.0
386,2025-07-01,310.0
387,2025-07-01,1360.0
388,2025-07-01,240.0
389,2025-07-01,910.0
390,2025-07-01,350.0
393,2025-07-01,420.0
394,2025-07-01,300.0
396,2025-07-01,460.0
397,2025-07-01,640.0
398,2025-07-01,820.0
399,2025-07-01,350.0
400,2025-07-01,990.0
401,2025-07-01,440.0
403,2025-07-01,390.0
404,2025-07-01,160.0
405,2025-07-01,620.0
406,2025-07-01,310.0
407,2025-07-01,410.0
408,2025-07-01,420.0
409,2025-07-01,300.0
410,2025-07-01,1050.0
411,2025-07-01,620.0
412,2025-07-01,440.0
414,2025-07-01,120.0
415,2025-07-01,380.0
416,2025-07-01,420.0
417,2025-07-01,590.0
419,2025-07-01,330.0
420,2025-07-01,270.0
421,2025-07-01,1100.0
424,2025-07-01,400.0
425,2025-07-01,380.0
426,2025-07-01,440.0
428,2025-07-01,310.0
429,2025-07-01,1170.0
430,2025-07-01,800.0
431,2025-07-01,270.0
432,2025-07-01,780.0
433,2025-07-01,890.0
434,2025-07-01,520.0
435,2025-07-01,680.0
436,2025-07-01,360.0
438,2025-07-01,430.0
439,2025-07-01,430.0
441,2025-07-01,610.0
442,2025-07-01,170.0
443,2025-07-01,1840.0
444,2025-07-01,580.0
445,2025-07-01,390.0
446,2025-07-01,290.0
450,2025-07-01,350.0
451,2025-07-01,660.0
453,2025-07-01,440.0
455,2025-07-01,1360.0
456,2025-07-01,450.0
458,2025-07-01,220.0
459,2025-07-01,640.0
460,2025-07-01,270.0
461,2025-07-01,700.0
462,2025-07-01,580.0
463,2025-07-01,230.0
464,2025-07-01,1490.0
465,2025-07-01,1300.0
467,2025-07-01,740.0
468,2025-07-01,1580.0
469,2025-07-01,650.0
470,2025-07-01,370.0
472,2025-07-01,2090.0
473,2025-07-01,580.0
474,2025-07-01,550.0
476,2025-07-01,620.0
477,2025-07-01,150.0
479,2025-07-01,720.0
482,2025-07-01,250.0
483,2025-07-01,340.0
484,2025-07-01,110.0
485,2025-07-01,730.0
486,2025-07-01,230.0
487,2025-07-01,770.0
488,2025-07-01,370.0
490,2025-07-01,1590.0
491,2025-07-01,110.0
493,2025-07-01,150.0
494,2025-07-01,390.0
495,2025-07-01,1160.0
496,2025-07-01,700.0
497,2025-07-01,1460.0
498,2025-07-01,480.0
499,2025-07-01,800.0
501,2025-07-01,800.0
502,2025-07-01,750.0
503,2025-07-01,680.0
504,2025-07-01,630.0
509,2025-07-01,850.0
512,2025-07-01,630.0
514,2025-07-01,520.0
521,2025-07-01,300.0
522,2025-07-01,620.0
524,2025-07-01,390.0
525,2025-07-01,110.0
527,2025-07-01,340.0
529,2025-07-01,750.0
530,2025-07-01,1420.0
531,2025-07-01,450.0
532,2025-07-01,220.0
534,2025-07-01,650.0
535,2025-07-01,770.0
536,2025-07-01,310.0
538,2025-07-01,390.0
539,2025-07-01,830.0
541,2025-07-01,380.0
543,2025-07-01,390.0
544,2025-07-01,1050.0
546,2025-07-01,240.0
547,2025-07-01,160.0
548,2025-07-01,1690.0
549,2025-07-01,280.0
550,2025-07-01,310.0
551,2025-07-01,150.0
552,2025-07-01,360.0
553,2025-07-01,1130.0
554,2025-07-01,300.0
555,2025-07-01,290.0
556,2025-07-01,850.0
558,2025-07-01,290.0
559,2025-07-01,270.0
560,2025-07-01,630.0
561,2025-07-01,620.0
562,2025-07-01,260.0
563,2025-07-01,580.0
566,2025-07-01,370.0
567,2025-07-01,120.0
568,2025-07-01,380.0
570,2025-07-01,200.0
571,2025-07-01,630.0
572,2025-07-01,440.0
573,2025-07-01,290.0
574,2025-07-01,570.0
575,2025-07-01,260.0
576,2025-07-01,420.0
577,2025-07-01,450.0
578,2025-07-01,740.0
579,2025-07-01,800.0
580,2025-07-01,310.0
582,2025-07-01,370.0
583,2025-07-01,1060.0
584,2025-07-01,120.0
585,2025-07-01,1500.0
586,2025-07-01,160.0
587,2025-07-01,280.0
590,2025-07-01,190.0
591,2025-07-01,780.0
592,2025-07-01,510.0
593,2025-07-01,800.0
595,2025-07-01,350.0
596,2025-07-01,320.0
597,2025-07-01,570.0
599,2025-07-01,360.0
601,2025-07-01,340.0
602,2025-07-01,260.0
603,2025-07-01,500.0
605,2025-07-01,530.0
606,2025-07-01,580.0
607,2025-07-01,430.0
608,2025-07-01,190.0
609,2025-07-01,390.0
610,2025-07-01,1080.0
611,2025-07-01,450.0
612,2025-07-01,460.0
613,2025-07-01,910.0
614,2025-07-01,230.0
615,2025-07-01,290.0
616,2025-07-01,190.0
617,2025-07-01,730.0
618,2025-07-01,310.0
619,2025-07-01,300.0
621,2025-07-01,370.0
622,2025-07-01,290.0
623,2025-07-01,670.0
624,2025-07-01,230.0
626,2025-07-01,360.0
627,2025-07-01,570.0
628,2025-07-01,840.0
629,2025-07-01,540.0
631,2025-07-01,780.0
632,2025-07-01,340.0
633,2025-07-01,310.0
634,2025-07-01,210.0
635,2025-07-01,1060.0
636,2025-07-01,710.0
637,2025-07-01,1090.0
639,2025-07-01,230.0
641,2025-07-01,240.0
642,2025-07-01,370.0
643,2025-07-01,600.0
644,2025-07-01,1260.0
646,2025-07-01,370.0
647,2025-07-01,210.0
648,2025-07-01,280.0
649,2025-07-01,410.0
650,2025-07-01,500.0
652,2025-07-01,440.0
653,2025-07-01,550.0
655,2025-07-01,770.0
656,2025-07-01,730.0
657,2025-07-01,760.0
658,2025-07-01,800.0
659,2025-07-01,290.0
661,2025-07-01,290.0
662,2025-07-01,560.0
663,2025-07-01,500.0
664,2025-07-01,360.0
666,2025-07-01,410.0
668,2025-07-01,290.0
669,2025-07-01,470.0
670,2025-07-01,600.0
672,2025-07-01,510.0
673,2025-07-01,230.0
674,2025-07-01,1780.0
675,2025-07-01,580.0
676,2025-07-01,210.0
677,2025-07-01,550.0
678,2025-07-01,180.0
679,2025-07-01,990.0
680,2025-07-01,240.0
681,2025-07-01,2180.0
682,2025-07-01,220.0
683,2025-07-01,340.0
685,2025-07-01,650.0
686,2025-07-01,630.0
687,2025-07-01,120.0
689,2025-07-01,500.0
690,2025-07-01,440.0
692,2025-07-01,430.0
693,2025-07-01,350.0
694,2025-07-01,300.0
695,2025-07-01,940.0
696,2025-07-01,630.0
697,2025-07-01,540.0
699,2025-07-01,430.0
700,2025-07-01,310.0
701,2025-07-01,540.0
702,2025-07-01,450.0
703,2025-07-01,520.0
706,2025-07-01,200.0
707,2025-07-01,260.0
708,2025-07-01,310.0
709,2025-07-01,670.0
711,2025-07-01,610.0
712,2025-07-01,490.0
713,2025-07-01,1300.0
714,2025-07-01,570.0
715,2025-07-01,860.0
716,2025-07-01,590.0
717,2025-07-01,660.0
718,2025-07-01,1110.0
719,2025-07-01,150.0
720,2025-07-01,400.0
721,2025-07-01,520.0
722,2025-07-01,450.0
723,2025-07-01,530.0
724,2025-07-01,440.0
725,2025-07-01,230.0
726,2025-07-01,200.0
727,2025-07-01,1580.0
728,2025-07-01,2300.0
729,2025-07-01,1000.0
730,2025-07-01,450.0
731,2025-07-01,1110.0
732,2025-07-01,710.0
733,2025-07-01,550.0
734,2025-07-01,360.0
735,2025-07-01,140.0
736,2025-07-01,940.0
737,2025-07-01,830.0
738,2025-07-01,450.0
740,2025-07-01,390.0
742,2025-07-01,1810.0
743,2025-07-01,460.0
744,2025-07-01,360.0
745,2025-07-01,620.0
748,2025-07-01,420.0
749,2025-07-01,710.0
750,2025-07-01,430.0
752,2025-07-01,500.0
753,2025-07-01,410.0
754,2025-07-01,580.0
755,2025-07-01,110.0
756,2025-07-01,480.0
757,2025-07-01,870.0
758,2025-07-01,250.0
759,2025-07-01,1670.0
760,2025-07-01,790.0
761,2025-07-01,350.0
762,2025-07-01,520.0
763,2025-07-01,550.0
764,2025-07-01,420.0
765,2025-07-01,280.0
766,2025-07-01,350.0
767,2025-07-01,210.0
768,2025-07-01,370.0
769,2025-07-01,140.0
770,2025-07-01,520.0
771,2025-07-01,460.0
772,2025-07-01,340.0
773,2025-07-01,310.0
774,2025-07-01,410.0
775,2025-07-01,220.0
776,2025-07-01,180.0
777,2025-07-01,1450.0
779,2025-07-01,330.0
780,2025-07-01,2730.0
781,2025-07-01,720.0
783,2025-07-01,140.0
784,2025-07-01,530.0
785,2025-07-01,770.0
786,2025-07-01,340.0
787,2025-07-01,580.0
788,2025-07-01,550.0
789,2025-07-01,1930.0
790,2025-07-01,1020.0
791,2025-07-01,320.0
792,2025-07-01,510.0
794,2025-07-01,120.0
795,2025-07-01,250.0
796,2025-07-01,840.0
797,2025-07-01,600.0
798,2025-07-01,690.0
799,2025-07-01,220.0
800,2025-07-01,480.0
801,2025-07-01,360.0
802,2025-07-01,170.0
803,2025-07-01,380.0
804,2025-07-01,400.0
805,2025-07-01,490.0
807,2025-07-01,1470.0
808,2025-07-01,230.0
809,2025-07-01,1190.0
810,2025-07-01,1070.0
811,2025-07-01,700.0
812,2025-07-01,580.0
813,2025-07-01,660.0
814,2025-07-01,870.0
815,2025-07-01,230.0
816,2025-07-01,200.0
817,2025-07-01,330.0
818,2025-07-01,290.0
819,2025-07-01,490.0
820,2025-07-01,290.0
821,2025-07-01,300.0
822,2025-07-01,490.0
823,2025-07-01,180.0
825,2025-07-01,220.0
826,2025-07-01,1300.0
827,2025-07-01,510.0
828,2025-07-01,260.0
829,2025-07-01,620.0
830,2025-07-01,430.0
831,2025-07-01,260.0
832,2025-07-01,220.0
833,2025-07-01,470.0
834,2025-07-01,790.0
835,2025-07-01,490.0
836,2025-07-01,170.0
837,2025-07-01,300.0
838,2025-07-01,480.0
839,2025-07-01,250.0
840,2025-07-01,840.0
841,2025-07-01,160.0
842,2025-07-01,960.0
843,2025-07-01,730.0
844,2025-07-01,500.0
845,2025-07-01,230.0
846,2025-07-01,520.0
847,2025-07-01,540.0
849,2025-07-01,110.0
850,2025-07-01,960.0
851,2025-07-01,300.0
852,2025-07-01,780.0
853,2025-07-01,1430.0
854,2025-07-01,1800.0
855,2025-07-01,360.0
856,2025-07-01,170.0
857,2025-07-01,1030.0
858,2025-07-01,320.0
859,2025-07-01,370.0
860,2025-07-01,610.0
861,2025-07-01,270.0
862,2025-07-01,380.0
863,2025-07-01,180.0
864,2025-07-01,190.0
865,2025-07-01,320.0
866,2025-07-01,360.0
867,2025-07-01,310.0
869,2025-07-01,590.0
870,2025-07-01,670.0
871,2025-07-01,1110.0
872,2025-07-01,290.0
873,2025-07-01,400.0
874,2025-07-01,750.0
875,2025-07-01,300.0
876,2025-07-01,550.0
877,2025-07-01,350.0
878,2025-07-01,480.0
879,2025-07-01,430.0
880,2025-07-01,380.0
881,2025-07-01,140.0
882,2025-07-01,820.0
883,2025-07-01,590.0
884,2025-07-01,320.0
885,2025-07-01,480.0
886,2025-07-01,1170.0
888,2025-07-01,1020.0
889,2025-07-01,300.0
890,2025-07-01,340.0
891,2025-07-01,1360.0
892,2025-07-01,820.0
893,2025-07-01,260.0
894,2025-07-01,590.0
895,2025-07-01,1470.0
896,2025-07-01,330.0
897,2025-07-01,2090.0
898,2025-07-01,730.0
899,2025-07-01,390.0
900,2025-07-01,410.0
901,2025-07-01,660.0
902,2025-07-01,230.0
903,2025-07-01,710.0
904,2025-07-01,530.0
905,2025-07-01,270.0
906,2025-07-01,520.0
907,2025-07-01,330.0
908,2025-07-01,490.0
909,2025-07-01,1250.0
910,2025-07-01,640.0
911,2025-07-01,530.0
912,2025-07-01,1070.0
913,2025-07-01,1580.0
914,2025-07-01,300.0
915,2025-07-01,660.0
916,2025-07-01,830.0
917,2025-07-01,390.0
918,2025-07-01,320.0
919,2025-07-01,280.0
920,2025-07-01,760.0
921,2025-07-01,250.0
922,2025-07-01,350.0
923,2025-07-01,360.0
924,2025-07-01,1020.0
925,2025-07-01,130.0
926,2025-07-01,1260.0
927,2025-07-01,130.0
928,2025-07-01,440.0
929,2025-07-01,730.0
930,2025-07-01,160.0
931,2025-07-01,280.0
932,2025-07-01,480.0
933,2025-07-01,2490.0
934,2025-07-01,290.0
935,2025-07-01,190.0
936,2025-07-01,430.0
937,2025-07-01,370.0
938,2025-07-01,210.0
939,2025-07-01,330.0
940,2025-07-01,630.0
941,2025-07-01,380.0
942,2025-07-01,580.0
943,2025-07-01,420.0
944,2025-07-01,280.0
945,2025-07-01,790.0
946,2025-07-01,280.0
947,2025-07-01,510.0
948,2025-07-01,800.0
949,2025-07-01,530.0
950,2025-07-01,470.0
951,2025-07-01,260.0
952,2025-07-01,280.0
953,2025-07-01,360.0
954,2025-07-01,180.0
955,2025-07-01,490.0
956,2025-07-01,880.0
957,2025-07-01,540.0
958,2025-07-01,230.0
959,2025-07-01,150.0
960,2025-07-01,380.0
961,2025-07-01,300.0
962,2025-07-01,340.0
963,2025-07-01,250.0
964,2025-07-01,350.0
965,2025-07-01,700.0
966,2025-07-01,210.0
967,2025-07-01,400.0
968,2025-07-01,170.0
969,2025-07-01,1290.0
970,2025-07-01,730.0
971,2025-07-01,1050.0
972,2025-07-01,110.0
973,2025-07-01,370.0
974,2025-07-01,240.0
975,2025-07-01,730.0
976,2025-07-01,320.0
977,2025-07-01,270.0
978,2025-07-01,340.0
979,2025-07-01,700.0
980,2025-07-01,500.0
981,2025-07-01,360.0
982,2025-07-01,1200.0
983,2025-07-01,620.0
984,2025-07-01,450.0
1,2025-08-01,340.0
5,2025-08-01,500.0
6,2025-08-01,270.0
7,2025-08-01,1180.0
8,2025-08-01,70.0
9,2025-08-01,400.0
11,2025-08-01,1180.0
12,2025-08-01,1120.0
13,2025-08-01,440.0
14,2025-08-01,870.0
16,2025-08-01,3650.0
17,2025-08-01,900.0
18,2025-08-01,680.0
19,2025-08-01,840.0
20,2025-08-01,360.0
21,2025-08-01,650.0
22,2025-08-01,890.0
24,2025-08-01,490.0
25,2025-08-01,720.0
26,2025-08-01,1290.0
27,2025-08-01,720.0
28,2025-08-01,230.0
32,2025-08-01,360.0
33,2025-08-01,1860.0
36,2025-08-01,650.0
38,2025-08-01,520.0
39,2025-08-01,170.0
40,2025-08-01,1330.0
42,2025-08-01,890.0
47,2025-08-01,740.0
49,2025-08-01,600.0
52,2025-08-01,1680.0
55,2025-08-01,800.0
56,2025-08-01,620.0
58,2025-08-01,270.0
60,2025-08-01,190.0
62,2025-08-01,550.0
63,2025-08-01,410.0
64,2025-08-01,430.0
65,2025-08-01,1100.0
67,2025-08-01,1700.0
68,2025-08-01,930.0
72,2025-08-01,170.0
74,2025-08-01,1110.0
75,2025-08-01,500.0
76,2025-08-01,520.0
81,2025-08-01,610.0
83,2025-08-01,1120.0
84,2025-08-01,460.0
86,2025-08-01,570.0
87,2025-08-01,540.0
90,2025-08-01,1010.0
92,2025-08-01,1360.0
94,2025-08-01,210.0
95,2025-08-01,240.0
97,2025-08-01,430.0
98,2025-08-01,440.0
99,2025-08-01,1370.0
100,2025-08-01,970.0
105,2025-08-01,260.0
106,2025-08-01,1480.0
107,2025-08-01,540.0
112,2025-08-01,1570.0
113,2025-08-01,440.0
114,2025-08-01,2020.0
115,2025-08-01,350.0
116,2025-08-01,1030.0
117,2025-08-01,420.0
119,2025-08-01,690.0
120,2025-08-01,180.0
121,2025-08-01,350.0
123,2025-08-01,160.0
125,2025-08-01,1170.0
126,2025-08-01,890.0
127,2025-08-01,890.0
128,2025-08-01,750.0
129,2025-08-01,1070.0
130,2025-08-01,520.0
133,2025-08-01,680.0
134,2025-08-01,880.0
135,2025-08-01,1240.0
136,2025-08-01,500.0
138,2025-08-01,1460.0
139,2025-08-01,650.0
141,2025-08-01,1010.0
143,2025-08-01,280.0
144,2025-08-01,180.0
145,2025-08-01,750.0
148,2025-08-01,330.0
151,2025-08-01,550.0
152,2025-08-01,410.0
153,2025-08-01,280.0
155,2025-08-01,360.0
156,2025-08-01,610.0
157,2025-08-01,440.0
160,2025-08-01,730.0
161,2025-08-01,500.0
165,2025-08-01,660.0
166,2025-08-01,410.0
168,2025-08-01,430.0
170,2025-08-01,640.0
172,2025-08-01,500.0
173,2025-08-01,440.0
174,2025-08-01,670.0
175,2025-08-01,120.0
178,2025-08-01,300.0
180,2025-08-01,670.0
182,2025-08-01,1610.0
184,2025-08-01,720.0
185,2025-08-01,220.0
187,2025-08-01,380.0
188,2025-08-01,1220.0
189,2025-08-01,610.0
190,2025-08-01,440.0
191,2025-08-01,760.0
192,2025-08-01,530.0
193,2025-08-01,350.0
194,2025-08-01,1350.0
195,2025-08-01,970.0
196,2025-08-01,420.0
197,2025-08-01,240.0
198,2025-08-01,380.0
199,2025-08-01,1160.0
200,2025-08-01,290.0
201,2025-08-01,440.0
202,2025-08-01,260.0
206,2025-08-01,760.0
207,2025-08-01,1520.0
209,2025-08-01,510.0
211,2025-08-01,550.0
212,2025-08-01,430.0
213,2025-08-01,420.0
214,2025-08-01,960.0
216,2025-08-01,1670.0
218,2025-08-01,220.0
219,2025-08-01,370.0
220,2025-08-01,1570.0
221,2025-08-01,400.0
222,2025-08-01,390.0
223,2025-08-01,1370.0
226,2025-08-01,600.0
229,2025-08-01,390.0
231,2025-08-01,630.0
232,2025-08-01,190.0
233,2025-08-01,350.0
234,2025-08-01,390.0
235,2025-08-01,1100.0
237,2025-08-01,3220.0
238,2025-08-01,1250.0
239,2025-08-01,1270.0
241,2025-08-01,260.0
242,2025-08-01,130.0
243,2025-08-01,280.0
244,2025-08-01,710.0
246,2025-08-01,1360.0
247,2025-08-01,370.0
249,2025-08-01,1300.0
250,2025-08-01,840.0
251,2025-08-01,110.0
253,2025-08-01,280.0
254,2025-08-01,330.0
255,2025-08-01,740.0
256,2025-08-01,930.0
257,2025-08-01,230.0
258,2025-08-01,810.0
259,2025-08-01,570.0
260,2025-08-01,810.0
264,2025-08-01,360.0
266,2025-08-01,650.0
267,2025-08-01,1020.0
268,2025-08-01,170.0
269,2025-08-01,300.0
270,2025-08-01,1490.0
271,2025-08-01,740.0
273,2025-08-01,600.0
274,2025-08-01,290.0
275,2025-08-01,420.0
276,2025-08-01,580.0
277,2025-08-01,480.0
278,2025-08-01,470.0
279,2025-08-01,260.0
280,2025-08-01,330.0
281,2025-08-01,670.0
282,2025-08-01,940.0
283,2025-08-01,230.0
284,2025-08-01,520.0
285,2025-08-01,810.0
286,2025-08-01,950.0
287,2025-08-01,320.0
290,2025-08-01,290.0
291,2025-08-01,270.0
293,2025-08-01,430.0
296,2025-08-01,1080.0
297,2025-08-01,340.0
298,2025-08-01,960.0
300,2025-08-01,210.0
301,2025-08-01,280.0
302,2025-08-01,830.0
305,2025-08-01,970.0
306,2025-08-01,330.0
307,2025-08-01,330.0
308,2025-08-01,280.0
309,2025-08-01,140.0
311,2025-08-01,360.0
313,2025-08-01,100.0
315,2025-08-01,500.0
316,2025-08-01,470.0
317,2025-08-01,920.0
318,2025-08-01,600.0
320,2025-08-01,210.0
321,2025-08-01,380.0
322,2025-08-01,1420.0
323,2025-08-01,1850.0
325,2025-08-01,710.0
326,2025-08-01,310.0
328,2025-08-01,2990.0
329,2025-08-01,270.0
330,2025-08-01,440.0
332,2025-08-01,300.0
333,2025-08-01,730.0
334,2025-08-01,1220.0
335,2025-08-01,310.0
337,2025-08-01,570.0
338,2025-08-01,450.0
340,2025-08-01,720.0
341,2025-08-01,220.0
342,2025-08-01,1610.0
344,2025-08-01,2150.0
345,2025-08-01,760.0
346,2025-08-01,2100.0
347,2025-08-01,1480.0
348,2025-08-01,650.0
350,2025-08-01,620.0
351,2025-08-01,700.0
352,2025-08-01,2480.0
354,2025-08-01,310.0
358,2025-08-01,310.0
359,2025-08-01,230.0
360,2025-08-01,320.0
361,2025-08-01,590.0
363,2025-08-01,560.0
365,2025-08-01,800.0
366,2025-08-01,910.0
369,2025-08-01,960.0
370,2025-08-01,320.0
372,2025-08-01,180.0
373,2025-08-01,530.0
374,2025-08-01,530.0
375,2025-08-01,380.0
376,2025-08-01,440.0
377,2025-08-01,260.0
379,2025-08-01,870.0
381,2025-08-01,560.0
382,2025-08-01,930.0
383,2025-08-01,310.0
384,2025-08-01,310.0
385,2025-08-01,840.0
386,2025-08-01,310.0
387,2025-08-01,1360.0
388,2025-08-01,240.0
389,2025-08-01,910.0
390,2025-08-01,350.0
393,2025-08-01,420.0
394,2025-08-01,300.0
396,2025-08-01,460.0
397,2025-08-01,640.0
398,2025-08-01,820.0
399,2025-08-01,350.0
400,2025-08-01,990.0
401,2025-08-01,440.0
403,2025-08-01,390.0
404,2025-08-01,160.0
405,2025-08-01,620.0
406,2025-08-01,310.0
407,2025-08-01,410.0
408,2025-08-01,420.0
409,2025-08-01,300.0
410,2025-08-01,1050.0
411,2025-08-01,620.0
412,2025-08-01,440.0
414,2025-08-01,120.0
415,2025-08-01,380.0
416,2025-08-01,420.0
417,2025-08-01,590.0
419,2025-08-01,330.0
421,2025-08-01,1100.0
424,2025-08-01,400.0
426,2025-08-01,440.0
428,2025-08-01,310.0
429,2025-08-01,1170.0
430,2025-08-01,800.0
431,2025-08-01,270.0
432,2025-08-01,780.0
433,2025-08-01,890.0
434,2025-08-01,520.0
435,2025-08-01,680.0
436,2025-08-01,360.0
438,2025-08-01,430.0
439,2025-08-01,430.0
441,2025-08-01,610.0
442,2025-08-01,250.0
443,2025-08-01,1840.0
444,2025-08-01,580.0
445,2025-08-01,390.0
446,2025-08-01,240.0
450,2025-08-01,350.0
451,2025-08-01,660.0
453,2025-08-01,440.0
455,2025-08-01,1360.0
456,2025-08-01,450.0
458,2025-08-01,220.0
459,2025-08-01,640.0
460,2025-08-01,270.0
461,2025-08-01,700.0
462,2025-08-01,580.0
463,2025-08-01,230.0
464,2025-08-01,1490.0
465,2025-08-01,1300.0
467,2025-08-01,740.0
468,2025-08-01,1580.0
469,2025-08-01,650.0
470,2025-08-01,370.0
472,2025-08-01,2090.0
473,2025-08-01,580.0
474,2025-08-01,550.0
476,2025-08-01,620.0
477,2025-08-01,150.0
479,2025-08-01,940.0
482,2025-08-01,250.0
483,2025-08-01,340.0
484,2025-08-01,110.0
485,2025-08-01,730.0
486,2025-08-01,230.0
487,2025-08-01,770.0
488,2025-08-01,370.0
490,2025-08-01,1590.0
491,2025-08-01,110.0
493,2025-08-01,150.0
494,2025-08-01,390.0
495,2025-08-01,1160.0
496,2025-08-01,700.0
497,2025-08-01,1460.0
498,2025-08-01,480.0
499,2025-08-01,800.0
501,2025-08-01,800.0
502,2025-08-01,750.0
503,2025-08-01,680.0
504,2025-08-01,630.0
509,2025-08-01,850.0
512,2025-08-01,630.0
514,2025-08-01,520.0
521,2025-08-01,300.0
522,2025-08-01,620.0
524,2025-08-01,390.0
525,2025-08-01,110.0
527,2025-08-01,340.0
529,2025-08-01,750.0
530,2025-08-01,1420.0
531,2025-08-01,450.0
534,2025-08-01,650.0
535,2025-08-01,1150.0
536,2025-08-01,310.0
538,2025-08-01,390.0
539,2025-08-01,830.0
541,2025-08-01,380.0
543,2025-08-01,390.0
544,2025-08-01,1050.0
546,2025-08-01,240.0
547,2025-08-01,230.0
548,2025-08-01,1690.0
549,2025-08-01,280.0
550,2025-08-01,420.0
551,2025-08-01,180.0
552,2025-08-01,420.0
553,2025-08-01,1130.0
554,2025-08-01,300.0
555,2025-08-01,290.0
556,2025-08-01,1100.0
558,2025-08-01,290.0
559,2025-08-01,270.0
561,2025-08-01,620.0
562,2025-08-01,260.0
563,2025-08-01,580.0
566,2025-08-01,370.0
567,2025-08-01,120.0
568,2025-08-01,380.0
570,2025-08-01,200.0
571,2025-08-01,630.0
572,2025-08-01,440.0
573,2025-08-01,290.0
574,2025-08-01,570.0
575,2025-08-01,260.0
576,2025-08-01,420.0
577,2025-08-01,530.0
578,2025-08-01,740.0
579,2025-08-01,800.0
580,2025-08-01,310.0
582,2025-08-01,370.0
583,2025-08-01,1060.0
584,2025-08-01,120.0
585,2025-08-01,1500.0
586,2025-08-01,160.0
587,2025-08-01,280.0
590,2025-08-01,190.0
591,2025-08-01,780.0
592,2025-08-01,510.0
593,2025-08-01,800.0
595,2025-08-01,350.0
596,2025-08-01,460.0
597,2025-08-01,570.0
599,2025-08-01,360.0
601,2025-08-01,340.0
602,2025-08-01,260.0
603,2025-08-01,500.0
605,2025-08-01,530.0
606,2025-08-01,580.0
607,2025-08-01,430.0
608,2025-08-01,190.0
609,2025-08-01,390.0
610,2025-08-01,1080.0
611,2025-08-01,450.0
612,2025-08-01,460.0
613,2025-08-01,910.0
614,2025-08-01,230.0
615,2025-08-01,290.0
616,2025-08-01,190.0
617,2025-08-01,730.0
618,2025-08-01,310.0
619,2025-08-01,300.0
621,2025-08-01,370.0
622,2025-08-01,290.0
623,2025-08-01,670.0
624,2025-08-01,230.0
626,2025-08-01,360.0
627,2025-08-01,570.0
628,2025-08-01,840.0
629,2025-08-01,540.0
631,2025-08-01,780.0
632,2025-08-01,340.0
633,2025-08-01,310.0
634,2025-08-01,210.0
635,2025-08-01,1060.0
636,2025-08-01,710.0
637,2025-08-01,1090.0
639,2025-08-01,230.0
641,2025-08-01,240.0
642,2025-08-01,370.0
643,2025-08-01,600.0
644,2025-08-01,1260.0
646,2025-08-01,370.0
647,2025-08-01,210.0
648,2025-08-01,280.0
649,2025-08-01,410.0
650,2025-08-01,500.0
652,2025-08-01,440.0
653,2025-08-01,550.0
655,2025-08-01,770.0
656,2025-08-01,730.0
657,2025-08-01,760.0
658,2025-08-01,800.0
659,2025-08-01,290.0
661,2025-08-01,290.0
662,2025-08-01,560.0
663,2025-08-01,500.0
664,2025-08-01,360.0
666,2025-08-01,410.0
668,2025-08-01,290.0
669,2025-08-01,470.0
670,2025-08-01,600.0
672,2025-08-01,510.0
673,2025-08-01,230.0
674,2025-08-01,1780.0
675,2025-08-01,580.0
676,2025-08-01,210.0
677,2025-08-01,550.0
678,2025-08-01,180.0
679,2025-08-01,990.0
680,2025-08-01,330.0
681,2025-08-01,2180.0
682,2025-08-01,220.0
683,2025-08-01,340.0
685,2025-08-01,650.0
686,2025-08-01,630.0
687,2025-08-01,120.0
689,2025-08-01,500.0
690,2025-08-01,440.0
692,2025-08-01,430.0
693,2025-08-01,350.0
694,2025-08-01,300.0
695,2025-08-01,940.0
696,2025-08-01,630.0
697,2025-08-01,540.0
699,2025-08-01,430.0
700,2025-08-01,310.0
701,2025-08-01,540.0
702,2025-08-01,450.0
703,2025-08-01,520.0
706,2025-08-01,200.0
707,2025-08-01,260.0
708,2025-08-01,310.0
709,2025-08-01,670.0
711,2025-08-01,720.0
712,2025-08-01,490.0
713,2025-08-01,1300.0
714,2025-08-01,570.0
715,2025-08-01,860.0
716,2025-08-01,590.0
717,2025-08-01,660.0
718,2025-08-01,1110.0
719,2025-08-01,150.0
720,2025-08-01,400.0
721,2025-08-01,520.0
722,2025-08-01,450.0
723,2025-08-01,530.0
724,2025-08-01,440.0
725,2025-08-01,230.0
726,2025-08-01,200.0
727,2025-08-01,1580.0
728,2025-08-01,2300.0
729,2025-08-01,1000.0
730,2025-08-01,450.0
731,2025-08-01,810.0
732,2025-08-01,710.0
733,2025-08-01,410.0
734,2025-08-01,520.0
735,2025-08-01,140.0
736,2025-08-01,940.0
737,2025-08-01,830.0
738,2025-08-01,450.0
740,2025-08-01,390.0
742,2025-08-01,1810.0
743,2025-08-01,460.0
744,2025-08-01,360.0
745,2025-08-01,620.0
748,2025-08-01,420.0
749,2025-08-01,710.0
750,2025-08-01,430.0
752,2025-08-01,580.0
753,2025-08-01,410.0
754,2025-08-01,580.0
755,2025-08-01,110.0
756,2025-08-01,480.0
757,2025-08-01,870.0
758,2025-08-01,250.0
759,2025-08-01,1670.0
760,2025-08-01,580.0
761,2025-08-01,350.0
762,2025-08-01,520.0
763,2025-08-01,550.0
764,2025-08-01,420.0
765,2025-08-01,280.0
766,2025-08-01,350.0
767,2025-08-01,210.0
768,2025-08-01,370.0
769,2025-08-01,110.0
770,2025-08-01,520.0
771,2025-08-01,460.0
772,2025-08-01,340.0
773,2025-08-01,310.0
775,2025-08-01,220.0
776,2025-08-01,180.0
777,2025-08-01,1450.0
779,2025-08-01,330.0
780,2025-08-01,2730.0
781,2025-08-01,720.0
783,2025-08-01,140.0
784,2025-08-01,530.0
785,2025-08-01,770.0
786,2025-08-01,340.0
787,2025-08-01,830.0
788,2025-08-01,550.0
789,2025-08-01,1930.0
790,2025-08-01,1020.0
791,2025-08-01,320.0
792,2025-08-01,510.0
794,2025-08-01,120.0
795,2025-08-01,250.0
796,2025-08-01,840.0
797,2025-08-01,600.0
798,2025-08-01,690.0
799,2025-08-01,220.0
800,2025-08-01,480.0
801,2025-08-01,360.0
802,2025-08-01,170.0
803,2025-08-01,380.0
804,2025-08-01,400.0
805,2025-08-01,490.0
807,2025-08-01,1470.0
808,2025-08-01,230.0
809,2025-08-01,1190.0
810,2025-08-01,1070.0
811,2025-08-01,700.0
812,2025-08-01,580.0
813,2025-08-01,660.0
814,2025-08-01,870.0
816,2025-08-01,200.0
817,2025-08-01,330.0
818,2025-08-01,290.0
819,2025-08-01,490.0
820,2025-08-01,290.0
821,2025-08-01,300.0
822,2025-08-01,490.0
823,2025-08-01,180.0
825,2025-08-01,220.0
826,2025-08-01,1300.0
827,2025-08-01,510.0
828,2025-08-01,260.0
829,2025-08-01,620.0
830,2025-08-01,430.0
831,2025-08-01,260.0
832,2025-08-01,330.0
833,2025-08-01,470.0
834,2025-08-01,790.0
835,2025-08-01,490.0
836,2025-08-01,170.0
837,2025-08-01,350.0
838,2025-08-01,480.0
839,2025-08-01,250.0
840,2025-08-01,840.0
841,2025-08-01,160.0
842,2025-08-01,960.0
843,2025-08-01,730.0
844,2025-08-01,500.0
845,2025-08-01,230.0
846,2025-08-01,520.0
847,2025-08-01,540.0
849,2025-08-01,110.0
850,2025-08-01,960.0
851,2025-08-01,300.0
852,2025-08-01,780.0
853,2025-08-01,1430.0
854,2025-08-01,1800.0
855,2025-08-01,360.0
856,2025-08-01,170.0
857,2025-08-01,1030.0
858,2025-08-01,320.0
859,2025-08-01,370.0
860,2025-08-01,610.0
861,2025-08-01,270.0
862,2025-08-01,380.0
863,2025-08-01,180.0
864,2025-08-01,190.0
865,2025-08-01,320.0
866,2025-08-01,360.0
867,2025-08-01,310.0
869,2025-08-01,590.0
870,2025-08-01,670.0
871,2025-08-01,1110.0
872,2025-08-01,360.0
873,2025-08-01,400.0
874,2025-08-01,750.0
875,2025-08-01,300.0
876,2025-08-01,550.0
877,2025-08-01,350.0
878,2025-08-01,480.0
879,2025-08-01,430.0
880,2025-08-01,380.0
881,2025-08-01,140.0
882,2025-08-01,820.0
883,2025-08-01,590.0
884,2025-08-01,320.0
885,2025-08-01,480.0
886,2025-08-01,1170.0
888,2025-08-01,1020.0
889,2025-08-01,300.0
890,2025-08-01,340.0
891,2025-08-01,1360.0
892,2025-08-01,820.0
893,2025-08-01,260.0
894,2025-08-01,590.0
895,2025-08-01,1470.0
896,2025-08-01,330.0
897,2025-08-01,2090.0
898,2025-08-01,730.0
899,2025-08-01,390.0
900,2025-08-01,410.0
901,2025-08-01,660.0
903,2025-08-01,710.0
904,2025-08-01,530.0
905,2025-08-01,270.0
906,2025-08-01,520.0
907,2025-08-01,330.0
908,2025-08-01,490.0
909,2025-08-01,1250.0
910,2025-08-01,640.0
911,2025-08-01,530.0
912,2025-08-01,1070.0
913,2025-08-01,1580.0
914,2025-08-01,300.0
915,2025-08-01,660.0
916,2025-08-01,600.0
917,2025-08-01,500.0
918,2025-08-01,320.0
919,2025-08-01,280.0
920,2025-08-01,760.0
921,2025-08-01,250.0
922,2025-08-01,350.0
923,2025-08-01,360.0
924,2025-08-01,1020.0
925,2025-08-01,130.0
926,2025-08-01,1260.0
927,2025-08-01,130.0
928,2025-08-01,440.0
929,2025-08-01,730.0
930,2025-08-01,160.0
931,2025-08-01,280.0
932,2025-08-01,480.0
933,2025-08-01,2490.0
934,2025-08-01,290.0
935,2025-08-01,190.0
936,2025-08-01,430.0
937,2025-08-01,370.0
938,2025-08-01,210.0
939,2025-08-01,330.0
940,2025-08-01,630.0
941,2025-08-01,380.0
942,2025-08-01,580.0
943,2025-08-01,420.0
944,2025-08-01,280.0
945,2025-08-01,790.0
946,2025-08-01,280.0
947,2025-08-01,510.0
948,2025-08-01,1110.0
949,2025-08-01,530.0
950,2025-08-01,470.0
951,2025-08-01,260.0
952,2025-08-01,280.0
953,2025-08-01,360.0
954,2025-08-01,180.0
955,2025-08-01,490.0
956,2025-08-01,880.0
957,2025-08-01,540.0
958,2025-08-01,230.0
959,2025-08-01,150.0
960,2025-08-01,380.0
961,2025-08-01,300.0
962,2025-08-01,340.0
963,2025-08-01,250.0
964,2025-08-01,350.0
965,2025-08-01,700.0
966,2025-08-01,210.0
967,2025-08-01,400.0
968,2025-08-01,170.0
969,2025-08-01,1290.0
970,2025-08-01,730.0
971,2025-08-01,1050.0
972,2025-08-01,110.0
973,2025-08-01,370.0
974,2025-08-01,240.0
975,2025-08-01,730.0
976,2025-08-01,320.0
977,2025-08-01,270.0
978,2025-08-01,340.0
979,2025-08-01,700.0
980,2025-08-01,500.0
981,2025-08-01,360.0
982,2025-08-01,1200.0
983,2025-08-01,620.0
984,2025-08-01,450.0
985,2025-08-01,430.0
986,2025-08-01,390.0
987,2025-08-01,450.0
988,2025-08-01,340.0
989,2025-08-01,580.0
990,2025-08-01,390.0
991,2025-08-01,1000.0
992,2025-08-01,410.0
993,2025-08-01,1340.0
994,2025-08-01,210.0
995,2025-08-01,910.0
996,2025-08-01,380.0
997,2025-08-01,390.0
998,2025-08-01,220.0
999,2025-08-01,510.0
1000,2025-08-01,540.0
1001,2025-08-01,330.0
1002,2025-08-01,530.0
1003,2025-08-01,260.0
1004,2025-08-01,410.0
1005,2025-08-01,660.0
1006,2025-08-01,690.0
1007,2025-08-01,600.0
1008,2025-08-01,1920.0
1009,2025-08-01,540.0
1010,2025-08-01,270.0
1011,2025-08-01,490.0
1012,2025-08-01,720.0
1013,2025-08-01,450.0
1014,2025-08-01,610.0
1015,2025-08-01,1080.0
1016,2025-08-01,240.0
1017,2025-08-01,660.0
1018,2025-08-01,570.0
1019,2025-08-01,320.0
1020,2025-08-01,720.0
1021,2025-08-01,590.0
1,2025-09-01,340.0
5,2025-09-01,500.0
6,2025-09-01,270.0
7,2025-09-01,1180.0
8,2025-09-01,70.0
9,2025-09-01,400.0
11,2025-09-01,1180.0
12,2025-09-01,1120.0
13,2025-09-01,440.0
14,2025-09-01,870.0
16,2025-09-01,3650.0
17,2025-09-01,900.0
18,2025-09-01,680.0
19,2025-09-01,840.0
20,2025-09-01,360.0
21,2025-09-01,650.0
22,2025-09-01,890.0
24,2025-09-01,490.0
25,2025-09-01,720.0
26,2025-09-01,1290.0
27,2025-09-01,720.0
28,2025-09-01,230.0
32,2025-09-01,360.0
33,2025-09-01,1860.0
36,2025-09-01,650.0
38,2025-09-01,520.0
39,2025-09-01,200.0
40,2025-09-01,1330.0
42,2025-09-01,890.0
47,2025-09-01,740.0
49,2025-09-01,600.0
52,2025-09-01,1680.0
55,2025-09-01,800.0
56,2025-09-01,620.0
58,2025-09-01,270.0
60,2025-09-01,190.0
62,2025-09-01,550.0
63,2025-09-01,410.0
64,2025-09-01,430.0
65,2025-09-01,820.0
67,2025-09-01,1700.0
68,2025-09-01,930.0
72,2025-09-01,170.0
74,2025-09-01,1110.0
75,2025-09-01,500.0
76,2025-09-01,520.0
81,2025-09-01,610.0
83,2025-09-01,1120.0
84,2025-09-01,460.0
86,2025-09-01,570.0
87,2025-09-01,540.0
90,2025-09-01,1010.0
92,2025-09-01,1360.0
94,2025-09-01,210.0
95,2025-09-01,240.0
97,2025-09-01,430.0
98,2025-09-01,440.0
99,2025-09-01,1370.0
100,2025-09-01,970.0
105,2025-09-01,260.0
106,2025-09-01,1480.0
107,2025-09-01,750.0
112,2025-09-01,1570.0
113,2025-09-01,440.0
114,2025-09-01,2020.0
115,2025-09-01,350.0
116,2025-09-01,1030.0
117,2025-09-01,420.0
119,2025-09-01,690.0
120,2025-09-01,180.0
121,2025-09-01,350.0
123,2025-09-01,160.0
125,2025-09-01,1170.0
126,2025-09-01,890.0
127,2025-09-01,890.0
128,2025-09-01,750.0
129,2025-09-01,1070.0
130,2025-09-01,520.0
133,2025-09-01,680.0
134,2025-09-01,880.0
135,2025-09-01,1240.0
136,2025-09-01,500.0
138,2025-09-01,2130.0
139,2025-09-01,650.0
141,2025-09-01,1010.0
143,2025-09-01,280.0
144,2025-09-01,180.0
145,2025-09-01,750.0
148,2025-09-01,330.0
151,2025-09-01,460.0
152,2025-09-01,410.0
153,2025-09-01,280.0
155,2025-09-01,360.0
156,2025-09-01,610.0
157,2025-09-01,440.0
160,2025-09-01,730.0
161,2025-09-01,500.0
165,2025-09-01,660.0
166,2025-09-01,410.0
168,2025-09-01,430.0
170,2025-09-01,640.0
172,2025-09-01,500.0
173,2025-09-01,440.0
174,2025-09-01,670.0
175,2025-09-01,120.0
178,2025-09-01,300.0
180,2025-09-01,670.0
182,2025-09-01,1610.0
184,2025-09-01,720.0
185,2025-09-01,220.0
187,2025-09-01,380.0
188,2025-09-01,1220.0
189,2025-09-01,610.0
190,2025-09-01,440.0
191,2025-09-01,760.0
192,2025-09-01,530.0
193,2025-09-01,350.0
194,2025-09-01,1350.0
195,2025-09-01,970.0
196,2025-09-01,420.0
197,2025-09-01,240.0
198,2025-09-01,380.0
199,2025-09-01,1160.0
200,2025-09-01,290.0
201,2025-09-01,440.0
202,2025-09-01,260.0
206,2025-09-01,760.0
207,2025-09-01,1520.0
209,2025-09-01,510.0
211,2025-09-01,550.0
212,2025-09-01,430.0
213,2025-09-01,420.0
214,2025-09-01,960.0
216,2025-09-01,1670.0
218,2025-09-01,220.0
219,2025-09-01,370.0
220,2025-09-01,1570.0
221,2025-09-01,400.0
222,2025-09-01,390.0
223,2025-09-01,1370.0
226,2025-09-01,600.0
229,2025-09-01,390.0
231,2025-09-01,630.0
232,2025-09-01,190.0
233,2025-09-01,350.0
234,2025-09-01,390.0
235,2025-09-01,1100.0
238,2025-09-01,1250.0
239,2025-09-01,940.0
241,2025-09-01,260.0
242,2025-09-01,130.0
243,2025-09-01,280.0
244,2025-09-01,710.0
246,2025-09-01,1360.0
247,2025-09-01,370.0
249,2025-09-01,1300.0
250,2025-09-01,840.0
251,2025-09-01,110.0
253,2025-09-01,280.0
254,2025-09-01,330.0
255,2025-09-01,740.0
256,2025-09-01,930.0
257,2025-09-01,230.0
258,2025-09-01,810.0
259,2025-09-01,570.0
260,2025-09-01,810.0
264,2025-09-01,360.0
266,2025-09-01,650.0
267,2025-09-01,1020.0
268,2025-09-01,170.0
269,2025-09-01,300.0
270,2025-09-01,1490.0
271,2025-09-01,740.0
273,2025-09-01,600.0
274,2025-09-01,290.0
275,2025-09-01,420.0
276,2025-09-01,580.0
277,2025-09-01,480.0
278,2025-09-01,470.0
279,2025-09-01,260.0
280,2025-09-01,330.0
281,2025-09-01,670.0
282,2025-09-01,940.0
283,2025-09-01,230.0
284,2025-09-01,520.0
285,2025-09-01,810.0
286,2025-09-01,1280.0
287,2025-09-01,320.0
290,2025-09-01,290.0
291,2025-09-01,270.0
293,2025-09-01,430.0
296,2025-09-01,1080.0
297,2025-09-01,340.0
298,2025-09-01,960.0
300,2025-09-01,210.0
301,2025-09-01,280.0
302,2025-09-01,830.0
305,2025-09-01,970.0
306,2025-09-01,330.0
307,2025-09-01,330.0
308,2025-09-01,280.0
309,2025-09-01,140.0
311,2025-09-01,360.0
313,2025-09-01,100.0
315,2025-09-01,500.0
316,2025-09-01,470.0
317,2025-09-01,920.0
318,2025-09-01,720.0
320,2025-09-01,270.0
321,2025-09-01,380.0
322,2025-09-01,1420.0
323,2025-09-01,1850.0
325,2025-09-01,710.0
326,2025-09-01,310.0
328,2025-09-01,2990.0
329,2025-09-01,270.0
330,2025-09-01,440.0
332,2025-09-01,300.0
333,2025-09-01,730.0
334,2025-09-01,1580.0
335,2025-09-01,310.0
337,2025-09-01,570.0
338,2025-09-01,450.0
340,2025-09-01,720.0
341,2025-09-01,220.0
342,2025-09-01,1610.0
344,2025-09-01,2150.0
345,2025-09-01,760.0
346,2025-09-01,2100.0
347,2025-09-01,1480.0
348,2025-09-01,650.0
350,2025-09-01,620.0
351,2025-09-01,700.0
352,2025-09-01,2480.0
354,2025-09-01,310.0
358,2025-09-01,310.0
359,2025-09-01,230.0
360,2025-09-01,320.0
361,2025-09-01,590.0
363,2025-09-01,560.0
365,2025-09-01,800.0
366,2025-09-01,910.0
369,2025-09-01,960.0
370,2025-09-01,320.0
372,2025-09-01,260.0
373,2025-09-01,660.0
374,2025-09-01,530.0
375,2025-09-01,380.0
376,2025-09-01,530.0
377,2025-09-01,260.0
379,2025-09-01,870.0
381,2025-09-01,560.0
382,2025-09-01,930.0
383,2025-09-01,310.0
384,2025-09-01,310.0
385,2025-09-01,840.0
386,2025-09-01,310.0
387,2025-09-01,1360.0
388,2025-09-01,240.0
389,2025-09-01,910.0
390,2025-09-01,350.0
393,2025-09-01,420.0
394,2025-09-01,300.0
396,2025-09-01,460.0
397,2025-09-01,640.0
398,2025-09-01,820.0
399,2025-09-01,350.0
400,2025-09-01,990.0
401,2025-09-01,440.0
403,2025-09-01,390.0
404,2025-09-01,160.0
405,2025-09-01,620.0
406,2025-09-01,310.0
407,2025-09-01,410.0
408,2025-09-01,420.0
409,2025-09-01,300.0
410,2025-09-01,1050.0
411,2025-09-01,620.0
412,2025-09-01,440.0
414,2025-09-01,120.0
415,2025-09-01,380.0
416,2025-09-01,420.0
417,2025-09-01,590.0
419,2025-09-01,330.0
421,2025-09-01,1100.0
424,2025-09-01,400.0
426,2025-09-01,440.0
428,2025-09-01,310.0
429,2025-09-01,1170.0
430,2025-09-01,800.0
431,2025-09-01,270.0
432,2025-09-01,910.0
433,2025-09-01,890.0
434,2025-09-01,520.0
435,2025-09-01,680.0
436,2025-09-01,360.0
438,2025-09-01,430.0
439,2025-09-01,430.0
441,2025-09-01,610.0
442,2025-09-01,250.0
443,2025-09-01,1840.0
444,2025-09-01,580.0
445,2025-09-01,390.0
446,2025-09-01,320.0
450,2025-09-01,350.0
451,2025-09-01,990.0
453,2025-09-01,440.0
455,2025-09-01,1360.0
456,2025-09-01,450.0
458,2025-09-01,220.0
459,2025-09-01,640.0
460,2025-09-01,270.0
461,2025-09-01,700.0
462,2025-09-01,580.0
463,2025-09-01,230.0
464,2025-09-01,1490.0
465,2025-09-01,1300.0
467,2025-09-01,740.0
468,2025-09-01,1580.0
469,2025-09-01,650.0
470,2025-09-01,370.0
472,2025-09-01,2090.0
473,2025-09-01,580.0
474,2025-09-01,550.0
476,2025-09-01,620.0
477,2025-09-01,150.0
479,2025-09-01,940.0
482,2025-09-01,250.0
483,2025-09-01,340.0
484,2025-09-01,110.0
485,2025-09-01,730.0
486,2025-09-01,230.0
487,2025-09-01,770.0
488,2025-09-01,370.0
490,2025-09-01,1590.0
491,2025-09-01,110.0
493,2025-09-01,150.0
494,2025-09-01,390.0
495,2025-09-01,1160.0
496,2025-09-01,700.0
497,2025-09-01,1460.0
498,2025-09-01,480.0
499,2025-09-01,800.0
501,2025-09-01,800.0
502,2025-09-01,750.0
503,2025-09-01,680.0
504,2025-09-01,630.0
509,2025-09-01,850.0
512,2025-09-01,630.0
514,2025-09-01,520.0
521,2025-09-01,300.0
522,2025-09-01,620.0
524,2025-09-01,390.0
525,2025-09-01,110.0
527,2025-09-01,340.0
529,2025-09-01,750.0
530,2025-09-01,1420.0
531,2025-09-01,450.0
534,2025-09-01,650.0
535,2025-09-01,1150.0
536,2025-09-01,440.0
538,2025-09-01,390.0
539,2025-09-01,830.0
541,2025-09-01,490.0
543,2025-09-01,390.0
544,2025-09-01,1050.0
546,2025-09-01,240.0
547,2025-09-01,230.0
548,2025-09-01,1690.0
549,2025-09-01,280.0
550,2025-09-01,420.0
551,2025-09-01,180.0
552,2025-09-01,420.0
553,2025-09-01,1130.0
554,2025-09-01,300.0
555,2025-09-01,290.0
556,2025-09-01,1100.0
558,2025-09-01,290.0
559,2025-09-01,270.0
561,2025-09-01,620.0
562,2025-09-01,260.0
563,2025-09-01,580.0
566,2025-09-01,370.0
567,2025-09-01,120.0
568,2025-09-01,380.0
570,2025-09-01,200.0
571,2025-09-01,630.0
572,2025-09-01,440.0
573,2025-09-01,290.0
574,2025-09-01,570.0
575,2025-09-01,260.0
576,2025-09-01,420.0
577,2025-09-01,530.0
578,2025-09-01,740.0
579,2025-09-01,800.0
580,2025-09-01,430.0
582,2025-09-01,370.0
583,2025-09-01,1060.0
584,2025-09-01,120.0
585,2025-09-01,1060.0
586,2025-09-01,190.0
587,2025-09-01,280.0
590,2025-09-01,190.0
591,2025-09-01,780.0
592,2025-09-01,510.0
593,2025-09-01,800.0
595,2025-09-01,350.0
596,2025-09-01,460.0
597,2025-09-01,570.0
599,2025-09-01,360.0
601,2025-09-01,340.0
602,2025-09-01,260.0
605,2025-09-01,530.0
606,2025-09-01,490.0
607,2025-09-01,430.0
608,2025-09-01,190.0
610,2025-09-01,1370.0
611,2025-09-01,450.0
612,2025-09-01,460.0
613,2025-09-01,910.0
614,2025-09-01,230.0
615,2025-09-01,290.0
616,2025-09-01,190.0
617,2025-09-01,730.0
618,2025-09-01,310.0
619,2025-09-01,300.0
621,2025-09-01,370.0
622,2025-09-01,290.0
623,2025-09-01,930.0
624,2025-09-01,230.0
626,2025-09-01,360.0
627,2025-09-01,570.0
628,2025-09-01,840.0
629,2025-09-01,540.0
631,2025-09-01,780.0
632,2025-09-01,340.0
633,2025-09-01,310.0
634,2025-09-01,210.0
635,2025-09-01,1060.0
636,2025-09-01,710.0
637,2025-09-01,1090.0
639,2025-09-01,230.0
641,2025-09-01,240.0
642,2025-09-01,370.0
643,2025-09-01,600.0
644,2025-09-01,1260.0
646,2025-09-01,370.0
647,2025-09-01,210.0
648,2025-09-01,280.0
649,2025-09-01,410.0
650,2025-09-01,500.0
652,2025-09-01,440.0
653,2025-09-01,550.0
655,2025-09-01,770.0
656,2025-09-01,730.0
657,2025-09-01,760.0
658,2025-09-01,800.0
659,2025-09-01,290.0
661,2025-09-01,290.0
662,2025-09-01,560.0
663,2025-09-01,500.0
664,2025-09-01,360.0
666,2025-09-01,410.0
668,2025-09-01,290.0
669,2025-09-01,470.0
670,2025-09-01,600.0
672,2025-09-01,510.0
673,2025-09-01,230.0
674,2025-09-01,1780.0
676,2025-09-01,210.0
677,2025-09-01,550.0
678,2025-09-01,180.0
679,2025-09-01,990.0
680,2025-09-01,330.0
681,2025-09-01,2180.0
682,2025-09-01,220.0
683,2025-09-01,340.0
685,2025-09-01,650.0
686,2025-09-01,630.0
687,2025-09-01,120.0
689,2025-09-01,500.0
690,2025-09-01,440.0
692,2025-09-01,430.0
693,2025-09-01,350.0
694,2025-09-01,300.0
695,2025-09-01,940.0
696,2025-09-01,630.0
697,2025-09-01,540.0
699,2025-09-01,430.0
700,2025-09-01,310.0
701,2025-09-01,540.0
702,2025-09-01,450.0
703,2025-09-01,620.0
706,2025-09-01,200.0
707,2025-09-01,260.0
708,2025-09-01,310.0
709,2025-09-01,670.0
711,2025-09-01,1020.0
712,2025-09-01,490.0
713,2025-09-01,1300.0
714,2025-09-01,570.0
715,2025-09-01,860.0
716,2025-09-01,730.0
717,2025-09-01,660.0
718,2025-09-01,1110.0
719,2025-09-01,150.0
720,2025-09-01,400.0
721,2025-09-01,520.0
722,2025-09-01,450.0
723,2025-09-01,530.0
724,2025-09-01,440.0
725,2025-09-01,230.0
726,2025-09-01,200.0
727,2025-09-01,1580.0
728,2025-09-01,2300.0
729,2025-09-01,1000.0
730,2025-09-01,450.0
731,2025-09-01,810.0
732,2025-09-01,710.0
733,2025-09-01,410.0
734,2025-09-01,520.0
735,2025-09-01,140.0
736,2025-09-01,940.0
737,2025-09-01,830.0
738,2025-09-01,450.0
740,2025-09-01,390.0
742,2025-09-01,1810.0
743,2025-09-01,460.0
744,2025-09-01,360.0
745,2025-09-01,620.0
748,2025-09-01,420.0
749,2025-09-01,710.0
750,2025-09-01,590.0
752,2025-09-01,580.0
753,2025-09-01,580.0
754,2025-09-01,580.0
755,2025-09-01,110.0
756,2025-09-01,480.0
757,2025-09-01,870.0
758,2025-09-01,250.0
759,2025-09-01,1670.0
760,2025-09-01,580.0
761,2025-09-01,350.0
762,2025-09-01,520.0
763,2025-09-01,550.0
764,2025-09-01,420.0
765,2025-09-01,280.0
766,2025-09-01,350.0
767,2025-09-01,210.0
768,2025-09-01,370.0
769,2025-09-01,110.0
770,2025-09-01,520.0
771,2025-09-01,460.0
772,2025-09-01,340.0
773,2025-09-01,310.0
775,2025-09-01,220.0
776,2025-09-01,180.0
777,2025-09-01,1450.0
779,2025-09-01,330.0
780,2025-09-01,2730.0
781,2025-09-01,720.0
783,2025-09-01,140.0
784,2025-09-01,530.0
785,2025-09-01,770.0
786,2025-09-01,340.0
787,2025-09-01,830.0
788,2025-09-01,550.0
789,2025-09-01,1930.0
790,2025-09-01,1020.0
791,2025-09-01,320.0
792,2025-09-01,510.0
795,2025-09-01,250.0
796,2025-09-01,840.0
797,2025-09-01,600.0
798,2025-09-01,690.0
799,2025-09-01,220.0
800,2025-09-01,480.0
801,2025-09-01,360.0
802,2025-09-01,170.0
803,2025-09-01,380.0
804,2025-09-01,400.0
805,2025-09-01,490.0
807,2025-09-01,1470.0
808,2025-09-01,230.0
809,2025-09-01,1190.0
810,2025-09-01,1070.0
811,2025-09-01,700.0
812,2025-09-01,580.0
813,2025-09-01,660.0
816,2025-09-01,200.0
817,2025-09-01,330.0
818,2025-09-01,290.0
819,2025-09-01,490.0
820,2025-09-01,290.0
821,2025-09-01,390.0
822,2025-09-01,490.0
823,2025-09-01,180.0
825,2025-09-01,220.0
826,2025-09-01,1300.0
827,2025-09-01,510.0
828,2025-09-01,260.0
829,2025-09-01,620.0
830,2025-09-01,430.0
831,2025-09-01,260.0
832,2025-09-01,330.0
833,2025-09-01,470.0
834,2025-09-01,790.0
835,2025-09-01,490.0
836,2025-09-01,170.0
837,2025-09-01,350.0
838,2025-09-01,480.0
839,2025-09-01,250.0
840,2025-09-01,840.0
841,2025-09-01,160.0
842,2025-09-01,960.0
843,2025-09-01,730.0
844,2025-09-01,500.0
845,2025-09-01,230.0
846,2025-09-01,430.0
847,2025-09-01,540.0
849,2025-09-01,110.0
850,2025-09-01,1120.0
851,2025-09-01,300.0
852,2025-09-01,780.0
853,2025-09-01,1430.0
854,2025-09-01,1800.0
855,2025-09-01,360.0
856,2025-09-01,170.0
857,2025-09-01,1030.0
858,2025-09-01,320.0
859,2025-09-01,370.0
860,2025-09-01,610.0
861,2025-09-01,270.0
862,2025-09-01,380.0
863,2025-09-01,180.0
864,2025-09-01,190.0
865,2025-09-01,320.0
866,2025-09-01,360.0
867,2025-09-01,310.0
869,2025-09-01,590.0
870,2025-09-01,670.0
871,2025-09-01,1110.0
872,2025-09-01,360.0
873,2025-09-01,400.0
874,2025-09-01,750.0
875,2025-09-01,300.0
876,2025-09-01,550.0
877,2025-09-01,350.0
878,2025-09-01,480.0
879,2025-09-01,430.0
880,2025-09-01,380.0
881,2025-09-01,140.0
882,2025-09-01,820.0
883,2025-09-01,590.0
884,2025-09-01,320.0
885,2025-09-01,480.0
886,2025-09-01,1170.0
888,2025-09-01,1020.0
889,2025-09-01,300.0
890,2025-09-01,340.0
891,2025-09-01,1360.0
892,2025-09-01,820.0
893,2025-09-01,260.0
894,2025-09-01,590.0
895,2025-09-01,1470.0
896,2025-09-01,330.0
897,2025-09-01,2090.0
898,2025-09-01,730.0
899,2025-09-01,390.0
900,2025-09-01,410.0
901,2025-09-01,660.0
903,2025-09-01,710.0
904,2025-09-01,530.0
905,2025-09-01,390.0
906,2025-09-01,520.0
907,2025-09-01,330.0
908,2025-09-01,490.0
909,2025-09-01,1250.0
910,2025-09-01,640.0
911,2025-09-01,530.0
912,2025-09-01,1070.0
913,2025-09-01,1580.0
914,2025-09-01,300.0
915,2025-09-01,660.0
916,2025-09-01,600.0
917,2025-09-01,500.0
918,2025-09-01,320.0
919,2025-09-01,280.0
920,2025-09-01,760.0
921,2025-09-01,250.0
922,2025-09-01,350.0
923,2025-09-01,360.0
924,2025-09-01,1020.0
925,2025-09-01,130.0
926,2025-09-01,1260.0
927,2025-09-01,130.0
928,2025-09-01,440.0
929,2025-09-01,940.0
930,2025-09-01,160.0
931,2025-09-01,280.0
932,2025-09-01,480.0
933,2025-09-01,2490.0
934,2025-09-01,290.0
935,2025-09-01,190.0
936,2025-09-01,430.0
937,2025-09-01,370.0
938,2025-09-01,210.0
939,2025-09-01,330.0
940,2025-09-01,630.0
941,2025-09-01,380.0
942,2025-09-01,580.0
943,2025-09-01,420.0
944,2025-09-01,280.0
945,2025-09-01,790.0
946,2025-09-01,280.0
947,2025-09-01,510.0
948,2025-09-01,1110.0
949,2025-09-01,760.0
950,2025-09-01,470.0
951,2025-09-01,260.0
952,2025-09-01,280.0
953,2025-09-01,360.0
954,2025-09-01,180.0
955,2025-09-01,490.0
956,2025-09-01,880.0
957,2025-09-01,540.0
958,2025-09-01,230.0
959,2025-09-01,150.0
960,2025-09-01,380.0
961,2025-09-01,300.0
962,2025-09-01,400.0
963,2025-09-01,250.0
964,2025-09-01,350.0
965,2025-09-01,700.0
966,2025-09-01,210.0
967,2025-09-01,400.0
968,2025-09-01,170.0
970,2025-09-01,730.0
971,2025-09-01,1050.0
972,2025-09-01,110.0
973,2025-09-01,370.0
974,2025-09-01,240.0
975,2025-09-01,730.0
976,2025-09-01,420.0
977,2025-09-01,270.0
978,2025-09-01,340.0
979,2025-09-01,700.0
980,2025-09-01,500.0
981,2025-09-01,360.0
982,2025-09-01,1200.0
983,2025-09-01,620.0
984,2025-09-01,450.0
985,2025-09-01,430.0
986,2025-09-01,390.0
987,2025-09-01,450.0
988,2025-09-01,340.0
989,2025-09-01,580.0
990,2025-09-01,390.0
991,2025-09-01,1000.0
992,2025-09-01,410.0
993,2025-09-01,1340.0
994,2025-09-01,210.0
995,2025-09-01,910.0
996,2025-09-01,380.0
997,2025-09-01,390.0
998,2025-09-01,220.0
999,2025-09-01,510.0
1000,2025-09-01,540.0
1001,2025-09-01,330.0
1002,2025-09-01,530.0
1003,2025-09-01,260.0
1004,2025-09-01,410.0
1005,2025-09-01,660.0
1006,2025-09-01,690.0
1007,2025-09-01,600.0
1008,2025-09-01,1920.0
1009,2025-09-01,540.0
1010,2025-09-01,270.0
1011,2025-09-01,490.0
1012,2025-09-01,720.0
1013,2025-09-01,650.0
1014,2025-09-01,610.0
1015,2025-09-01,1080.0
1016,2025-09-01,350.0
1017,2025-09-01,660.0
1018,2025-09-01,570.0
1019,2025-09-01,320.0
1020,2025-09-01,720.0
1021,2025-09-01,590.0
1022,2025-09-01,130.0
1023,2025-09-01,1080.0
1024,2025-09-01,260.0
1025,2025-09-01,1570.0
1026,2025-09-01,110.0
1027,2025-09-01,1100.0
1028,2025-09-01,490.0
1029,2025-09-01,100.0
1030,2025-09-01,750.0
1031,2025-09-01,570.0
1032,2025-09-01,1340.0
1033,2025-09-01,190.0
1034,2025-09-01,400.0
1035,2025-09-01,230.0
1036,2025-09-01,270.0
1037,2025-09-01,580.0
1038,2025-09-01,350.0
1039,2025-09-01,190.0
1040,2025-09-01,540.0
1041,2025-09-01,190.0
1042,2025-09-01,460.0
1043,2025-09-01,740.0
1044,2025-09-01,400.0
1045,2025-09-01,290.0
1046,2025-09-01,990.0
1047,2025-09-01,510.0
1048,2025-09-01,150.0
1049,2025-09-01,530.0
1050,2025-09-01,520.0
1051,2025-09-01,710.0
1052,2025-09-01,560.0
1053,2025-09-01,460.0
1054,2025-09-01,370.0
1055,2025-09-01,400.0
1056,2025-09-01,820.0
1057,2025-09-01,360.0
1058,2025-09-01,320.0
1059,2025-09-01,330.0
1060,2025-09-01,630.0
1061,2025-09-01,340.0
1062,2025-09-01,550.0
1063,2025-09-01,530.0
1064,2025-09-01,1370.0
1065,2025-09-01,370.0
1066,2025-09-01,590.0
1067,2025-09-01,370.0
1068,2025-09-01,580.0
1069,2025-09-01,440.0
1070,2025-09-01,920.0
1,2025-10-01,340.0
5,2025-10-01,500.0
7,2025-10-01,1180.0
8,2025-10-01,70.0
9,2025-10-01,400.0
11,2025-10-01,1180.0
12,2025-10-01,1120.0
13,2025-10-01,440.0
14,2025-10-01,870.0
16,2025-10-01,3650.0
17,2025-10-01,900.0
18,2025-10-01,680.0
19,2025-10-01,840.0
20,2025-10-01,360.0
21,2025-10-01,650.0
22,2025-10-01,890.0
24,2025-10-01,730.0
25,2025-10-01,720.0
26,2025-10-01,1290.0
27,2025-10-01,720.0
28,2025-10-01,230.0
32,2025-10-01,360.0
33,2025-10-01,1860.0
36,2025-10-01,650.0
39,2025-10-01,200.0
40,2025-10-01,970.0
42,2025-10-01,700.0
47,2025-10-01,740.0
49,2025-10-01,600.0
52,2025-10-01,1680.0
55,2025-10-01,800.0
56,2025-10-01,620.0
58,2025-10-01,270.0
62,2025-10-01,550.0
63,2025-10-01,410.0
64,2025-10-01,430.0
65,2025-10-01,820.0
67,2025-10-01,1700.0
68,2025-10-01,930.0
72,2025-10-01,170.0
74,2025-10-01,1110.0
75,2025-10-01,500.0
76,2025-10-01,700.0
81,2025-10-01,610.0
83,2025-10-01,1120.0
84,2025-10-01,460.0
86,2025-10-01,570.0
87,2025-10-01,540.0
90,2025-10-01,1010.0
92,2025-10-01,1360.0
94,2025-10-01,210.0
95,2025-10-01,240.0
97,2025-10-01,430.0
98,2025-10-01,440.0
99,2025-10-01,1370.0
100,2025-10-01,970.0
105,2025-10-01,260.0
106,2025-10-01,1480.0
107,2025-10-01,750.0
112,2025-10-01,1570.0
113,2025-10-01,440.0
114,2025-10-01,2020.0
115,2025-10-01,350.0
116,2025-10-01,1030.0
117,2025-10-01,420.0
119,2025-10-01,690.0
120,2025-10-01,180.0
121,2025-10-01,350.0
123,2025-10-01,160.0
125,2025-10-01,1170.0
126,2025-10-01,890.0
127,2025-10-01,890.0
128,2025-10-01,750.0
129,2025-10-01,1070.0
130,2025-10-01,520.0
133,2025-10-01,680.0
134,2025-10-01,880.0
135,2025-10-01,1240.0
136,2025-10-01,500.0
138,2025-10-01,3150.0
139,2025-10-01,650.0
141,2025-10-01,1010.0
143,2025-10-01,280.0
144,2025-10-01,180.0
145,2025-10-01,750.0
148,2025-10-01,480.0
151,2025-10-01,460.0
152,2025-10-01,410.0
153,2025-10-01,280.0
155,2025-10-01,360.0
156,2025-10-01,610.0
157,2025-10-01,440.0
160,2025-10-01,730.0
161,2025-10-01,500.0
165,2025-10-01,660.0
166,2025-10-01,410.0
168,2025-10-01,430.0
170,2025-10-01,640.0
172,2025-10-01,500.0
173,2025-10-01,440.0
174,2025-10-01,670.0
175,2025-10-01,180.0
178,2025-10-01,300.0
180,2025-10-01,670.0
182,2025-10-01,1610.0
184,2025-10-01,720.0
185,2025-10-01,220.0
187,2025-10-01,380.0
188,2025-10-01,1220.0
189,2025-10-01,610.0
190,2025-10-01,440.0
191,2025-10-01,760.0
192,2025-10-01,530.0
193,2025-10-01,350.0
194,2025-10-01,1350.0
195,2025-10-01,970.0
196,2025-10-01,420.0
197,2025-10-01,240.0
198,2025-10-01,380.0
199,2025-10-01,1160.0
200,2025-10-01,290.0
201,2025-10-01,530.0
202,2025-10-01,260.0
206,2025-10-01,760.0
207,2025-10-01,1520.0
209,2025-10-01,510.0
211,2025-10-01,550.0
212,2025-10-01,430.0
213,2025-10-01,420.0
214,2025-10-01,960.0
216,2025-10-01,1670.0
218,2025-10-01,220.0
219,2025-10-01,370.0
220,2025-10-01,1570.0
221,2025-10-01,400.0
222,2025-10-01,390.0
223,2025-10-01,1370.0
226,2025-10-01,600.0
229,2025-10-01,390.0
231,2025-10-01,630.0
232,2025-10-01,190.0
233,2025-10-01,350.0
234,2025-10-01,390.0
235,2025-10-01,1100.0
238,2025-10-01,1250.0
239,2025-10-01,940.0
241,2025-10-01,260.0
242,2025-10-01,130.0
243,2025-10-01,280.0
244,2025-10-01,710.0
246,2025-10-01,1360.0
247,2025-10-01,370.0
249,2025-10-01,1300.0
250,2025-10-01,1070.0
251,2025-10-01,110.0
253,2025-10-01,280.0
254,2025-10-01,330.0
255,2025-10-01,740.0
256,2025-10-01,730.0
257,2025-10-01,230.0
258,2025-10-01,810.0
259,2025-10-01,670.0
260,2025-10-01,810.0
264,2025-10-01,360.0
266,2025-10-01,650.0
267,2025-10-01,1020.0
268,2025-10-01,170.0
269,2025-10-01,300.0
270,2025-10-01,1490.0
271,2025-10-01,740.0
273,2025-10-01,600.0
274,2025-10-01,290.0
275,2025-10-01,420.0
276,2025-10-01,580.0
277,2025-10-01,480.0
278,2025-10-01,470.0
279,2025-10-01,260.0
280,2025-10-01,330.0
281,2025-10-01,670.0
282,2025-10-01,940.0
283,2025-10-01,230.0
284,2025-10-01,520.0
285,2025-10-01,810.0
286,2025-10-01,1280.0
287,2025-10-01,320.0
290,2025-10-01,420.0
291,2025-10-01,270.0
293,2025-10-01,340.0
296,2025-10-01,1080.0
297,2025-10-01,340.0
298,2025-10-01,960.0
300,2025-10-01,210.0
301,2025-10-01,280.0
302,2025-10-01,830.0
305,2025-10-01,970.0
306,2025-10-01,280.0
307,2025-10-01,330.0
308,2025-10-01,280.0
309,2025-10-01,140.0
311,2025-10-01,360.0
313,2025-10-01,100.0
315,2025-10-01,500.0
316,2025-10-01,470.0
317,2025-10-01,920.0
318,2025-10-01,720.0
320,2025-10-01,270.0
321,2025-10-01,380.0
322,2025-10-01,1420.0
323,2025-10-01,1850.0
325,2025-10-01,710.0
326,2025-10-01,310.0
328,2025-10-01,2990.0
329,2025-10-01,270.0
330,2025-10-01,440.0
332,2025-10-01,300.0
333,2025-10-01,730.0
334,2025-10-01,1580.0
335,2025-10-01,310.0
337,2025-10-01,570.0
338,2025-10-01,450.0
340,2025-10-01,850.0
341,2025-10-01,220.0
342,2025-10-01,1610.0
344,2025-10-01,2150.0
345,2025-10-01,760.0
346,2025-10-01,2100.0
347,2025-10-01,1480.0
348,2025-10-01,650.0
350,2025-10-01,620.0
351,2025-10-01,700.0
352,2025-10-01,2480.0
354,2025-10-01,310.0
358,2025-10-01,310.0
359,2025-10-01,230.0
360,2025-10-01,320.0
361,2025-10-01,590.0
363,2025-10-01,560.0
365,2025-10-01,800.0
366,2025-10-01,910.0
369,2025-10-01,960.0
370,2025-10-01,320.0
372,2025-10-01,310.0
373,2025-10-01,660.0
374,2025-10-01,530.0
375,2025-10-01,380.0
376,2025-10-01,530.0
377,2025-10-01,260.0
379,2025-10-01,870.0
381,2025-10-01,560.0
382,2025-10-01,1300.0
383,2025-10-01,410.0
384,2025-10-01,310.0
385,2025-10-01,840.0
386,2025-10-01,310.0
387,2025-10-01,1360.0
388,2025-10-01,240.0
389,2025-10-01,910.0
390,2025-10-01,350.0
393,2025-10-01,420.0
394,2025-10-01,300.0
396,2025-10-01,460.0
397,2025-10-01,450.0
398,2025-10-01,820.0
399,2025-10-01,350.0
400,2025-10-01,990.0
401,2025-10-01,440.0
403,2025-10-01,390.0
404,2025-10-01,160.0
405,2025-10-01,620.0
406,2025-10-01,310.0
407,2025-10-01,410.0
408,2025-10-01,420.0
409,2025-10-01,300.0
410,2025-10-01,1050.0
411,2025-10-01,620.0
412,2025-10-01,440.0
414,2025-10-01,120.0
415,2025-10-01,380.0
416,2025-10-01,420.0
417,2025-10-01,590.0
419,2025-10-01,330.0
421,2025-10-01,1100.0
424,2025-10-01,400.0
426,2025-10-01,440.0
428,2025-10-01,310.0
429,2025-10-01,1170.0
430,2025-10-01,800.0
431,2025-10-01,270.0
432,2025-10-01,910.0
433,2025-10-01,890.0
434,2025-10-01,520.0
435,2025-10-01,680.0
436,2025-10-01,360.0
438,2025-10-01,430.0
439,2025-10-01,430.0
441,2025-10-01,610.0
442,2025-10-01,250.0
443,2025-10-01,1840.0
444,2025-10-01,580.0
445,2025-10-01,390.0
446,2025-10-01,320.0
450,2025-10-01,350.0
451,2025-10-01,990.0
453,2025-10-01,440.0
455,2025-10-01,1360.0
456,2025-10-01,450.0
458,2025-10-01,220.0
459,2025-10-01,640.0
460,2025-10-01,270.0
461,2025-10-01,700.0
462,2025-10-01,580.0
463,2025-10-01,230.0
464,2025-10-01,1490.0
467,2025-10-01,740.0
468,2025-10-01,1580.0
469,2025-10-01,650.0
470,2025-10-01,370.0
472,2025-10-01,2090.0
474,2025-10-01,550.0
476,2025-10-01,620.0
477,2025-10-01,150.0
479,2025-10-01,940.0
482,2025-10-01,250.0
483,2025-10-01,340.0
484,2025-10-01,110.0
485,2025-10-01,730.0
486,2025-10-01,230.0
487,2025-10-01,770.0
488,2025-10-01,370.0
491,2025-10-01,110.0
493,2025-10-01,150.0
494,2025-10-01,390.0
495,2025-10-01,1160.0
496,2025-10-01,700.0
497,2025-10-01,1460.0
498,2025-10-01,480.0
499,2025-10-01,930.0
501,2025-10-01,800.0
502,2025-10-01,750.0
503,2025-10-01,680.0
504,2025-10-01,880.0
509,2025-10-01,850.0
512,2025-10-01,630.0
514,2025-10-01,520.0
521,2025-10-01,300.0
522,2025-10-01,620.0
524,2025-10-01,390.0
525,2025-10-01,110.0
527,2025-10-01,340.0
529,2025-10-01,750.0
530,2025-10-01,1420.0
531,2025-10-01,450.0
534,2025-10-01,650.0
535,2025-10-01,1150.0
536,2025-10-01,440.0
538,2025-10-01,390.0
541,2025-10-01,490.0
543,2025-10-01,390.0
544,2025-10-01,1050.0
546,2025-10-01,240.0
547,2025-10-01,230.0
548,2025-10-01,1690.0
549,2025-10-01,280.0
550,2025-10-01,420.0
551,2025-10-01,180.0
552,2025-10-01,420.0
553,2025-10-01,1130.0
554,2025-10-01,300.0
555,2025-10-01,360.0
556,2025-10-01,1100.0
558,2025-10-01,290.0
559,2025-10-01,270.0
561,2025-10-01,620.0
562,2025-10-01,260.0
563,2025-10-01,580.0
566,2025-10-01,370.0
567,2025-10-01,120.0
568,2025-10-01,380.0
570,2025-10-01,200.0
571,2025-10-01,630.0
572,2025-10-01,440.0
573,2025-10-01,290.0
574,2025-10-01,570.0
575,2025-10-01,260.0
576,2025-10-01,420.0
577,2025-10-01,530.0
578,2025-10-01,740.0
579,2025-10-01,800.0
580,2025-10-01,430.0
582,2025-10-01,370.0
583,2025-10-01,1060.0
584,2025-10-01,120.0
585,2025-10-01,1060.0
586,2025-10-01,190.0
587,2025-10-01,360.0
590,2025-10-01,190.0
591,2025-10-01,780.0
592,2025-10-01,510.0
593,2025-10-01,800.0
595,2025-10-01,350.0
596,2025-10-01,460.0
597,2025-10-01,570.0
599,2025-10-01,450.0
601,2025-10-01,340.0
602,2025-10-01,260.0
605,2025-10-01,530.0
606,2025-10-01,490.0
607,2025-10-01,430.0
608,2025-10-01,190.0
610,2025-10-01,1370.0
611,2025-10-01,450.0
612,2025-10-01,460.0
613,2025-10-01,910.0
615,2025-10-01,290.0
616,2025-10-01,190.0
617,2025-10-01,730.0
618,2025-10-01,310.0
619,2025-10-01,300.0
621,2025-10-01,370.0
622,2025-10-01,380.0
623,2025-10-01,930.0
624,2025-10-01,310.0
626,2025-10-01,360.0
627,2025-10-01,570.0
628,2025-10-01,840.0
629,2025-10-01,540.0
631,2025-10-01,780.0
633,2025-10-01,410.0
634,2025-10-01,150.0
635,2025-10-01,1060.0
636,2025-10-01,710.0
637,2025-10-01,1090.0
641,2025-10-01,240.0
642,2025-10-01,370.0
643,2025-10-01,600.0
644,2025-10-01,1260.0
646,2025-10-01,370.0
647,2025-10-01,290.0
648,2025-10-01,280.0
649,2025-10-01,410.0
650,2025-10-01,500.0
652,2025-10-01,440.0
653,2025-10-01,550.0
655,2025-10-01,770.0
656,2025-10-01,730.0
657,2025-10-01,760.0
658,2025-10-01,800.0
659,2025-10-01,290.0
661,2025-10-01,290.0
662,2025-10-01,460.0
663,2025-10-01,500.0
664,2025-10-01,360.0
666,2025-10-01,410.0
668,2025-10-01,290.0
669,2025-10-01,470.0
670,2025-10-01,600.0
672,2025-10-01,510.0
673,2025-10-01,190.0
674,2025-10-01,1780.0
676,2025-10-01,210.0
677,2025-10-01,550.0
678,2025-10-01,180.0
679,2025-10-01,990.0
680,2025-10-01,330.0
681,2025-10-01,2180.0
682,2025-10-01,220.0
683,2025-10-01,340.0
685,2025-10-01,650.0
686,2025-10-01,630.0
687,2025-10-01,120.0
689,2025-10-01,500.0
690,2025-10-01,440.0
692,2025-10-01,430.0
693,2025-10-01,350.0
694,2025-10-01,300.0
695,2025-10-01,940.0
696,2025-10-01,630.0
697,2025-10-01,540.0
699,2025-10-01,430.0
701,2025-10-01,540.0
702,2025-10-01,450.0
703,2025-10-01,620.0
706,2025-10-01,200.0
707,2025-10-01,260.0
708,2025-10-01,310.0
709,2025-10-01,670.0
711,2025-10-01,1020.0
712,2025-10-01,490.0
713,2025-10-01,1300.0
714,2025-10-01,570.0
715,2025-10-01,860.0
716,2025-10-01,730.0
717,2025-10-01,660.0
718,2025-10-01,1110.0
719,2025-10-01,150.0
720,2025-10-01,400.0
721,2025-10-01,520.0
722,2025-10-01,450.0
723,2025-10-01,530.0
724,2025-10-01,440.0
725,2025-10-01,230.0
726,2025-10-01,200.0
727,2025-10-01,1580.0
728,2025-10-01,2300.0
729,2025-10-01,1000.0
730,2025-10-01,450.0
731,2025-10-01,810.0
732,2025-10-01,710.0
733,2025-10-01,410.0
734,2025-10-01,520.0
735,2025-10-01,140.0
736,2025-10-01,940.0
737,2025-10-01,830.0
738,2025-10-01,450.0
740,2025-10-01,390.0
742,2025-10-01,1810.0
743,2025-10-01,460.0
744,2025-10-01,360.0
745,2025-10-01,620.0
748,2025-10-01,420.0
749,2025-10-01,710.0
750,2025-10-01,470.0
752,2025-10-01,580.0
753,2025-10-01,580.0
754,2025-10-01,580.0
755,2025-10-01,110.0
756,2025-10-01,480.0
757,2025-10-01,870.0
758,2025-10-01,250.0
759,2025-10-01,1670.0
760,2025-10-01,580.0
761,2025-10-01,350.0
762,2025-10-01,520.0
763,2025-10-01,550.0
764,2025-10-01,420.0
765,2025-10-01,280.0
766,2025-10-01,350.0
767,2025-10-01,210.0
768,2025-10-01,370.0
769,2025-10-01,110.0
770,2025-10-01,520.0
771,2025-10-01,460.0
772,2025-10-01,340.0
773,2025-10-01,310.0
775,2025-10-01,220.0
776,2025-10-01,180.0
777,2025-10-01,1450.0
779,2025-10-01,330.0
780,2025-10-01,2730.0
781,2025-10-01,720.0
783,2025-10-01,140.0
784,2025-10-01,530.0
785,2025-10-01,770.0
786,2025-10-01,340.0
787,2025-10-01,830.0
788,2025-10-01,550.0
790,2025-10-01,1020.0
791,2025-10-01,320.0
792,2025-10-01,510.0
795,2025-10-01,250.0
796,2025-10-01,840.0
797,2025-10-01,600.0
798,2025-10-01,690.0
799,2025-10-01,300.0
800,2025-10-01,480.0
801,2025-10-01,360.0
802,2025-10-01,170.0
803,2025-10-01,460.0
804,2025-10-01,400.0
805,2025-10-01,490.0
807,2025-10-01,1470.0
808,2025-10-01,230.0
809,2025-10-01,1190.0
810,2025-10-01,1070.0
811,2025-10-01,700.0
812,2025-10-01,580.0
813,2025-10-01,660.0
816,2025-10-01,200.0
817,2025-10-01,330.0
818,2025-10-01,290.0
819,2025-10-01,490.0
820,2025-10-01,290.0
821,2025-10-01,390.0
822,2025-10-01,490.0
823,2025-10-01,180.0
825,2025-10-01,220.0
826,2025-10-01,1300.0
827,2025-10-01,510.0
828,2025-10-01,260.0
830,2025-10-01,430.0
831,2025-10-01,260.0
832,2025-10-01,330.0
833,2025-10-01,470.0
834,2025-10-01,790.0
835,2025-10-01,490.0
836,2025-10-01,170.0
837,2025-10-01,470.0
838,2025-10-01,480.0
839,2025-10-01,250.0
840,2025-10-01,840.0
841,2025-10-01,160.0
842,2025-10-01,960.0
843,2025-10-01,730.0
844,2025-10-01,500.0
845,2025-10-01,230.0
846,2025-10-01,430.0
847,2025-10-01,540.0
849,2025-10-01,110.0
850,2025-10-01,1470.0
851,2025-10-01,300.0
852,2025-10-01,780.0
853,2025-10-01,1430.0
854,2025-10-01,1800.0
855,2025-10-01,360.0
856,2025-10-01,170.0
857,2025-10-01,1030.0
858,2025-10-01,320.0
859,2025-10-01,370.0
860,2025-10-01,610.0
861,2025-10-01,270.0
862,2025-10-01,380.0
863,2025-10-01,250.0
864,2025-10-01,190.0
865,2025-10-01,320.0
866,2025-10-01,360.0
867,2025-10-01,310.0
869,2025-10-01,590.0
870,2025-10-01,670.0
871,2025-10-01,820.0
872,2025-10-01,360.0
873,2025-10-01,400.0
874,2025-10-01,750.0
875,2025-10-01,300.0
876,2025-10-01,550.0
877,2025-10-01,350.0
878,2025-10-01,480.0
879,2025-10-01,430.0
880,2025-10-01,380.0
881,2025-10-01,140.0
882,2025-10-01,820.0
883,2025-10-01,590.0
884,2025-10-01,320.0
885,2025-10-01,480.0
886,2025-10-01,870.0
888,2025-10-01,1020.0
889,2025-10-01,300.0
890,2025-10-01,340.0
891,2025-10-01,1360.0
892,2025-10-01,820.0
893,2025-10-01,260.0
894,2025-10-01,590.0
895,2025-10-01,1470.0
896,2025-10-01,330.0
897,2025-10-01,2090.0
898,2025-10-01,730.0
899,2025-10-01,390.0
900,2025-10-01,410.0
901,2025-10-01,660.0
903,2025-10-01,710.0
904,2025-10-01,530.0
905,2025-10-01,390.0
906,2025-10-01,520.0
907,2025-10-01,330.0
908,2025-10-01,490.0
909,2025-10-01,1250.0
911,2025-10-01,530.0
912,2025-10-01,1070.0
913,2025-10-01,1580.0
914,2025-10-01,300.0
915,2025-10-01,660.0
916,2025-10-01,600.0
917,2025-10-01,500.0
918,2025-10-01,320.0
919,2025-10-01,280.0
920,2025-10-01,1120.0
921,2025-10-01,250.0
922,2025-10-01,350.0
923,2025-10-01,360.0
924,2025-10-01,1020.0
925,2025-10-01,130.0
926,2025-10-01,1260.0
927,2025-10-01,130.0
928,2025-10-01,440.0
929,2025-10-01,940.0
930,2025-10-01,160.0
931,2025-10-01,280.0
932,2025-10-01,480.0
933,2025-10-01,2490.0
934,2025-10-01,290.0
935,2025-10-01,190.0
936,2025-10-01,430.0
937,2025-10-01,370.0
938,2025-10-01,210.0
939,2025-10-01,330.0
940,2025-10-01,630.0
941,2025-10-01,380.0
942,2025-10-01,580.0
943,2025-10-01,420.0
944,2025-10-01,280.0
945,2025-10-01,790.0
947,2025-10-01,510.0
948,2025-10-01,1110.0
949,2025-10-01,760.0
950,2025-10-01,470.0
951,2025-10-01,260.0
952,2025-10-01,280.0
953,2025-10-01,360.0
954,2025-10-01,180.0
955,2025-10-01,490.0
956,2025-10-01,880.0
957,2025-10-01,540.0
958,2025-10-01,230.0
959,2025-10-01,150.0
960,2025-10-01,380.0
961,2025-10-01,300.0
962,2025-10-01,400.0
963,2025-10-01,250.0
964,2025-10-01,350.0
965,2025-10-01,700.0
966,2025-10-01,210.0
967,2025-10-01,400.0
970,2025-10-01,730.0
971,2025-10-01,1050.0
972,2025-10-01,110.0
973,2025-10-01,370.0
974,2025-10-01,240.0
975,2025-10-01,730.0
977,2025-10-01,270.0
978,2025-10-01,340.0
979,2025-10-01,700.0
980,2025-10-01,500.0
981,2025-10-01,360.0
982,2025-10-01,1200.0
983,2025-10-01,620.0
984,2025-10-01,450.0
985,2025-10-01,430.0
986,2025-10-01,390.0
987,2025-10-01,450.0
988,2025-10-01,340.0
989,2025-10-01,580.0
990,2025-10-01,390.0
991,2025-10-01,1000.0
992,2025-10-01,410.0
993,2025-10-01,1340.0
994,2025-10-01,210.0
995,2025-10-01,910.0
996,2025-10-01,380.0
997,2025-10-01,390.0
998,2025-10-01,220.0
999,2025-10-01,510.0
1000,2025-10-01,540.0
1001,2025-10-01,330.0
1002,2025-10-01,530.0
1003,2025-10-01,260.0
1004,2025-10-01,410.0
1005,2025-10-01,660.0
1006,2025-10-01,690.0
1007,2025-10-01,600.0
1008,2025-10-01,1920.0
1009,2025-10-01,540.0
1010,2025-10-01,270.0
1011,2025-10-01,490.0
1012,2025-10-01,720.0
1013,2025-10-01,650.0
1014,2025-10-01,610.0
1015,2025-10-01,1080.0
1016,2025-10-01,350.0
1017,2025-10-01,660.0
1018,2025-10-01,570.0
1019,2025-10-01,320.0
1020,2025-10-01,720.0
1021,2025-10-01,590.0
1022,2025-10-01,130.0
1023,2025-10-01,1080.0
1024,2025-10-01,260.0
1025,2025-10-01,1570.0
1026,2025-10-01,110.0
1027,2025-10-01,1100.0
1028,2025-10-01,490.0
1029,2025-10-01,100.0
1030,2025-10-01,750.0
1031,2025-10-01,570.0
1032,2025-10-01,1340.0
1033,2025-10-01,190.0
1034,2025-10-01,400.0
1035,2025-10-01,230.0
1036,2025-10-01,270.0
1037,2025-10-01,580.0
1038,2025-10-01,350.0
1039,2025-10-01,190.0
1040,2025-10-01,710.0
1041,2025-10-01,190.0
1042,2025-10-01,460.0
1043,2025-10-01,740.0
1044,2025-10-01,400.0
1045,2025-10-01,290.0
1046,2025-10-01,990.0
1047,2025-10-01,510.0
1048,2025-10-01,150.0
1049,2025-10-01,530.0
1050,2025-10-01,520.0
1051,2025-10-01,710.0
1052,2025-10-01,560.0
1053,2025-10-01,460.0
1054,2025-10-01,370.0
1055,2025-10-01,400.0
1056,2025-10-01,820.0
1057,2025-10-01,360.0
1058,2025-10-01,320.0
1059,2025-10-01,330.0
1060,2025-10-01,630.0
1061,2025-10-01,340.0
1062,2025-10-01,550.0
1063,2025-10-01,530.0
1064,2025-10-01,1370.0
1065,2025-10-01,370.0
1066,2025-10-01,590.0
1067,2025-10-01,370.0
1068,2025-10-01,580.0
1069,2025-10-01,440.0
1070,2025-10-01,920.0
1071,2025-10-01,1670.0
1072,2025-10-01,420.0
1073,2025-10-01,720.0
1074,2025-10-01,410.0
1075,2025-10-01,450.0
1076,2025-10-01,1530.0
1077,2025-10-01,600.0
1078,2025-10-01,980.0
1079,2025-10-01,650.0
1080,2025-10-01,510.0
1081,2025-10-01,500.0
1082,2025-10-01,350.0
1083,2025-10-01,540.0
1084,2025-10-01,140.0
1085,2025-10-01,730.0
1086,2025-10-01,1130.0
1087,2025-10-01,290.0
1088,2025-10-01,280.0
1089,2025-10-01,760.0
1090,2025-10-01,560.0
1091,2025-10-01,240.0
1092,2025-10-01,200.0
1093,2025-10-01,330.0
1094,2025-10-01,780.0
1095,2025-10-01,200.0
1096,2025-10-01,250.0
1097,2025-10-01,190.0
1098,2025-10-01,530.0
1099,2025-10-01,220.0
1100,2025-10-01,430.0
1101,2025-10-01,130.0
1102,2025-10-01,740.0
1103,2025-10-01,640.0
1104,2025-10-01,560.0
1105,2025-10-01,230.0
1106,2025-10-01,1160.0
1107,2025-10-01,1660.0
1108,2025-10-01,1300.0
1109,2025-10-01,300.0
1110,2025-10-01,280.0
1111,2025-10-01,470.0
1112,2025-10-01,220.0
1113,2025-10-01,320.0
1114,2025-10-01,480.0
1,2025-11-01,340.0
5,2025-11-01,500.0
7,2025-11-01,1180.0
8,2025-11-01,70.0
9,2025-11-01,400.0
11,2025-11-01,1180.0
12,2025-11-01,1120.0
13,2025-11-01,440.0
14,2025-11-01,870.0
16,2025-11-01,3650.0
17,2025-11-01,900.0
18,2025-11-01,680.0
19,2025-11-01,840.0
20,2025-11-01,360.0
21,2025-11-01,650.0
22,2025-11-01,890.0
24,2025-11-01,730.0
25,2025-11-01,720.0
26,2025-11-01,1290.0
27,2025-11-01,720.0
28,2025-11-01,230.0
32,2025-11-01,360.0
33,2025-11-01,1860.0
36,2025-11-01,650.0
39,2025-11-01,200.0
40,2025-11-01,1240.0
42,2025-11-01,700.0
47,2025-11-01,1110.0
49,2025-11-01,600.0
52,2025-11-01,2520.0
55,2025-11-01,800.0
56,2025-11-01,620.0
58,2025-11-01,270.0
62,2025-11-01,550.0
63,2025-11-01,410.0
64,2025-11-01,430.0
65,2025-11-01,820.0
67,2025-11-01,1700.0
68,2025-11-01,930.0
72,2025-11-01,170.0
74,2025-11-01,1110.0
75,2025-11-01,500.0
76,2025-11-01,700.0
81,2025-11-01,610.0
83,2025-11-01,1120.0
84,2025-11-01,460.0
86,2025-11-01,570.0
87,2025-11-01,540.0
90,2025-11-01,1010.0
92,2025-11-01,1360.0
94,2025-11-01,210.0
95,2025-11-01,240.0
97,2025-11-01,430.0
98,2025-11-01,440.0
99,2025-11-01,1370.0
100,2025-11-01,970.0
105,2025-11-01,260.0
106,2025-11-01,1480.0
107,2025-11-01,750.0
112,2025-11-01,1570.0
113,2025-11-01,440.0
114,2025-11-01,2020.0
115,2025-11-01,350.0
116,2025-11-01,1030.0
117,2025-11-01,420.0
119,2025-11-01,690.0
120,2025-11-01,180.0
121,2025-11-01,350.0
123,2025-11-01,160.0
125,2025-11-01,1170.0
126,2025-11-01,890.0
127,2025-11-01,890.0
128,2025-11-01,750.0
129,2025-11-01,1070.0
130,2025-11-01,520.0
133,2025-11-01,680.0
134,2025-11-01,880.0
135,2025-11-01,1240.0
136,2025-11-01,500.0
138,2025-11-01,3150.0
139,2025-11-01,650.0
141,2025-11-01,1010.0
143,2025-11-01,280.0
144,2025-11-01,180.0
145,2025-11-01,750.0
148,2025-11-01,480.0
151,2025-11-01,460.0
152,2025-11-01,410.0
153,2025-11-01,280.0
155,2025-11-01,360.0
156,2025-11-01,610.0
157,2025-11-01,440.0
160,2025-11-01,730.0
161,2025-11-01,500.0
165,2025-11-01,660.0
166,2025-11-01,410.0
168,2025-11-01,430.0
170,2025-11-01,640.0
172,2025-11-01,500.0
173,2025-11-01,440.0
174,2025-11-01,670.0
175,2025-11-01,180.0
178,2025-11-01,300.0
180,2025-11-01,670.0
182,2025-11-01,1610.0
184,2025-11-01,720.0
185,2025-11-01,220.0
187,2025-11-01,380.0
188,2025-11-01,1220.0
189,2025-11-01,610.0
190,2025-11-01,440.0
191,2025-11-01,760.0
192,2025-11-01,530.0
193,2025-11-01,350.0
194,2025-11-01,1350.0
195,2025-11-01,970.0
196,2025-11-01,420.0
197,2025-11-01,240.0
198,2025-11-01,380.0
199,2025-11-01,1160.0
200,2025-11-01,290.0
201,2025-11-01,530.0
202,2025-11-01,260.0
206,2025-11-01,760.0
207,2025-11-01,1520.0
209,2025-11-01,510.0
211,2025-11-01,550.0
212,2025-11-01,630.0
213,2025-11-01,420.0
214,2025-11-01,960.0
216,2025-11-01,1670.0
218,2025-11-01,220.0
219,2025-11-01,370.0
220,2025-11-01,1570.0
221,2025-11-01,400.0
222,2025-11-01,390.0
223,2025-11-01,1370.0
226,2025-11-01,600.0
229,2025-11-01,390.0
231,2025-11-01,630.0
232,2025-11-01,260.0
233,2025-11-01,350.0
234,2025-11-01,390.0
235,2025-11-01,1100.0
238,2025-11-01,1250.0
239,2025-11-01,940.0
241,2025-11-01,260.0
242,2025-11-01,130.0
243,2025-11-01,280.0
244,2025-11-01,710.0
246,2025-11-01,1360.0
247,2025-11-01,370.0
249,2025-11-01,1300.0
250,2025-11-01,1070.0
251,2025-11-01,110.0
253,2025-11-01,280.0
254,2025-11-01,330.0
255,2025-11-01,740.0
256,2025-11-01,730.0
257,2025-11-01,230.0
258,2025-11-01,810.0
259,2025-11-01,670.0
260,2025-11-01,810.0
264,2025-11-01,360.0
266,2025-11-01,650.0
267,2025-11-01,1260.0
268,2025-11-01,170.0
269,2025-11-01,440.0
270,2025-11-01,1490.0
271,2025-11-01,740.0
273,2025-11-01,600.0
274,2025-11-01,290.0
275,2025-11-01,420.0
276,2025-11-01,700.0
277,2025-11-01,480.0
278,2025-11-01,470.0
279,2025-11-01,350.0
280,2025-11-01,330.0
281,2025-11-01,670.0
282,2025-11-01,720.0
283,2025-11-01,230.0
284,2025-11-01,520.0
285,2025-11-01,810.0
286,2025-11-01,1280.0
287,2025-11-01,320.0
290,2025-11-01,420.0
291,2025-11-01,270.0
293,2025-11-01,340.0
296,2025-11-01,1290.0
297,2025-11-01,460.0
298,2025-11-01,960.0
300,2025-11-01,210.0
301,2025-11-01,280.0
302,2025-11-01,830.0
305,2025-11-01,970.0
306,2025-11-01,280.0
307,2025-11-01,330.0
308,2025-11-01,280.0
309,2025-11-01,140.0
311,2025-11-01,360.0
313,2025-11-01,100.0
315,2025-11-01,500.0
316,2025-11-01,470.0
317,2025-11-01,920.0
318,2025-11-01,720.0
320,2025-11-01,270.0
321,2025-11-01,380.0
322,2025-11-01,1420.0
323,2025-11-01,1850.0
325,2025-11-01,1000.0
326,2025-11-01,310.0
328,2025-11-01,2990.0
329,2025-11-01,270.0
330,2025-11-01,440.0
332,2025-11-01,300.0
333,2025-11-01,730.0
334,2025-11-01,1580.0
335,2025-11-01,310.0
337,2025-11-01,570.0
338,2025-11-01,450.0
340,2025-11-01,850.0
341,2025-11-01,220.0
342,2025-11-01,1610.0
344,2025-11-01,2150.0
345,2025-11-01,760.0
346,2025-11-01,2100.0
347,2025-11-01,1480.0
348,2025-11-01,650.0
350,2025-11-01,620.0
351,2025-11-01,700.0
352,2025-11-01,2480.0
354,2025-11-01,310.0
358,2025-11-01,410.0
359,2025-11-01,230.0
360,2025-11-01,320.0
361,2025-11-01,590.0
363,2025-11-01,560.0
365,2025-11-01,800.0
366,2025-11-01,910.0
369,2025-11-01,960.0
370,2025-11-01,320.0
372,2025-11-01,310.0
373,2025-11-01,660.0
374,2025-11-01,530.0
375,2025-11-01,380.0
376,2025-11-01,530.0
377,2025-11-01,260.0
379,2025-11-01,870.0
381,2025-11-01,560.0
382,2025-11-01,1300.0
383,2025-11-01,410.0
384,2025-11-01,310.0
385,2025-11-01,840.0
386,2025-11-01,310.0
387,2025-11-01,1360.0
388,2025-11-01,240.0
389,2025-11-01,910.0
390,2025-11-01,350.0
393,2025-11-01,420.0
394,2025-11-01,360.0
396,2025-11-01,460.0
397,2025-11-01,450.0
398,2025-11-01,820.0
399,2025-11-01,350.0
400,2025-11-01,990.0
401,2025-11-01,440.0
403,2025-11-01,390.0
404,2025-11-01,160.0
405,2025-11-01,620.0
406,2025-11-01,310.0
407,2025-11-01,410.0
408,2025-11-01,420.0
409,2025-11-01,300.0
410,2025-11-01,1050.0
411,2025-11-01,620.0
412,2025-11-01,440.0
414,2025-11-01,120.0
415,2025-11-01,380.0
416,2025-11-01,420.0
417,2025-11-01,740.0
419,2025-11-01,240.0
421,2025-11-01,1100.0
424,2025-11-01,400.0
426,2025-11-01,440.0
428,2025-11-01,310.0
429,2025-11-01,1170.0
430,2025-11-01,800.0
431,2025-11-01,270.0
432,2025-11-01,910.0
433,2025-11-01,890.0
434,2025-11-01,520.0
435,2025-11-01,680.0
436,2025-11-01,360.0
438,2025-11-01,430.0
439,2025-11-01,430.0
441,2025-11-01,610.0
442,2025-11-01,250.0
443,2025-11-01,1840.0
444,2025-11-01,580.0
445,2025-11-01,390.0
446,2025-11-01,320.0
450,2025-11-01,350.0
451,2025-11-01,990.0
453,2025-11-01,440.0
455,2025-11-01,1360.0
456,2025-11-01,450.0
458,2025-11-01,220.0
459,2025-11-01,640.0
460,2025-11-01,270.0
461,2025-11-01,700.0
462,2025-11-01,580.0
463,2025-11-01,230.0
464,2025-11-01,1490.0
467,2025-11-01,740.0
468,2025-11-01,1580.0
469,2025-11-01,650.0
470,2025-11-01,370.0
472,2025-11-01,2090.0
474,2025-11-01,550.0
476,2025-11-01,620.0
477,2025-11-01,150.0
479,2025-11-01,940.0
482,2025-11-01,250.0
483,2025-11-01,340.0
484,2025-11-01,110.0
485,2025-11-01,730.0
486,2025-11-01,230.0
487,2025-11-01,770.0
491,2025-11-01,110.0
493,2025-11-01,150.0
494,2025-11-01,390.0
495,2025-11-01,1160.0
496,2025-11-01,700.0
497,2025-11-01,1460.0
498,2025-11-01,480.0
499,2025-11-01,930.0
501,2025-11-01,800.0
502,2025-11-01,750.0
503,2025-11-01,680.0
504,2025-11-01,880.0
509,2025-11-01,850.0
512,2025-11-01,630.0
514,2025-11-01,520.0
521,2025-11-01,300.0
522,2025-11-01,620.0
524,2025-11-01,390.0
525,2025-11-01,110.0
527,2025-11-01,340.0
529,2025-11-01,750.0
530,2025-11-01,1420.0
531,2025-11-01,450.0
534,2025-11-01,650.0
535,2025-11-01,1150.0
536,2025-11-01,440.0
538,2025-11-01,390.0
541,2025-11-01,490.0
543,2025-11-01,390.0
544,2025-11-01,1050.0
546,2025-11-01,240.0
547,2025-11-01,230.0
548,2025-11-01,2170.0
549,2025-11-01,280.0
550,2025-11-01,420.0
551,2025-11-01,180.0
552,2025-11-01,420.0
553,2025-11-01,1130.0
554,2025-11-01,300.0
555,2025-11-01,360.0
556,2025-11-01,1100.0
558,2025-11-01,290.0
559,2025-11-01,270.0
561,2025-11-01,620.0
562,2025-11-01,260.0
563,2025-11-01,580.0
566,2025-11-01,370.0
567,2025-11-01,120.0
568,2025-11-01,380.0
570,2025-11-01,200.0
571,2025-11-01,630.0
572,2025-11-01,520.0
573,2025-11-01,290.0
574,2025-11-01,790.0
575,2025-11-01,260.0
576,2025-11-01,420.0
577,2025-11-01,530.0
578,2025-11-01,740.0
579,2025-11-01,800.0
580,2025-11-01,430.0
582,2025-11-01,370.0
583,2025-11-01,1060.0
584,2025-11-01,120.0
585,2025-11-01,1060.0
586,2025-11-01,190.0
587,2025-11-01,360.0
590,2025-11-01,190.0
591,2025-11-01,780.0
592,2025-11-01,510.0
593,2025-11-01,800.0
595,2025-11-01,350.0
596,2025-11-01,460.0
597,2025-11-01,570.0
599,2025-11-01,450.0
601,2025-11-01,340.0
602,2025-11-01,260.0
605,2025-11-01,530.0
606,2025-11-01,490.0
607,2025-11-01,430.0
608,2025-11-01,190.0
610,2025-11-01,1370.0
611,2025-11-01,450.0
612,2025-11-01,460.0
613,2025-11-01,910.0
615,2025-11-01,290.0
616,2025-11-01,190.0
617,2025-11-01,730.0
618,2025-11-01,310.0
619,2025-11-01,300.0
621,2025-11-01,370.0
622,2025-11-01,380.0
623,2025-11-01,930.0
624,2025-11-01,310.0
626,2025-11-01,360.0
627,2025-11-01,570.0
628,2025-11-01,840.0
629,2025-11-01,540.0
631,2025-11-01,780.0
633,2025-11-01,410.0
635,2025-11-01,760.0
636,2025-11-01,710.0
637,2025-11-01,1090.0
641,2025-11-01,300.0
642,2025-11-01,370.0
643,2025-11-01,600.0
644,2025-11-01,1260.0
646,2025-11-01,370.0
647,2025-11-01,290.0
648,2025-11-01,410.0
649,2025-11-01,560.0
650,2025-11-01,500.0
652,2025-11-01,440.0
653,2025-11-01,550.0
655,2025-11-01,770.0
656,2025-11-01,880.0
657,2025-11-01,760.0
658,2025-11-01,800.0
659,2025-11-01,380.0
661,2025-11-01,240.0
662,2025-11-01,460.0
663,2025-11-01,500.0
664,2025-11-01,360.0
666,2025-11-01,410.0
668,2025-11-01,290.0
669,2025-11-01,470.0
670,2025-11-01,600.0
672,2025-11-01,660.0
673,2025-11-01,190.0
674,2025-11-01,1780.0
676,2025-11-01,210.0
677,2025-11-01,550.0
678,2025-11-01,180.0
679,2025-11-01,990.0
680,2025-11-01,330.0
681,2025-11-01,2180.0
682,2025-11-01,220.0
683,2025-11-01,340.0
685,2025-11-01,650.0
686,2025-11-01,630.0
687,2025-11-01,120.0
689,2025-11-01,500.0
690,2025-11-01,440.0
692,2025-11-01,430.0
693,2025-11-01,350.0
694,2025-11-01,300.0
695,2025-11-01,940.0
696,2025-11-01,630.0
697,2025-11-01,540.0
699,2025-11-01,430.0
701,2025-11-01,540.0
702,2025-11-01,450.0
703,2025-11-01,620.0
706,2025-11-01,200.0
707,2025-11-01,260.0
708,2025-11-01,310.0
709,2025-11-01,670.0
711,2025-11-01,1020.0
712,2025-11-01,490.0
713,2025-11-01,1300.0
714,2025-11-01,570.0
715,2025-11-01,860.0
716,2025-11-01,730.0
717,2025-11-01,660.0
718,2025-11-01,1110.0
719,2025-11-01,150.0
720,2025-11-01,400.0
721,2025-11-01,520.0
722,2025-11-01,450.0
723,2025-11-01,530.0
724,2025-11-01,440.0
725,2025-11-01,230.0
726,2025-11-01,200.0
727,2025-11-01,1580.0
728,2025-11-01,2300.0
729,2025-11-01,1000.0
730,2025-11-01,450.0
731,2025-11-01,810.0
732,2025-11-01,710.0
733,2025-11-01,410.0
734,2025-11-01,520.0
735,2025-11-01,140.0
736,2025-11-01,940.0
737,2025-11-01,830.0
738,2025-11-01,450.0
740,2025-11-01,390.0
742,2025-11-01,1810.0
743,2025-11-01,460.0
744,2025-11-01,360.0
745,2025-11-01,620.0
748,2025-11-01,420.0
749,2025-11-01,710.0
750,2025-11-01,470.0
752,2025-11-01,580.0
753,2025-11-01,580.0
754,2025-11-01,580.0
755,2025-11-01,110.0
757,2025-11-01,870.0
758,2025-11-01,250.0
759,2025-11-01,1670.0
760,2025-11-01,580.0
761,2025-11-01,350.0
762,2025-11-01,520.0
763,2025-11-01,550.0
764,2025-11-01,420.0
765,2025-11-01,280.0
766,2025-11-01,350.0
767,2025-11-01,210.0
768,2025-11-01,370.0
769,2025-11-01,110.0
770,2025-11-01,520.0
771,2025-11-01,460.0
772,2025-11-01,340.0
773,2025-11-01,310.0
775,2025-11-01,220.0
776,2025-11-01,180.0
777,2025-11-01,1450.0
779,2025-11-01,330.0
780,2025-11-01,2730.0
781,2025-11-01,720.0
783,2025-11-01,140.0
784,2025-11-01,530.0
785,2025-11-01,770.0
786,2025-11-01,340.0
787,2025-11-01,830.0
788,2025-11-01,550.0
790,2025-11-01,1020.0
791,2025-11-01,320.0
792,2025-11-01,510.0
795,2025-11-01,250.0
796,2025-11-01,840.0
797,2025-11-01,600.0
798,2025-11-01,560.0
799,2025-11-01,300.0
800,2025-11-01,480.0
801,2025-11-01,450.0
802,2025-11-01,170.0
803,2025-11-01,460.0
804,2025-11-01,400.0
805,2025-11-01,490.0
807,2025-11-01,1470.0
808,2025-11-01,230.0
809,2025-11-01,1190.0
810,2025-11-01,1070.0
811,2025-11-01,700.0
812,2025-11-01,580.0
813,2025-11-01,660.0
816,2025-11-01,200.0
817,2025-11-01,330.0
818,2025-11-01,290.0
819,2025-11-01,490.0
820,2025-11-01,290.0
821,2025-11-01,390.0
822,2025-11-01,490.0
823,2025-11-01,180.0
825,2025-11-01,220.0
826,2025-11-01,1300.0
827,2025-11-01,510.0
828,2025-11-01,260.0
830,2025-11-01,430.0
831,2025-11-01,260.0
832,2025-11-01,330.0
833,2025-11-01,330.0
834,2025-11-01,790.0
835,2025-11-01,490.0
836,2025-11-01,170.0
837,2025-11-01,470.0
838,2025-11-01,480.0
839,2025-11-01,250.0
840,2025-11-01,840.0
841,2025-11-01,160.0
842,2025-11-01,960.0
843,2025-11-01,730.0
844,2025-11-01,500.0
845,2025-11-01,230.0
846,2025-11-01,430.0
847,2025-11-01,540.0
849,2025-11-01,110.0
850,2025-11-01,1470.0
851,2025-11-01,300.0
852,2025-11-01,780.0
853,2025-11-01,1430.0
854,2025-11-01,1800.0
855,2025-11-01,360.0
856,2025-11-01,170.0
857,2025-11-01,1030.0
858,2025-11-01,320.0
859,2025-11-01,370.0
860,2025-11-01,610.0
861,2025-11-01,270.0
862,2025-11-01,380.0
863,2025-11-01,250.0
864,2025-11-01,190.0
865,2025-11-01,320.0
866,2025-11-01,360.0
867,2025-11-01,310.0
869,2025-11-01,590.0
870,2025-11-01,670.0
871,2025-11-01,820.0
872,2025-11-01,360.0
873,2025-11-01,400.0
874,2025-11-01,1050.0
875,2025-11-01,300.0
876,2025-11-01,550.0
877,2025-11-01,350.0
878,2025-11-01,480.0
879,2025-11-01,430.0
880,2025-11-01,380.0
881,2025-11-01,140.0
882,2025-11-01,820.0
883,2025-11-01,590.0
884,2025-11-01,320.0
885,2025-11-01,480.0
886,2025-11-01,870.0
888,2025-11-01,1020.0
889,2025-11-01,300.0
890,2025-11-01,240.0
891,2025-11-01,1360.0
892,2025-11-01,820.0
893,2025-11-01,260.0
894,2025-11-01,590.0
895,2025-11-01,1470.0
896,2025-11-01,330.0
897,2025-11-01,2090.0
898,2025-11-01,730.0
899,2025-11-01,390.0
900,2025-11-01,410.0
901,2025-11-01,660.0
903,2025-11-01,710.0
904,2025-11-01,530.0
905,2025-11-01,390.0
906,2025-11-01,520.0
907,2025-11-01,330.0
908,2025-11-01,490.0
909,2025-11-01,1250.0
911,2025-11-01,420.0
912,2025-11-01,1470.0
913,2025-11-01,1580.0
914,2025-11-01,300.0
915,2025-11-01,660.0
916,2025-11-01,600.0
917,2025-11-01,500.0
918,2025-11-01,320.0
919,2025-11-01,280.0
920,2025-11-01,1120.0
921,2025-11-01,250.0
922,2025-11-01,520.0
923,2025-11-01,360.0
924,2025-11-01,1020.0
925,2025-11-01,130.0
926,2025-11-01,1260.0
927,2025-11-01,130.0
928,2025-11-01,440.0
929,2025-11-01,940.0
930,2025-11-01,160.0
931,2025-11-01,280.0
932,2025-11-01,480.0
933,2025-11-01,2490.0
934,2025-11-01,290.0
935,2025-11-01,190.0
936,2025-11-01,430.0
937,2025-11-01,370.0
939,2025-11-01,330.0
940,2025-11-01,630.0
941,2025-11-01,480.0
942,2025-11-01,580.0
943,2025-11-01,420.0
944,2025-11-01,280.0
945,2025-11-01,790.0
947,2025-11-01,510.0
948,2025-11-01,1110.0
949,2025-11-01,760.0
950,2025-11-01,470.0
951,2025-11-01,260.0
952,2025-11-01,280.0
953,2025-11-01,360.0
954,2025-11-01,180.0
955,2025-11-01,490.0
956,2025-11-01,880.0
957,2025-11-01,540.0
958,2025-11-01,230.0
959,2025-11-01,150.0
961,2025-11-01,300.0
962,2025-11-01,400.0
963,2025-11-01,250.0
964,2025-11-01,350.0
965,2025-11-01,700.0
966,2025-11-01,210.0
967,2025-11-01,400.0
970,2025-11-01,730.0
971,2025-11-01,1050.0
972,2025-11-01,140.0
973,2025-11-01,430.0
974,2025-11-01,240.0
975,2025-11-01,730.0
977,2025-11-01,270.0
978,2025-11-01,340.0
979,2025-11-01,700.0
980,2025-11-01,500.0
981,2025-11-01,360.0
982,2025-11-01,1200.0
983,2025-11-01,620.0
984,2025-11-01,450.0
985,2025-11-01,430.0
987,2025-11-01,450.0
988,2025-11-01,340.0
989,2025-11-01,580.0
990,2025-11-01,390.0
991,2025-11-01,1000.0
992,2025-11-01,410.0
994,2025-11-01,210.0
995,2025-11-01,910.0
996,2025-11-01,380.0
997,2025-11-01,390.0
998,2025-11-01,220.0
999,2025-11-01,510.0
1000,2025-11-01,540.0
1001,2025-11-01,330.0
1002,2025-11-01,530.0
1003,2025-11-01,260.0
1004,2025-11-01,410.0
1005,2025-11-01,660.0
1006,2025-11-01,690.0
1007,2025-11-01,450.0
1008,2025-11-01,1920.0
1009,2025-11-01,540.0
1010,2025-11-01,270.0
1011,2025-11-01,730.0
1012,2025-11-01,720.0
1013,2025-11-01,650.0
1014,2025-11-01,610.0
1015,2025-11-01,1080.0
1016,2025-11-01,350.0
1017,2025-11-01,660.0
1018,2025-11-01,570.0
1019,2025-11-01,320.0
1020,2025-11-01,720.0
1021,2025-11-01,590.0
1022,2025-11-01,130.0
1023,2025-11-01,1080.0
1024,2025-11-01,260.0
1025,2025-11-01,1570.0
1026,2025-11-01,110.0
1027,2025-11-01,1100.0
1028,2025-11-01,490.0
1029,2025-11-01,100.0
1030,2025-11-01,750.0
1031,2025-11-01,850.0
1032,2025-11-01,1340.0
1033,2025-11-01,190.0
1034,2025-11-01,400.0
1035,2025-11-01,230.0
1036,2025-11-01,270.0
1037,2025-11-01,580.0
1038,2025-11-01,350.0
1039,2025-11-01,190.0
1040,2025-11-01,710.0
1041,2025-11-01,190.0
1042,2025-11-01,460.0
1043,2025-11-01,740.0
1044,2025-11-01,400.0
1045,2025-11-01,290.0
1046,2025-11-01,990.0
1047,2025-11-01,510.0
1048,2025-11-01,150.0
1049,2025-11-01,530.0
1050,2025-11-01,520.0
1051,2025-11-01,710.0
1052,2025-11-01,560.0
1053,2025-11-01,460.0
1054,2025-11-01,370.0
1055,2025-11-01,400.0
1056,2025-11-01,820.0
1057,2025-11-01,360.0
1058,2025-11-01,390.0
1059,2025-11-01,330.0
1060,2025-11-01,630.0
1061,2025-11-01,340.0
1062,2025-11-01,550.0
1063,2025-11-01,760.0
1064,2025-11-01,1370.0
1065,2025-11-01,370.0
1066,2025-11-01,590.0
1067,2025-11-01,370.0
1068,2025-11-01,580.0
1069,2025-11-01,440.0
1070,2025-11-01,920.0
1071,2025-11-01,2160.0
1072,2025-11-01,420.0
1073,2025-11-01,720.0
1074,2025-11-01,410.0
1075,2025-11-01,450.0
1076,2025-11-01,1530.0
1077,2025-11-01,600.0
1078,2025-11-01,980.0
1079,2025-11-01,650.0
1080,2025-11-01,510.0
1081,2025-11-01,500.0
1082,2025-11-01,350.0
1083,2025-11-01,540.0
1084,2025-11-01,140.0
1085,2025-11-01,730.0
1086,2025-11-01,1130.0
1087,2025-11-01,290.0
1088,2025-11-01,280.0
1089,2025-11-01,760.0
1090,2025-11-01,560.0
1091,2025-11-01,240.0
1092,2025-11-01,200.0
1093,2025-11-01,330.0
1094,2025-11-01,1050.0
1095,2025-11-01,200.0
1096,2025-11-01,250.0
1097,2025-11-01,190.0
1098,2025-11-01,530.0
1099,2025-11-01,220.0
1101,2025-11-01,130.0
1102,2025-11-01,740.0
1103,2025-11-01,640.0
1104,2025-11-01,420.0
1105,2025-11-01,230.0
1106,2025-11-01,1160.0
1107,2025-11-01,1660.0
1108,2025-11-01,1300.0
1109,2025-11-01,300.0
1110,2025-11-01,280.0
1111,2025-11-01,470.0
1112,2025-11-01,220.0
1113,2025-11-01,320.0
1114,2025-11-01,480.0
1115,2025-11-01,820.0
1116,2025-11-01,290.0
1117,2025-11-01,260.0
1118,2025-11-01,840.0
1119,2025-11-01,190.0
1120,2025-11-01,500.0
1121,2025-11-01,530.0
1122,2025-11-01,220.0
1123,2025-11-01,920.0
1124,2025-11-01,680.0
1125,2025-11-01,260.0
1126,2025-11-01,280.0
1127,2025-11-01,370.0
1128,2025-11-01,210.0
1129,2025-11-01,820.0
1130,2025-11-01,510.0
1131,2025-11-01,230.0
1132,2025-11-01,390.0
1133,2025-11-01,380.0
1134,2025-11-01,240.0
1135,2025-11-01,1360.0
1136,2025-11-01,390.0
1137,2025-11-01,410.0
1138,2025-11-01,680.0
1139,2025-11-01,450.0
1140,2025-11-01,430.0
1141,2025-11-01,970.0
1142,2025-11-01,830.0
1143,2025-11-01,390.0
1144,2025-11-01,390.0
1145,2025-11-01,180.0
1146,2025-11-01,1110.0
1147,2025-11-01,630.0
1148,2025-11-01,560.0
1149,2025-11-01,300.0
1150,2025-11-01,440.0
1151,2025-11-01,290.0
1152,2025-11-01,460.0
1153,2025-11-01,430.0
1154,2025-11-01,790.0
1155,2025-11-01,230.0
1156,2025-11-01,580.0
1157,2025-11-01,560.0
1158,2025-11-01,270.0
1159,2025-11-01,260.0
1160,2025-11-01,1000.0
1161,2025-11-01,470.0
1162,2025-11-01,220.0
1163,2025-11-01,380.0
1164,2025-11-01,530.0
1165,2025-11-01,1150.0
1,2025-12-01,340.0
5,2025-12-01,500.0
7,2025-12-01,1180.0
8,2025-12-01,70.0
9,2025-12-01,400.0
11,2025-12-01,1180.0
12,2025-12-01,1120.0
13,2025-12-01,440.0
14,2025-12-01,870.0
16,2025-12-01,3650.0
17,2025-12-01,900.0
18,2025-12-01,680.0
19,2025-12-01,840.0
20,2025-12-01,360.0
21,2025-12-01,650.0
22,2025-12-01,890.0
24,2025-12-01,730.0
25,2025-12-01,720.0
26,2025-12-01,1290.0
27,2025-12-01,720.0
28,2025-12-01,230.0
32,2025-12-01,360.0
33,2025-12-01,1860.0
36,2025-12-01,650.0
39,2025-12-01,200.0
40,2025-12-01,1240.0
42,2025-12-01,700.0
47,2025-12-01,1110.0
49,2025-12-01,710.0
52,2025-12-01,2520.0
55,2025-12-01,800.0
56,2025-12-01,620.0
58,2025-12-01,270.0
62,2025-12-01,550.0
63,2025-12-01,410.0
64,2025-12-01,430.0
65,2025-12-01,820.0
67,2025-12-01,1700.0
68,2025-12-01,930.0
72,2025-12-01,170.0
74,2025-12-01,1110.0
75,2025-12-01,500.0
76,2025-12-01,700.0
81,2025-12-01,610.0
83,2025-12-01,1120.0
84,2025-12-01,460.0
86,2025-12-01,570.0
87,2025-12-01,540.0
90,2025-12-01,1010.0
92,2025-12-01,1360.0
94,2025-12-01,210.0
95,2025-12-01,240.0
97,2025-12-01,430.0
98,2025-12-01,440.0
99,2025-12-01,1370.0
100,2025-12-01,1250.0
105,2025-12-01,260.0
106,2025-12-01,1480.0
107,2025-12-01,750.0
112,2025-12-01,1570.0
113,2025-12-01,440.0
114,2025-12-01,2020.0
115,2025-12-01,350.0
116,2025-12-01,1030.0
117,2025-12-01,420.0
119,2025-12-01,690.0
120,2025-12-01,180.0
121,2025-12-01,350.0
123,2025-12-01,160.0
125,2025-12-01,1170.0
126,2025-12-01,890.0
127,2025-12-01,890.0
128,2025-12-01,750.0
129,2025-12-01,1070.0
130,2025-12-01,520.0
133,2025-12-01,680.0
134,2025-12-01,880.0
135,2025-12-01,1240.0
136,2025-12-01,500.0
138,2025-12-01,3150.0
139,2025-12-01,650.0
141,2025-12-01,1010.0
143,2025-12-01,280.0
144,2025-12-01,180.0
145,2025-12-01,960.0
148,2025-12-01,480.0
151,2025-12-01,360.0
152,2025-12-01,410.0
153,2025-12-01,280.0
155,2025-12-01,360.0
156,2025-12-01,430.0
157,2025-12-01,440.0
160,2025-12-01,730.0
161,2025-12-01,500.0
165,2025-12-01,660.0
166,2025-12-01,410.0
168,2025-12-01,430.0
170,2025-12-01,640.0
172,2025-12-01,500.0
173,2025-12-01,440.0
174,2025-12-01,670.0
175,2025-12-01,180.0
178,2025-12-01,300.0
180,2025-12-01,670.0
182,2025-12-01,1610.0
184,2025-12-01,1030.0
185,2025-12-01,220.0
187,2025-12-01,380.0
188,2025-12-01,1220.0
189,2025-12-01,610.0
190,2025-12-01,440.0
191,2025-12-01,760.0
192,2025-12-01,530.0
193,2025-12-01,350.0
194,2025-12-01,1350.0
195,2025-12-01,970.0
196,2025-12-01,420.0
197,2025-12-01,240.0
198,2025-12-01,380.0
199,2025-12-01,1160.0
200,2025-12-01,290.0
201,2025-12-01,530.0
202,2025-12-01,260.0
206,2025-12-01,760.0
207,2025-12-01,1520.0
209,2025-12-01,510.0
211,2025-12-01,550.0
212,2025-12-01,790.0
213,2025-12-01,420.0
214,2025-12-01,960.0
216,2025-12-01,1670.0
218,2025-12-01,220.0
219,2025-12-01,370.0
220,2025-12-01,1570.0
221,2025-12-01,400.0
222,2025-12-01,390.0
223,2025-12-01,1370.0
226,2025-12-01,600.0
229,2025-12-01,570.0
231,2025-12-01,630.0
232,2025-12-01,260.0
233,2025-12-01,350.0
234,2025-12-01,390.0
235,2025-12-01,1100.0
238,2025-12-01,1250.0
239,2025-12-01,1260.0
241,2025-12-01,260.0
242,2025-12-01,130.0
243,2025-12-01,280.0
244,2025-12-01,710.0
246,2025-12-01,1360.0
247,2025-12-01,370.0
249,2025-12-01,1300.0
250,2025-12-01,1070.0
251,2025-12-01,110.0
253,2025-12-01,280.0
254,2025-12-01,330.0
255,2025-12-01,740.0
256,2025-12-01,730.0
257,2025-12-01,230.0
258,2025-12-01,810.0
259,2025-12-01,670.0
260,2025-12-01,810.0
264,2025-12-01,360.0
266,2025-12-01,650.0
267,2025-12-01,1260.0
268,2025-12-01,170.0
269,2025-12-01,440.0
270,2025-12-01,1490.0
271,2025-12-01,980.0
273,2025-12-01,600.0
274,2025-12-01,290.0
275,2025-12-01,420.0
276,2025-12-01,700.0
277,2025-12-01,480.0
278,2025-12-01,470.0
279,2025-12-01,350.0
280,2025-12-01,330.0
281,2025-12-01,670.0
282,2025-12-01,720.0
283,2025-12-01,230.0
284,2025-12-01,520.0
285,2025-12-01,810.0
286,2025-12-01,1280.0
287,2025-12-01,320.0
290,2025-12-01,420.0
291,2025-12-01,270.0
293,2025-12-01,340.0
296,2025-12-01,1290.0
297,2025-12-01,460.0
298,2025-12-01,960.0
300,2025-12-01,210.0
301,2025-12-01,340.0
302,2025-12-01,830.0
305,2025-12-01,970.0
306,2025-12-01,280.0
308,2025-12-01,220.0
309,2025-12-01,140.0
311,2025-12-01,360.0
315,2025-12-01,500.0
316,2025-12-01,470.0
317,2025-12-01,920.0
318,2025-12-01,720.0
320,2025-12-01,270.0
321,2025-12-01,380.0
322,2025-12-01,1420.0
323,2025-12-01,1850.0
325,2025-12-01,1000.0
326,2025-12-01,310.0
328,2025-12-01,2990.0
329,2025-12-01,270.0
330,2025-12-01,620.0
332,2025-12-01,300.0
333,2025-12-01,730.0
334,2025-12-01,1580.0
335,2025-12-01,310.0
337,2025-12-01,570.0
338,2025-12-01,450.0
340,2025-12-01,700.0
341,2025-12-01,220.0
342,2025-12-01,1610.0
344,2025-12-01,2150.0
345,2025-12-01,760.0
346,2025-12-01,2100.0
347,2025-12-01,1480.0
348,2025-12-01,650.0
350,2025-12-01,620.0
351,2025-12-01,700.0
352,2025-12-01,3410.0
354,2025-12-01,310.0
358,2025-12-01,410.0
359,2025-12-01,230.0
360,2025-12-01,320.0
361,2025-12-01,590.0
363,2025-12-01,560.0
365,2025-12-01,800.0
366,2025-12-01,910.0
369,2025-12-01,960.0
370,2025-12-01,320.0
372,2025-12-01,310.0
373,2025-12-01,660.0
374,2025-12-01,530.0
375,2025-12-01,380.0
376,2025-12-01,530.0
377,2025-12-01,260.0
379,2025-12-01,870.0
381,2025-12-01,560.0
382,2025-12-01,1300.0
383,2025-12-01,410.0
384,2025-12-01,440.0
385,2025-12-01,840.0
386,2025-12-01,310.0
387,2025-12-01,1360.0
388,2025-12-01,240.0
389,2025-12-01,910.0
390,2025-12-01,350.0
393,2025-12-01,420.0
394,2025-12-01,360.0
396,2025-12-01,460.0
397,2025-12-01,450.0
398,2025-12-01,820.0
399,2025-12-01,350.0
400,2025-12-01,990.0
401,2025-12-01,440.0
403,2025-12-01,390.0
404,2025-12-01,160.0
405,2025-12-01,620.0
406,2025-12-01,310.0
407,2025-12-01,410.0
408,2025-12-01,420.0
409,2025-12-01,300.0
410,2025-12-01,1050.0
411,2025-12-01,620.0
412,2025-12-01,640.0
414,2025-12-01,120.0
416,2025-12-01,420.0
417,2025-12-01,740.0
419,2025-12-01,240.0
421,2025-12-01,1100.0
424,2025-12-01,400.0
426,2025-12-01,440.0
428,2025-12-01,310.0
429,2025-12-01,1170.0
430,2025-12-01,800.0
431,2025-12-01,270.0
432,2025-12-01,910.0
433,2025-12-01,890.0
434,2025-12-01,520.0
435,2025-12-01,680.0
436,2025-12-01,360.0
438,2025-12-01,430.0
439,2025-12-01,430.0
441,2025-12-01,610.0
442,2025-12-01,250.0
443,2025-12-01,1840.0
444,2025-12-01,580.0
445,2025-12-01,390.0
446,2025-12-01,460.0
450,2025-12-01,350.0
451,2025-12-01,990.0
453,2025-12-01,440.0
455,2025-12-01,1360.0
456,2025-12-01,450.0
458,2025-12-01,220.0
459,2025-12-01,640.0
460,2025-12-01,270.0
461,2025-12-01,700.0
462,2025-12-01,580.0
463,2025-12-01,230.0
464,2025-12-01,1490.0
467,2025-12-01,740.0
468,2025-12-01,1580.0
469,2025-12-01,650.0
470,2025-12-01,370.0
472,2025-12-01,2090.0
474,2025-12-01,550.0
476,2025-12-01,620.0
477,2025-12-01,150.0
479,2025-12-01,940.0
482,2025-12-01,210.0
483,2025-12-01,340.0
484,2025-12-01,110.0
485,2025-12-01,730.0
486,2025-12-01,230.0
487,2025-12-01,560.0
491,2025-12-01,110.0
493,2025-12-01,150.0
494,2025-12-01,390.0
495,2025-12-01,1160.0
496,2025-12-01,980.0
497,2025-12-01,1460.0
498,2025-12-01,480.0
499,2025-12-01,930.0
501,2025-12-01,800.0
502,2025-12-01,750.0
503,2025-12-01,680.0
504,2025-12-01,880.0
509,2025-12-01,850.0
512,2025-12-01,630.0
514,2025-12-01,520.0
521,2025-12-01,300.0
522,2025-12-01,620.0
524,2025-12-01,390.0
525,2025-12-01,110.0
527,2025-12-01,340.0
529,2025-12-01,750.0
530,2025-12-01,1420.0
531,2025-12-01,450.0
534,2025-12-01,650.0
535,2025-12-01,1150.0
538,2025-12-01,390.0
541,2025-12-01,490.0
543,2025-12-01,390.0
544,2025-12-01,1050.0
546,2025-12-01,240.0
547,2025-12-01,230.0
548,2025-12-01,2170.0
549,2025-12-01,280.0
550,2025-12-01,420.0
551,2025-12-01,180.0
552,2025-12-01,420.0
553,2025-12-01,1130.0
554,2025-12-01,300.0
555,2025-12-01,360.0
556,2025-12-01,1100.0
558,2025-12-01,290.0
559,2025-12-01,270.0
561,2025-12-01,620.0
562,2025-12-01,260.0
563,2025-12-01,580.0
566,2025-12-01,370.0
567,2025-12-01,120.0
568,2025-12-01,380.0
570,2025-12-01,200.0
571,2025-12-01,630.0
572,2025-12-01,520.0
573,2025-12-01,290.0
574,2025-12-01,790.0
575,2025-12-01,260.0
576,2025-12-01,300.0
577,2025-12-01,530.0
578,2025-12-01,740.0
579,2025-12-01,800.0
580,2025-12-01,430.0
582,2025-12-01,370.0
583,2025-12-01,1060.0
584,2025-12-01,120.0
585,2025-12-01,1060.0
586,2025-12-01,190.0
587,2025-12-01,360.0
590,2025-12-01,190.0
591,2025-12-01,780.0
592,2025-12-01,510.0
593,2025-12-01,800.0
595,2025-12-01,350.0
596,2025-12-01,460.0
597,2025-12-01,570.0
599,2025-12-01,450.0
601,2025-12-01,340.0
602,2025-12-01,260.0
605,2025-12-01,530.0
606,2025-12-01,490.0
607,2025-12-01,430.0
608,2025-12-01,190.0
610,2025-12-01,1370.0
611,2025-12-01,450.0
612,2025-12-01,460.0
613,2025-12-01,910.0
615,2025-12-01,290.0
616,2025-12-01,190.0
617,2025-12-01,730.0
618,2025-12-01,310.0
619,2025-12-01,300.0
621,2025-12-01,370.0
622,2025-12-01,380.0
623,2025-12-01,930.0
624,2025-12-01,310.0
626,2025-12-01,360.0
627,2025-12-01,570.0
628,2025-12-01,840.0
629,2025-12-01,540.0
631,2025-12-01,1010.0
633,2025-12-01,410.0
635,2025-12-01,760.0
636,2025-12-01,710.0
637,2025-12-01,1090.0
641,2025-12-01,300.0
642,2025-12-01,370.0
643,2025-12-01,600.0
644,2025-12-01,1260.0
646,2025-12-01,480.0
647,2025-12-01,290.0
648,2025-12-01,410.0
649,2025-12-01,560.0
650,2025-12-01,500.0
652,2025-12-01,440.0
653,2025-12-01,550.0
655,2025-12-01,770.0
656,2025-12-01,880.0
657,2025-12-01,760.0
658,2025-12-01,800.0
659,2025-12-01,380.0
661,2025-12-01,240.0
662,2025-12-01,460.0
663,2025-12-01,610.0
664,2025-12-01,360.0
666,2025-12-01,410.0
668,2025-12-01,290.0
669,2025-12-01,470.0
670,2025-12-01,600.0
672,2025-12-01,660.0
673,2025-12-01,190.0
674,2025-12-01,1780.0
676,2025-12-01,210.0
677,2025-12-01,550.0
678,2025-12-01,180.0
679,2025-12-01,990.0
680,2025-12-01,330.0
681,2025-12-01,2180.0
682,2025-12-01,220.0
683,2025-12-01,340.0
685,2025-12-01,650.0
686,2025-12-01,630.0
687,2025-12-01,120.0
689,2025-12-01,500.0
692,2025-12-01,430.0
693,2025-12-01,490.0
694,2025-12-01,300.0
695,2025-12-01,1220.0
697,2025-12-01,540.0
699,2025-12-01,430.0
701,2025-12-01,540.0
702,2025-12-01,450.0
703,2025-12-01,620.0
706,2025-12-01,260.0
707,2025-12-01,360.0
708,2025-12-01,410.0
709,2025-12-01,670.0
711,2025-12-01,1020.0
712,2025-12-01,490.0
713,2025-12-01,1300.0
714,2025-12-01,570.0
715,2025-12-01,860.0
716,2025-12-01,730.0
717,2025-12-01,660.0
718,2025-12-01,780.0
719,2025-12-01,150.0
720,2025-12-01,400.0
721,2025-12-01,520.0
722,2025-12-01,450.0
723,2025-12-01,530.0
724,2025-12-01,440.0
725,2025-12-01,230.0
726,2025-12-01,200.0
727,2025-12-01,1580.0
728,2025-12-01,2300.0
729,2025-12-01,1000.0
730,2025-12-01,450.0
731,2025-12-01,810.0
733,2025-12-01,410.0
734,2025-12-01,520.0
735,2025-12-01,140.0
736,2025-12-01,940.0
737,2025-12-01,830.0
738,2025-12-01,450.0
740,2025-12-01,390.0
742,2025-12-01,1810.0
743,2025-12-01,460.0
744,2025-12-01,360.0
745,2025-12-01,620.0
748,2025-12-01,420.0
749,2025-12-01,710.0
750,2025-12-01,470.0
752,2025-12-01,580.0
753,2025-12-01,580.0
754,2025-12-01,580.0
755,2025-12-01,110.0
757,2025-12-01,870.0
758,2025-12-01,250.0
759,2025-12-01,1670.0
760,2025-12-01,580.0
761,2025-12-01,350.0
762,2025-12-01,520.0
763,2025-12-01,550.0
764,2025-12-01,420.0
765,2025-12-01,280.0
766,2025-12-01,350.0
767,2025-12-01,210.0
768,2025-12-01,290.0
769,2025-12-01,110.0
770,2025-12-01,520.0
771,2025-12-01,460.0
772,2025-12-01,340.0
773,2025-12-01,310.0
775,2025-12-01,220.0
776,2025-12-01,180.0
777,2025-12-01,1450.0
779,2025-12-01,330.0
780,2025-12-01,2730.0
781,2025-12-01,720.0
783,2025-12-01,140.0
784,2025-12-01,530.0
785,2025-12-01,770.0
786,2025-12-01,340.0
787,2025-12-01,830.0
788,2025-12-01,550.0
790,2025-12-01,1020.0
791,2025-12-01,320.0
792,2025-12-01,510.0
795,2025-12-01,250.0
796,2025-12-01,840.0
797,2025-12-01,600.0
798,2025-12-01,560.0
799,2025-12-01,300.0
800,2025-12-01,600.0
801,2025-12-01,450.0
802,2025-12-01,170.0
803,2025-12-01,460.0
804,2025-12-01,400.0
805,2025-12-01,490.0
807,2025-12-01,1470.0
808,2025-12-01,230.0
809,2025-12-01,1190.0
810,2025-12-01,1070.0
811,2025-12-01,700.0
812,2025-12-01,860.0
813,2025-12-01,660.0
816,2025-12-01,200.0
817,2025-12-01,330.0
818,2025-12-01,290.0
819,2025-12-01,490.0
820,2025-12-01,290.0
821,2025-12-01,390.0
822,2025-12-01,490.0
823,2025-12-01,180.0
825,2025-12-01,220.0
827,2025-12-01,510.0
828,2025-12-01,260.0
830,2025-12-01,430.0
831,2025-12-01,260.0
832,2025-12-01,330.0
833,2025-12-01,330.0
834,2025-12-01,550.0
835,2025-12-01,490.0
836,2025-12-01,170.0
837,2025-12-01,470.0
838,2025-12-01,480.0
839,2025-12-01,250.0
840,2025-12-01,840.0
841,2025-12-01,160.0
842,2025-12-01,960.0
843,2025-12-01,730.0
844,2025-12-01,500.0
845,2025-12-01,230.0
846,2025-12-01,430.0
847,2025-12-01,680.0
849,2025-12-01,110.0
850,2025-12-01,1130.0
851,2025-12-01,300.0
852,2025-12-01,950.0
853,2025-12-01,1900.0
854,2025-12-01,1800.0
856,2025-12-01,170.0
857,2025-12-01,1030.0
858,2025-12-01,320.0
859,2025-12-01,370.0
860,2025-12-01,610.0
861,2025-12-01,270.0
862,2025-12-01,520.0
863,2025-12-01,250.0
864,2025-12-01,190.0
865,2025-12-01,320.0
866,2025-12-01,360.0
867,2025-12-01,310.0
869,2025-12-01,590.0
870,2025-12-01,670.0
871,2025-12-01,820.0
872,2025-12-01,360.0
873,2025-12-01,400.0
875,2025-12-01,300.0
876,2025-12-01,550.0
877,2025-12-01,350.0
878,2025-12-01,480.0
880,2025-12-01,380.0
881,2025-12-01,140.0
882,2025-12-01,820.0
883,2025-12-01,590.0
884,2025-12-01,320.0
885,2025-12-01,480.0
886,2025-12-01,870.0
888,2025-12-01,1020.0
889,2025-12-01,300.0
890,2025-12-01,240.0
891,2025-12-01,1360.0
892,2025-12-01,820.0
893,2025-12-01,260.0
894,2025-12-01,590.0
895,2025-12-01,1470.0
896,2025-12-01,330.0
897,2025-12-01,2090.0
898,2025-12-01,730.0
899,2025-12-01,390.0
900,2025-12-01,410.0
901,2025-12-01,660.0
903,2025-12-01,710.0
904,2025-12-01,530.0
905,2025-12-01,390.0
906,2025-12-01,680.0
907,2025-12-01,330.0
908,2025-12-01,490.0
909,2025-12-01,1250.0
911,2025-12-01,420.0
912,2025-12-01,1470.0
913,2025-12-01,1580.0
914,2025-12-01,300.0
915,2025-12-01,660.0
916,2025-12-01,600.0
917,2025-12-01,500.0
918,2025-12-01,320.0
919,2025-12-01,280.0
921,2025-12-01,250.0
922,2025-12-01,520.0
923,2025-12-01,360.0
924,2025-12-01,1020.0
925,2025-12-01,110.0
926,2025-12-01,1260.0
927,2025-12-01,130.0
928,2025-12-01,440.0
929,2025-12-01,940.0
930,2025-12-01,160.0
931,2025-12-01,280.0
932,2025-12-01,480.0
933,2025-12-01,2490.0
934,2025-12-01,290.0
936,2025-12-01,430.0
937,2025-12-01,370.0
939,2025-12-01,330.0
940,2025-12-01,630.0
941,2025-12-01,480.0
942,2025-12-01,580.0
943,2025-12-01,420.0
944,2025-12-01,280.0
945,2025-12-01,790.0
947,2025-12-01,620.0
948,2025-12-01,1110.0
949,2025-12-01,760.0
950,2025-12-01,470.0
951,2025-12-01,260.0
953,2025-12-01,360.0
954,2025-12-01,180.0
955,2025-12-01,490.0
956,2025-12-01,880.0
957,2025-12-01,540.0
958,2025-12-01,230.0
959,2025-12-01,150.0
961,2025-12-01,300.0
962,2025-12-01,400.0
963,2025-12-01,250.0
964,2025-12-01,350.0
965,2025-12-01,700.0
966,2025-12-01,210.0
967,2025-12-01,400.0
970,2025-12-01,730.0
971,2025-12-01,1050.0
972,2025-12-01,140.0
973,2025-12-01,430.0
974,2025-12-01,240.0
975,2025-12-01,730.0
977,2025-12-01,270.0
978,2025-12-01,340.0
979,2025-12-01,700.0
980,2025-12-01,500.0
981,2025-12-01,360.0
982,2025-12-01,1200.0
983,2025-12-01,620.0
984,2025-12-01,450.0
985,2025-12-01,430.0
987,2025-12-01,450.0
988,2025-12-01,340.0
989,2025-12-01,580.0
990,2025-12-01,390.0
991,2025-12-01,1000.0
992,2025-12-01,410.0
994,2025-12-01,210.0
995,2025-12-01,910.0
996,2025-12-01,380.0
997,2025-12-01,390.0
998,2025-12-01,220.0
999,2025-12-01,510.0
1000,2025-12-01,540.0
1001,2025-12-01,330.0
1002,2025-12-01,530.0
1003,2025-12-01,260.0
1004,2025-12-01,410.0
1005,2025-12-01,660.0
1007,2025-12-01,590.0
1008,2025-12-01,1920.0
1009,2025-12-01,540.0
1010,2025-12-01,380.0
1011,2025-12-01,730.0
1012,2025-12-01,720.0
1013,2025-12-01,650.0
1014,2025-12-01,610.0
1015,2025-12-01,1080.0
1016,2025-12-01,350.0
1017,2025-12-01,660.0
1018,2025-12-01,570.0
1019,2025-12-01,320.0
1020,2025-12-01,720.0
1021,2025-12-01,590.0
1023,2025-12-01,1080.0
1024,2025-12-01,260.0
1025,2025-12-01,1570.0
1026,2025-12-01,110.0
1027,2025-12-01,1100.0
1028,2025-12-01,490.0
1029,2025-12-01,100.0
1030,2025-12-01,750.0
1031,2025-12-01,850.0
1032,2025-12-01,1340.0
1033,2025-12-01,190.0
1034,2025-12-01,400.0
1035,2025-12-01,230.0
1036,2025-12-01,270.0
1037,2025-12-01,580.0
1038,2025-12-01,350.0
1039,2025-12-01,190.0
1040,2025-12-01,710.0
1041,2025-12-01,190.0
1042,2025-12-01,460.0
1043,2025-12-01,740.0
1044,2025-12-01,570.0
1045,2025-12-01,290.0
1046,2025-12-01,990.0
1047,2025-12-01,510.0
1048,2025-12-01,150.0
1049,2025-12-01,530.0
1050,2025-12-01,520.0
1051,2025-12-01,710.0
1052,2025-12-01,560.0
1053,2025-12-01,460.0
1054,2025-12-01,370.0
1055,2025-12-01,400.0
1056,2025-12-01,820.0
1057,2025-12-01,360.0
1058,2025-12-01,390.0
1059,2025-12-01,330.0
1060,2025-12-01,630.0
1061,2025-12-01,340.0
1062,2025-12-01,550.0
1063,2025-12-01,760.0
1064,2025-12-01,1370.0
1065,2025-12-01,370.0
1066,2025-12-01,590.0
1067,2025-12-01,370.0
1068,2025-12-01,580.0
1069,2025-12-01,440.0
1070,2025-12-01,920.0
1071,2025-12-01,2160.0
1072,2025-12-01,420.0
1073,2025-12-01,720.0
1074,2025-12-01,300.0
1075,2025-12-01,450.0
1076,2025-12-01,1530.0
1077,2025-12-01,600.0
1078,2025-12-01,980.0
1079,2025-12-01,650.0
1080,2025-12-01,510.0
1081,2025-12-01,500.0
1082,2025-12-01,350.0
1083,2025-12-01,540.0
1084,2025-12-01,140.0
1085,2025-12-01,730.0
1086,2025-12-01,1130.0
1087,2025-12-01,290.0
1088,2025-12-01,280.0
1089,2025-12-01,760.0
1090,2025-12-01,560.0
1091,2025-12-01,240.0
1092,2025-12-01,200.0
1093,2025-12-01,240.0
1095,2025-12-01,200.0
1096,2025-12-01,250.0
1097,2025-12-01,190.0
1098,2025-12-01,530.0
1101,2025-12-01,180.0
1102,2025-12-01,740.0
1103,2025-12-01,640.0
1104,2025-12-01,420.0
1105,2025-12-01,230.0
1106,2025-12-01,1160.0
1107,2025-12-01,1660.0
1108,2025-12-01,1300.0
1109,2025-12-01,300.0
1110,2025-12-01,280.0
1111,2025-12-01,470.0
1112,2025-12-01,220.0
1113,2025-12-01,320.0
1114,2025-12-01,480.0
1115,2025-12-01,820.0
1116,2025-12-01,290.0
1117,2025-12-01,260.0
1118,2025-12-01,840.0
1119,2025-12-01,220.0
1120,2025-12-01,500.0
1121,2025-12-01,530.0
1122,2025-12-01,220.0
1123,2025-12-01,920.0
1124,2025-12-01,680.0
1125,2025-12-01,300.0
1126,2025-12-01,280.0
1127,2025-12-01,370.0
1128,2025-12-01,210.0
1129,2025-12-01,820.0
1130,2025-12-01,510.0
1131,2025-12-01,230.0
1132,2025-12-01,510.0
1133,2025-12-01,380.0
1134,2025-12-01,240.0
1135,2025-12-01,1360.0
1136,2025-12-01,390.0
1137,2025-12-01,410.0
1138,2025-12-01,680.0
1139,2025-12-01,450.0
1141,2025-12-01,970.0
1142,2025-12-01,830.0
1143,2025-12-01,390.0
1144,2025-12-01,390.0
1145,2025-12-01,180.0
1146,2025-12-01,1110.0
1147,2025-12-01,630.0
1148,2025-12-01,560.0
1149,2025-12-01,300.0
1150,2025-12-01,440.0
1151,2025-12-01,250.0
1152,2025-12-01,460.0
1153,2025-12-01,430.0
1154,2025-12-01,790.0
1155,2025-12-01,230.0
1156,2025-12-01,580.0
1157,2025-12-01,560.0
1158,2025-12-01,270.0
1159,2025-12-01,260.0
1160,2025-12-01,1000.0
1161,2025-12-01,470.0
1162,2025-12-01,220.0
1163,2025-12-01,380.0
1164,2025-12-01,530.0
1165,2025-12-01,1150.0
1166,2025-12-01,440.0
1167,2025-12-01,180.0
1168,2025-12-01,150.0
1169,2025-12-01,180.0
1170,2025-12-01,900.0
1171,2025-12-01,170.0
1172,2025-12-01,420.0
1173,2025-12-01,770.0
1174,2025-12-01,580.0
1175,2025-12-01,770.0
1176,2025-12-01,520.0
1177,2025-12-01,680.0
1178,2025-12-01,150.0
1179,2025-12-01,250.0
1180,2025-12-01,250.0
1181,2025-12-01,810.0
1182,2025-12-01,320.0
1183,2025-12-01,500.0
1184,2025-12-01,690.0
1185,2025-12-01,280.0
1186,2025-12-01,500.0
1187,2025-12-01,370.0
1188,2025-12-01,670.0
1189,2025-12-01,530.0
1190,2025-12-01,180.0
1191,2025-12-01,370.0
1192,2025-12-01,320.0
1193,2025-12-01,710.0
1194,2025-12-01,880.0
1195,2025-12-01,310.0
1196,2025-12-01,350.0
1197,2025-12-01,220.0
1198,2025-12-01,350.0
1199,2025-12-01,240.0
1200,2025-12-01,260.0
1201,2025-12-01,260.0
1,2026-01-01,340.0
5,2026-01-01,500.0
7,2026-01-01,1180.0
8,2026-01-01,70.0
9,2026-01-01,400.0
11,2026-01-01,1180.0
12,2026-01-01,1120.0
13,2026-01-01,320.0
14,2026-01-01,870.0
16,2026-01-01,3650.0
17,2026-01-01,710.0
19,2026-01-01,840.0
20,2026-01-01,360.0
21,2026-01-01,650.0
22,2026-01-01,1170.0
24,2026-01-01,730.0
25,2026-01-01,720.0
26,2026-01-01,1290.0
27,2026-01-01,720.0
28,2026-01-01,230.0
32,2026-01-01,360.0
33,2026-01-01,1860.0
36,2026-01-01,650.0
39,2026-01-01,200.0
40,2026-01-01,1240.0
42,2026-01-01,700.0
47,2026-01-01,1110.0
49,2026-01-01,550.0
52,2026-01-01,2520.0
55,2026-01-01,800.0
56,2026-01-01,620.0
58,2026-01-01,270.0
62,2026-01-01,550.0
63,2026-01-01,410.0
64,2026-01-01,430.0
65,2026-01-01,820.0
67,2026-01-01,1700.0
68,2026-01-01,930.0
72,2026-01-01,170.0
74,2026-01-01,1110.0
75,2026-01-01,500.0
81,2026-01-01,610.0
83,2026-01-01,1120.0
84,2026-01-01,460.0
86,2026-01-01,570.0
87,2026-01-01,540.0
90,2026-01-01,790.0
92,2026-01-01,1360.0
94,2026-01-01,210.0
95,2026-01-01,240.0
97,2026-01-01,430.0
98,2026-01-01,440.0
99,2026-01-01,1370.0
100,2026-01-01,1250.0
105,2026-01-01,260.0
106,2026-01-01,1480.0
107,2026-01-01,750.0
112,2026-01-01,1570.0
113,2026-01-01,440.0
114,2026-01-01,2020.0
115,2026-01-01,350.0
116,2026-01-01,1030.0
117,2026-01-01,420.0
119,2026-01-01,690.0
120,2026-01-01,180.0
121,2026-01-01,350.0
123,2026-01-01,190.0
125,2026-01-01,1170.0
126,2026-01-01,890.0
127,2026-01-01,890.0
128,2026-01-01,750.0
129,2026-01-01,1070.0
130,2026-01-01,520.0
133,2026-01-01,680.0
134,2026-01-01,880.0
135,2026-01-01,1240.0
136,2026-01-01,500.0
138,2026-01-01,3150.0
139,2026-01-01,650.0
141,2026-01-01,1010.0
143,2026-01-01,280.0
144,2026-01-01,180.0
145,2026-01-01,960.0
148,2026-01-01,480.0
151,2026-01-01,360.0
152,2026-01-01,410.0
153,2026-01-01,280.0
155,2026-01-01,360.0
156,2026-01-01,430.0
157,2026-01-01,440.0
160,2026-01-01,730.0
161,2026-01-01,500.0
165,2026-01-01,660.0
166,2026-01-01,410.0
168,2026-01-01,430.0
170,2026-01-01,640.0
172,2026-01-01,500.0
173,2026-01-01,440.0
174,2026-01-01,670.0
175,2026-01-01,180.0
178,2026-01-01,300.0
180,2026-01-01,670.0
182,2026-01-01,1610.0
184,2026-01-01,1030.0
185,2026-01-01,220.0
187,2026-01-01,380.0
188,2026-01-01,1220.0
189,2026-01-01,610.0
190,2026-01-01,440.0
191,2026-01-01,760.0
192,2026-01-01,530.0
193,2026-01-01,350.0
194,2026-01-01,1350.0
195,2026-01-01,970.0
196,2026-01-01,420.0
197,2026-01-01,240.0
198,2026-01-01,380.0
199,2026-01-01,1160.0
200,2026-01-01,290.0
201,2026-01-01,530.0
202,2026-01-01,260.0
206,2026-01-01,760.0
207,2026-01-01,1520.0
209,2026-01-01,510.0
211,2026-01-01,550.0
212,2026-01-01,790.0
213,2026-01-01,420.0
214,2026-01-01,960.0
216,2026-01-01,1670.0
218,2026-01-01,220.0
219,2026-01-01,370.0
220,2026-01-01,1570.0
222,2026-01-01,390.0
223,2026-01-01,1370.0
226,2026-01-01,850.0
229,2026-01-01,570.0
231,2026-01-01,630.0
232,2026-01-01,260.0
233,2026-01-01,350.0
234,2026-01-01,390.0
235,2026-01-01,1100.0
238,2026-01-01,1250.0
239,2026-01-01,1260.0
241,2026-01-01,260.0
242,2026-01-01,130.0
243,2026-01-01,280.0
244,2026-01-01,710.0
246,2026-01-01,1360.0
247,2026-01-01,370.0
249,2026-01-01,1300.0
250,2026-01-01,1070.0
251,2026-01-01,110.0
253,2026-01-01,280.0
254,2026-01-01,330.0
255,2026-01-01,740.0
256,2026-01-01,730.0
257,2026-01-01,230.0
258,2026-01-01,810.0
259,2026-01-01,670.0
260,2026-01-01,810.0
264,2026-01-01,360.0
266,2026-01-01,650.0
267,2026-01-01,1260.0
268,2026-01-01,170.0
269,2026-01-01,440.0
270,2026-01-01,1490.0
271,2026-01-01,980.0
273,2026-01-01,880.0
274,2026-01-01,290.0
275,2026-01-01,420.0
276,2026-01-01,700.0
277,2026-01-01,480.0
278,2026-01-01,470.0
279,2026-01-01,350.0
280,2026-01-01,330.0
281,2026-01-01,670.0
282,2026-01-01,720.0
283,2026-01-01,230.0
284,2026-01-01,520.0
285,2026-01-01,810.0
286,2026-01-01,1280.0
287,2026-01-01,320.0
290,2026-01-01,420.0
291,2026-01-01,270.0
293,2026-01-01,340.0
296,2026-01-01,1290.0
297,2026-01-01,460.0
298,2026-01-01,960.0
300,2026-01-01,270.0
301,2026-01-01,340.0
302,2026-01-01,830.0
305,2026-01-01,970.0
306,2026-01-01,280.0
308,2026-01-01,220.0
309,2026-01-01,140.0
311,2026-01-01,360.0
315,2026-01-01,500.0
316,2026-01-01,470.0
317,2026-01-01,920.0
318,2026-01-01,720.0
320,2026-01-01,270.0
321,2026-01-01,380.0
322,2026-01-01,1420.0
323,2026-01-01,1850.0
325,2026-01-01,1170.0
326,2026-01-01,310.0
328,2026-01-01,2990.0
329,2026-01-01,270.0
330,2026-01-01,620.0
332,2026-01-01,300.0
333,2026-01-01,730.0
334,2026-01-01,1580.0
337,2026-01-01,570.0
338,2026-01-01,450.0
340,2026-01-01,700.0
341,2026-01-01,220.0
342,2026-01-01,2360.0
344,2026-01-01,2510.0
345,2026-01-01,760.0
346,2026-01-01,2100.0
347,2026-01-01,1900.0
350,2026-01-01,620.0
351,2026-01-01,700.0
352,2026-01-01,4180.0
354,2026-01-01,310.0
358,2026-01-01,410.0
359,2026-01-01,230.0
360,2026-01-01,320.0
361,2026-01-01,590.0
363,2026-01-01,560.0
365,2026-01-01,800.0
366,2026-01-01,910.0
369,2026-01-01,960.0
370,2026-01-01,320.0
372,2026-01-01,310.0
373,2026-01-01,660.0
374,2026-01-01,530.0
375,2026-01-01,380.0
376,2026-01-01,530.0
377,2026-01-01,260.0
379,2026-01-01,870.0
381,2026-01-01,560.0
382,2026-01-01,1300.0
383,2026-01-01,580.0
384,2026-01-01,630.0
385,2026-01-01,840.0
386,2026-01-01,310.0
387,2026-01-01,1360.0
388,2026-01-01,240.0
389,2026-01-01,910.0
390,2026-01-01,350.0
393,2026-01-01,420.0
394,2026-01-01,360.0
396,2026-01-01,570.0
397,2026-01-01,450.0
398,2026-01-01,820.0
399,2026-01-01,350.0
400,2026-01-01,990.0
401,2026-01-01,440.0
403,2026-01-01,390.0
404,2026-01-01,160.0
405,2026-01-01,620.0
406,2026-01-01,310.0
407,2026-01-01,410.0
408,2026-01-01,420.0
409,2026-01-01,300.0
410,2026-01-01,1050.0
411,2026-01-01,620.0
412,2026-01-01,640.0
414,2026-01-01,120.0
416,2026-01-01,420.0
417,2026-01-01,740.0
419,2026-01-01,240.0
421,2026-01-01,1100.0
424,2026-01-01,400.0
426,2026-01-01,440.0
428,2026-01-01,310.0
429,2026-01-01,1170.0
430,2026-01-01,800.0
431,2026-01-01,270.0
432,2026-01-01,910.0
433,2026-01-01,1100.0
434,2026-01-01,520.0
435,2026-01-01,680.0
436,2026-01-01,360.0
438,2026-01-01,430.0
439,2026-01-01,430.0
441,2026-01-01,610.0
442,2026-01-01,250.0
443,2026-01-01,1840.0
444,2026-01-01,580.0
445,2026-01-01,390.0
446,2026-01-01,460.0
450,2026-01-01,350.0
451,2026-01-01,990.0
453,2026-01-01,440.0
455,2026-01-01,1360.0
456,2026-01-01,450.0
458,2026-01-01,220.0
459,2026-01-01,640.0
460,2026-01-01,270.0
461,2026-01-01,700.0
462,2026-01-01,580.0
463,2026-01-01,230.0
464,2026-01-01,1490.0
467,2026-01-01,740.0
468,2026-01-01,1580.0
469,2026-01-01,650.0
470,2026-01-01,370.0
472,2026-01-01,2090.0
474,2026-01-01,550.0
476,2026-01-01,620.0
477,2026-01-01,150.0
479,2026-01-01,940.0
482,2026-01-01,210.0
483,2026-01-01,340.0
484,2026-01-01,110.0
485,2026-01-01,730.0
486,2026-01-01,230.0
487,2026-01-01,560.0
491,2026-01-01,110.0
493,2026-01-01,150.0
494,2026-01-01,390.0
495,2026-01-01,1160.0
496,2026-01-01,980.0
497,2026-01-01,1080.0
498,2026-01-01,480.0
499,2026-01-01,930.0
501,2026-01-01,800.0
502,2026-01-01,750.0
503,2026-01-01,680.0
504,2026-01-01,880.0
509,2026-01-01,850.0
512,2026-01-01,630.0
514,2026-01-01,520.0
521,2026-01-01,300.0
522,2026-01-01,620.0
524,2026-01-01,390.0
525,2026-01-01,110.0
527,2026-01-01,340.0
529,2026-01-01,750.0
530,2026-01-01,1420.0
531,2026-01-01,450.0
534,2026-01-01,650.0
535,2026-01-01,1150.0
538,2026-01-01,390.0
541,2026-01-01,490.0
543,2026-01-01,280.0
544,2026-01-01,1050.0
546,2026-01-01,240.0
547,2026-01-01,230.0
548,2026-01-01,2170.0
549,2026-01-01,280.0
550,2026-01-01,420.0
551,2026-01-01,180.0
552,2026-01-01,420.0
553,2026-01-01,1130.0
554,2026-01-01,300.0
555,2026-01-01,360.0
556,2026-01-01,1100.0
558,2026-01-01,290.0
559,2026-01-01,270.0
561,2026-01-01,620.0
562,2026-01-01,260.0
563,2026-01-01,580.0
566,2026-01-01,370.0
567,2026-01-01,120.0
568,2026-01-01,540.0
570,2026-01-01,200.0
571,2026-01-01,630.0
572,2026-01-01,520.0
573,2026-01-01,290.0
574,2026-01-01,790.0
575,2026-01-01,260.0
576,2026-01-01,300.0
577,2026-01-01,530.0
578,2026-01-01,740.0
579,2026-01-01,1200.0
580,2026-01-01,430.0
582,2026-01-01,370.0
583,2026-01-01,1060.0
584,2026-01-01,120.0
585,2026-01-01,1060.0
586,2026-01-01,190.0
587,2026-01-01,360.0
590,2026-01-01,190.0
591,2026-01-01,780.0
592,2026-01-01,510.0
593,2026-01-01,800.0
595,2026-01-01,350.0
596,2026-01-01,370.0
597,2026-01-01,570.0
599,2026-01-01,450.0
601,2026-01-01,340.0
602,2026-01-01,260.0
605,2026-01-01,530.0
606,2026-01-01,490.0
607,2026-01-01,430.0
608,2026-01-01,190.0
610,2026-01-01,1370.0
611,2026-01-01,450.0
612,2026-01-01,460.0
613,2026-01-01,680.0
615,2026-01-01,290.0
616,2026-01-01,240.0
617,2026-01-01,730.0
618,2026-01-01,310.0
619,2026-01-01,300.0
621,2026-01-01,370.0
622,2026-01-01,380.0
623,2026-01-01,670.0
624,2026-01-01,310.0
626,2026-01-01,360.0
627,2026-01-01,570.0
628,2026-01-01,840.0
629,2026-01-01,540.0
631,2026-01-01,1010.0
633,2026-01-01,410.0
635,2026-01-01,760.0
636,2026-01-01,710.0
637,2026-01-01,1090.0
641,2026-01-01,300.0
642,2026-01-01,370.0
643,2026-01-01,600.0
644,2026-01-01,1260.0
646,2026-01-01,480.0
647,2026-01-01,290.0
648,2026-01-01,410.0
649,2026-01-01,560.0
650,2026-01-01,500.0
652,2026-01-01,440.0
653,2026-01-01,550.0
655,2026-01-01,770.0
656,2026-01-01,880.0
657,2026-01-01,760.0
658,2026-01-01,800.0
659,2026-01-01,380.0
661,2026-01-01,240.0
662,2026-01-01,460.0
663,2026-01-01,870.0
664,2026-01-01,360.0
666,2026-01-01,410.0
668,2026-01-01,290.0
669,2026-01-01,470.0
670,2026-01-01,600.0
672,2026-01-01,660.0
673,2026-01-01,190.0
674,2026-01-01,1780.0
676,2026-01-01,210.0
677,2026-01-01,550.0
678,2026-01-01,180.0
679,2026-01-01,990.0
680,2026-01-01,330.0
681,2026-01-01,2180.0
682,2026-01-01,220.0
683,2026-01-01,340.0
685,2026-01-01,650.0
686,2026-01-01,630.0
687,2026-01-01,120.0
689,2026-01-01,500.0
692,2026-01-01,430.0
693,2026-01-01,490.0
694,2026-01-01,300.0
695,2026-01-01,1220.0
697,2026-01-01,540.0
699,2026-01-01,430.0
701,2026-01-01,540.0
702,2026-01-01,560.0
703,2026-01-01,620.0
706,2026-01-01,260.0
707,2026-01-01,360.0
708,2026-01-01,410.0
711,2026-01-01,1020.0
712,2026-01-01,490.0
713,2026-01-01,1300.0
714,2026-01-01,570.0
715,2026-01-01,860.0
716,2026-01-01,730.0
717,2026-01-01,660.0
718,2026-01-01,780.0
719,2026-01-01,150.0
720,2026-01-01,600.0
721,2026-01-01,520.0
722,2026-01-01,450.0
723,2026-01-01,530.0
724,2026-01-01,440.0
726,2026-01-01,200.0
727,2026-01-01,1580.0
728,2026-01-01,2300.0
730,2026-01-01,450.0
731,2026-01-01,810.0
733,2026-01-01,410.0
734,2026-01-01,520.0
735,2026-01-01,140.0
736,2026-01-01,770.0
737,2026-01-01,830.0
738,2026-01-01,450.0
740,2026-01-01,390.0
742,2026-01-01,1810.0
743,2026-01-01,460.0
744,2026-01-01,360.0
745,2026-01-01,620.0
748,2026-01-01,420.0
749,2026-01-01,710.0
750,2026-01-01,470.0
752,2026-01-01,580.0
753,2026-01-01,580.0
754,2026-01-01,580.0
755,2026-01-01,110.0
757,2026-01-01,870.0
758,2026-01-01,250.0
759,2026-01-01,1670.0
760,2026-01-01,580.0
761,2026-01-01,350.0
762,2026-01-01,520.0
763,2026-01-01,550.0
764,2026-01-01,420.0
765,2026-01-01,280.0
766,2026-01-01,350.0
767,2026-01-01,210.0
768,2026-01-01,290.0
769,2026-01-01,110.0
770,2026-01-01,520.0
771,2026-01-01,620.0
772,2026-01-01,430.0
773,2026-01-01,310.0
775,2026-01-01,220.0
776,2026-01-01,180.0
777,2026-01-01,1450.0
779,2026-01-01,330.0
780,2026-01-01,2730.0
781,2026-01-01,720.0
783,2026-01-01,140.0
784,2026-01-01,530.0
785,2026-01-01,770.0
786,2026-01-01,340.0
787,2026-01-01,830.0
788,2026-01-01,550.0
790,2026-01-01,1020.0
791,2026-01-01,320.0
792,2026-01-01,510.0
795,2026-01-01,290.0
796,2026-01-01,840.0
797,2026-01-01,600.0
798,2026-01-01,560.0
799,2026-01-01,300.0
800,2026-01-01,600.0
801,2026-01-01,450.0
802,2026-01-01,170.0
803,2026-01-01,460.0
804,2026-01-01,400.0
807,2026-01-01,1470.0
808,2026-01-01,230.0
809,2026-01-01,1190.0
810,2026-01-01,1070.0
811,2026-01-01,700.0
812,2026-01-01,860.0
813,2026-01-01,660.0
816,2026-01-01,200.0
817,2026-01-01,330.0
818,2026-01-01,290.0
819,2026-01-01,490.0
820,2026-01-01,290.0
821,2026-01-01,390.0
822,2026-01-01,490.0
823,2026-01-01,180.0
825,2026-01-01,220.0
827,2026-01-01,420.0
828,2026-01-01,260.0
830,2026-01-01,430.0
831,2026-01-01,260.0
832,2026-01-01,330.0
833,2026-01-01,330.0
834,2026-01-01,550.0
835,2026-01-01,490.0
836,2026-01-01,170.0
837,2026-01-01,470.0
838,2026-01-01,480.0
839,2026-01-01,250.0
840,2026-01-01,840.0
841,2026-01-01,160.0
842,2026-01-01,960.0
843,2026-01-01,730.0
844,2026-01-01,500.0
845,2026-01-01,230.0
846,2026-01-01,430.0
847,2026-01-01,680.0
849,2026-01-01,110.0
850,2026-01-01,1130.0
851,2026-01-01,300.0
852,2026-01-01,950.0
853,2026-01-01,1900.0
854,2026-01-01,1800.0
856,2026-01-01,170.0
857,2026-01-01,1030.0
858,2026-01-01,320.0
859,2026-01-01,370.0
860,2026-01-01,610.0
861,2026-01-01,270.0
862,2026-01-01,520.0
863,2026-01-01,250.0
864,2026-01-01,190.0
865,2026-01-01,320.0
866,2026-01-01,360.0
867,2026-01-01,240.0
869,2026-01-01,590.0
870,2026-01-01,670.0
871,2026-01-01,820.0
872,2026-01-01,360.0
873,2026-01-01,400.0
875,2026-01-01,300.0
876,2026-01-01,550.0
877,2026-01-01,350.0
878,2026-01-01,480.0
880,2026-01-01,380.0
881,2026-01-01,140.0
882,2026-01-01,820.0
883,2026-01-01,590.0
884,2026-01-01,320.0
885,2026-01-01,480.0
886,2026-01-01,870.0
888,2026-01-01,1020.0
889,2026-01-01,300.0
890,2026-01-01,240.0
891,2026-01-01,1360.0
892,2026-01-01,820.0
893,2026-01-01,260.0
894,2026-01-01,590.0
895,2026-01-01,1470.0
896,2026-01-01,440.0
897,2026-01-01,1540.0
898,2026-01-01,730.0
899,2026-01-01,390.0
900,2026-01-01,410.0
901,2026-01-01,660.0
903,2026-01-01,710.0
904,2026-01-01,530.0
905,2026-01-01,390.0
906,2026-01-01,680.0
907,2026-01-01,330.0
908,2026-01-01,490.0
909,2026-01-01,1250.0
911,2026-01-01,420.0
912,2026-01-01,1470.0
913,2026-01-01,1580.0
914,2026-01-01,300.0
915,2026-01-01,660.0
916,2026-01-01,600.0
917,2026-01-01,500.0
918,2026-01-01,320.0
919,2026-01-01,280.0
921,2026-01-01,250.0
922,2026-01-01,740.0
923,2026-01-01,360.0
924,2026-01-01,1020.0
925,2026-01-01,110.0
926,2026-01-01,1260.0
927,2026-01-01,130.0
928,2026-01-01,440.0
929,2026-01-01,940.0
930,2026-01-01,160.0
931,2026-01-01,280.0
932,2026-01-01,480.0
933,2026-01-01,2490.0
934,2026-01-01,290.0
936,2026-01-01,430.0
937,2026-01-01,370.0
939,2026-01-01,330.0
940,2026-01-01,630.0
941,2026-01-01,480.0
942,2026-01-01,580.0
943,2026-01-01,420.0
944,2026-01-01,280.0
945,2026-01-01,790.0
947,2026-01-01,790.0
948,2026-01-01,1110.0
949,2026-01-01,760.0
950,2026-01-01,470.0
951,2026-01-01,260.0
953,2026-01-01,360.0
954,2026-01-01,180.0
955,2026-01-01,490.0
956,2026-01-01,880.0
957,2026-01-01,540.0
958,2026-01-01,270.0
959,2026-01-01,150.0
961,2026-01-01,300.0
962,2026-01-01,400.0
963,2026-01-01,250.0
964,2026-01-01,350.0
965,2026-01-01,700.0
966,2026-01-01,210.0
967,2026-01-01,400.0
970,2026-01-01,730.0
971,2026-01-01,1050.0
972,2026-01-01,140.0
973,2026-01-01,430.0
974,2026-01-01,240.0
975,2026-01-01,730.0
977,2026-01-01,270.0
978,2026-01-01,460.0
979,2026-01-01,700.0
980,2026-01-01,390.0
981,2026-01-01,360.0
982,2026-01-01,1200.0
983,2026-01-01,620.0
984,2026-01-01,450.0
985,2026-01-01,430.0
987,2026-01-01,450.0
988,2026-01-01,340.0
989,2026-01-01,580.0
990,2026-01-01,390.0
991,2026-01-01,1000.0
992,2026-01-01,410.0
994,2026-01-01,210.0
995,2026-01-01,910.0
996,2026-01-01,380.0
997,2026-01-01,390.0
998,2026-01-01,220.0
999,2026-01-01,510.0
1000,2026-01-01,540.0
1002,2026-01-01,530.0
1003,2026-01-01,260.0
1004,2026-01-01,410.0
1005,2026-01-01,660.0
1007,2026-01-01,590.0
1008,2026-01-01,1920.0
1009,2026-01-01,540.0
1010,2026-01-01,380.0
1011,2026-01-01,730.0
1012,2026-01-01,720.0
1013,2026-01-01,650.0
1014,2026-01-01,610.0
1015,2026-01-01,1080.0
1016,2026-01-01,350.0
1017,2026-01-01,660.0
1018,2026-01-01,570.0
1019,2026-01-01,320.0
1020,2026-01-01,720.0
1021,2026-01-01,590.0
1023,2026-01-01,1080.0
1024,2026-01-01,260.0
1025,2026-01-01,1570.0
1026,2026-01-01,110.0
1027,2026-01-01,1100.0
1028,2026-01-01,490.0
1029,2026-01-01,100.0
1030,2026-01-01,1020.0
1031,2026-01-01,850.0
1032,2026-01-01,1340.0
1033,2026-01-01,190.0
1034,2026-01-01,400.0
1035,2026-01-01,230.0
1036,2026-01-01,270.0
1037,2026-01-01,580.0
1038,2026-01-01,350.0
1039,2026-01-01,190.0
1041,2026-01-01,190.0
1042,2026-01-01,460.0
1043,2026-01-01,740.0
1044,2026-01-01,570.0
1045,2026-01-01,290.0
1046,2026-01-01,990.0
1047,2026-01-01,510.0
1048,2026-01-01,150.0
1049,2026-01-01,530.0
1050,2026-01-01,520.0
1051,2026-01-01,710.0
1052,2026-01-01,560.0
1053,2026-01-01,460.0
1054,2026-01-01,370.0
1055,2026-01-01,400.0
1056,2026-01-01,820.0
1057,2026-01-01,360.0
1058,2026-01-01,390.0
1059,2026-01-01,440.0
1060,2026-01-01,630.0
1061,2026-01-01,340.0
1062,2026-01-01,550.0
1063,2026-01-01,760.0
1064,2026-01-01,1370.0
1065,2026-01-01,370.0
1066,2026-01-01,590.0
1067,2026-01-01,370.0
1068,2026-01-01,580.0
1069,2026-01-01,440.0
1070,2026-01-01,920.0
1072,2026-01-01,420.0
1073,2026-01-01,720.0
1074,2026-01-01,300.0
1075,2026-01-01,450.0
1076,2026-01-01,1530.0
1077,2026-01-01,600.0
1078,2026-01-01,980.0
1079,2026-01-01,650.0
1080,2026-01-01,510.0
1081,2026-01-01,500.0
1082,2026-01-01,350.0
1083,2026-01-01,540.0
1085,2026-01-01,730.0
1086,2026-01-01,1130.0
1087,2026-01-01,290.0
1088,2026-01-01,280.0
1089,2026-01-01,760.0
1090,2026-01-01,560.0
1091,2026-01-01,240.0
1092,2026-01-01,200.0
1093,2026-01-01,240.0
1095,2026-01-01,200.0
1096,2026-01-01,250.0
1097,2026-01-01,190.0
1098,2026-01-01,530.0
1101,2026-01-01,180.0
1102,2026-01-01,740.0
1103,2026-01-01,640.0
1104,2026-01-01,420.0
1105,2026-01-01,230.0
1106,2026-01-01,1160.0
1107,2026-01-01,1660.0
1108,2026-01-01,1300.0
1109,2026-01-01,300.0
1110,2026-01-01,280.0
1111,2026-01-01,470.0
1112,2026-01-01,220.0
1113,2026-01-01,320.0
1114,2026-01-01,480.0
1115,2026-01-01,820.0
1116,2026-01-01,290.0
1117,2026-01-01,260.0
1118,2026-01-01,840.0
1119,2026-01-01,220.0
1120,2026-01-01,500.0
1121,2026-01-01,530.0
1122,2026-01-01,220.0
1123,2026-01-01,920.0
1124,2026-01-01,680.0
1125,2026-01-01,300.0
1126,2026-01-01,340.0
1127,2026-01-01,370.0
1128,2026-01-01,210.0
1129,2026-01-01,820.0
1130,2026-01-01,510.0
1131,2026-01-01,320.0
1132,2026-01-01,510.0
1133,2026-01-01,380.0
1134,2026-01-01,240.0
1135,2026-01-01,1360.0
1136,2026-01-01,390.0
1137,2026-01-01,410.0
1138,2026-01-01,680.0
1139,2026-01-01,450.0
1141,2026-01-01,970.0
1142,2026-01-01,830.0
1143,2026-01-01,390.0
1144,2026-01-01,390.0
1145,2026-01-01,180.0
1146,2026-01-01,1110.0
1147,2026-01-01,630.0
1148,2026-01-01,560.0
1149,2026-01-01,300.0
1150,2026-01-01,440.0
1151,2026-01-01,250.0
1152,2026-01-01,460.0
1153,2026-01-01,430.0
1154,2026-01-01,790.0
1155,2026-01-01,230.0
1156,2026-01-01,580.0
1157,2026-01-01,560.0
1158,2026-01-01,270.0
1159,2026-01-01,260.0
1160,2026-01-01,1000.0
1161,2026-01-01,470.0
1162,2026-01-01,220.0
1163,2026-01-01,380.0
1164,2026-01-01,410.0
1165,2026-01-01,1150.0
1166,2026-01-01,440.0
1167,2026-01-01,180.0
1168,2026-01-01,150.0
1169,2026-01-01,180.0
1170,2026-01-01,900.0
1171,2026-01-01,170.0
1172,2026-01-01,420.0
1173,2026-01-01,770.0
1174,2026-01-01,580.0
1175,2026-01-01,770.0
1176,2026-01-01,520.0
1177,2026-01-01,680.0
1178,2026-01-01,150.0
1179,2026-01-01,250.0
1180,2026-01-01,250.0
1181,2026-01-01,810.0
1182,2026-01-01,320.0
1183,2026-01-01,500.0
1184,2026-01-01,690.0
1185,2026-01-01,280.0
1186,2026-01-01,500.0
1187,2026-01-01,370.0
1188,2026-01-01,670.0
1189,2026-01-01,530.0
1190,2026-01-01,180.0
1191,2026-01-01,270.0
1192,2026-01-01,320.0
1193,2026-01-01,710.0
1194,2026-01-01,880.0
1195,2026-01-01,310.0
1196,2026-01-01,350.0
1197,2026-01-01,220.0
1198,2026-01-01,350.0
1199,2026-01-01,240.0
1200,2026-01-01,260.0
1201,2026-01-01,330.0
1202,2026-01-01,990.0
1203,2026-01-01,390.0
1204,2026-01-01,540.0
1205,2026-01-01,500.0
1206,2026-01-01,590.0
1207,2026-01-01,510.0
1208,2026-01-01,320.0
1209,2026-01-01,290.0
1210,2026-01-01,320.0
1211,2026-01-01,590.0
1212,2026-01-01,720.0
1213,2026-01-01,290.0
1214,2026-01-01,530.0
1215,2026-01-01,200.0
1216,2026-01-01,190.0
1217,2026-01-01,680.0
1218,2026-01-01,420.0
1219,2026-01-01,480.0
1220,2026-01-01,600.0
1221,2026-01-01,550.0
1222,2026-01-01,230.0
1223,2026-01-01,280.0
1224,2026-01-01,290.0
1225,2026-01-01,1150.0
1226,2026-01-01,780.0
1227,2026-01-01,560.0
1228,2026-01-01,360.0
1229,2026-01-01,220.0
1230,2026-01-01,460.0
1231,2026-01-01,690.0
1232,2026-01-01,220.0
1233,2026-01-01,400.0
1234,2026-01-01,160.0
1235,2026-01-01,920.0
1236,2026-01-01,330.0
1237,2026-01-01,230.0
1238,2026-01-01,990.0
1239,2026-01-01,790.0
1240,2026-01-01,1210.0
1241,2026-01-01,200.0
1242,2026-01-01,640.0
1243,2026-01-01,260.0
1244,2026-01-01,470.0
1245,2026-01-01,560.0
1246,2026-01-01,440.0
1,2026-02-01,340.0
5,2026-02-01,720.0
7,2026-02-01,1180.0
8,2026-02-01,70.0
9,2026-02-01,400.0
11,2026-02-01,1180.0
12,2026-02-01,1120.0
13,2026-02-01,320.0
14,2026-02-01,870.0
16,2026-02-01,3650.0
17,2026-02-01,710.0
19,2026-02-01,840.0
20,2026-02-01,360.0
21,2026-02-01,650.0
22,2026-02-01,1170.0
24,2026-02-01,730.0
25,2026-02-01,720.0
26,2026-02-01,1290.0
27,2026-02-01,720.0
28,2026-02-01,230.0
32,2026-02-01,360.0
33,2026-02-01,1860.0
36,2026-02-01,650.0
39,2026-02-01,200.0
40,2026-02-01,1240.0
42,2026-02-01,700.0
47,2026-02-01,1110.0
49,2026-02-01,550.0
52,2026-02-01,2520.0
55,2026-02-01,800.0
56,2026-02-01,620.0
58,2026-02-01,270.0
62,2026-02-01,550.0
63,2026-02-01,410.0
64,2026-02-01,430.0
65,2026-02-01,820.0
67,2026-02-01,1700.0
68,2026-02-01,930.0
72,2026-02-01,170.0
74,2026-02-01,1110.0
75,2026-02-01,500.0
81,2026-02-01,610.0
83,2026-02-01,1120.0
84,2026-02-01,460.0
86,2026-02-01,570.0
87,2026-02-01,540.0
90,2026-02-01,790.0
92,2026-02-01,1360.0
94,2026-02-01,210.0
95,2026-02-01,240.0
97,2026-02-01,430.0
98,2026-02-01,440.0
99,2026-02-01,1370.0
100,2026-02-01,1250.0
105,2026-02-01,260.0
106,2026-02-01,1480.0
107,2026-02-01,750.0
112,2026-02-01,1570.0
113,2026-02-01,440.0
114,2026-02-01,2020.0
115,2026-02-01,350.0
116,2026-02-01,1030.0
117,2026-02-01,420.0
119,2026-02-01,690.0
121,2026-02-01,350.0
123,2026-02-01,190.0
125,2026-02-01,1170.0
126,2026-02-01,890.0
127,2026-02-01,890.0
128,2026-02-01,750.0
129,2026-02-01,1070.0
130,2026-02-01,520.0
133,2026-02-01,680.0
134,2026-02-01,880.0
135,2026-02-01,1240.0
136,2026-02-01,500.0
138,2026-02-01,3150.0
139,2026-02-01,650.0
141,2026-02-01,1010.0
143,2026-02-01,280.0
144,2026-02-01,180.0
145,2026-02-01,960.0
148,2026-02-01,480.0
151,2026-02-01,360.0
152,2026-02-01,410.0
153,2026-02-01,280.0
155,2026-02-01,360.0
156,2026-02-01,430.0
157,2026-02-01,440.0
160,2026-02-01,730.0
161,2026-02-01,740.0
165,2026-02-01,660.0
166,2026-02-01,410.0
168,2026-02-01,430.0
170,2026-02-01,640.0
172,2026-02-01,500.0
173,2026-02-01,440.0
174,2026-02-01,670.0
175,2026-02-01,180.0
178,2026-02-01,300.0
180,2026-02-01,670.0
182,2026-02-01,1610.0
184,2026-02-01,1030.0
185,2026-02-01,220.0
187,2026-02-01,380.0
189,2026-02-01,610.0
190,2026-02-01,440.0
191,2026-02-01,760.0
192,2026-02-01,530.0
193,2026-02-01,350.0
194,2026-02-01,1350.0
195,2026-02-01,970.0
196,2026-02-01,420.0
197,2026-02-01,240.0
198,2026-02-01,380.0
199,2026-02-01,1160.0
200,2026-02-01,290.0
201,2026-02-01,530.0
202,2026-02-01,260.0
206,2026-02-01,760.0
207,2026-02-01,1520.0
209,2026-02-01,510.0
211,2026-02-01,550.0
212,2026-02-01,790.0
213,2026-02-01,420.0
214,2026-02-01,960.0
216,2026-02-01,1670.0
218,2026-02-01,220.0
219,2026-02-01,470.0
220,2026-02-01,1570.0
222,2026-02-01,390.0
223,2026-02-01,1370.0
226,2026-02-01,850.0
229,2026-02-01,570.0
231,2026-02-01,630.0
232,2026-02-01,260.0
233,2026-02-01,350.0
234,2026-02-01,390.0
235,2026-02-01,1100.0
238,2026-02-01,1250.0
239,2026-02-01,1260.0
241,2026-02-01,260.0
242,2026-02-01,130.0
243,2026-02-01,280.0
244,2026-02-01,710.0
246,2026-02-01,1360.0
247,2026-02-01,370.0
249,2026-02-01,1300.0
250,2026-02-01,1070.0
251,2026-02-01,110.0
253,2026-02-01,280.0
254,2026-02-01,330.0
255,2026-02-01,740.0
256,2026-02-01,730.0
257,2026-02-01,230.0
258,2026-02-01,810.0
259,2026-02-01,670.0
260,2026-02-01,810.0
264,2026-02-01,360.0
266,2026-02-01,650.0
267,2026-02-01,1260.0
268,2026-02-01,170.0
269,2026-02-01,440.0
270,2026-02-01,1490.0
271,2026-02-01,980.0
273,2026-02-01,880.0
274,2026-02-01,290.0
275,2026-02-01,420.0
276,2026-02-01,700.0
277,2026-02-01,480.0
278,2026-02-01,470.0
279,2026-02-01,350.0
280,2026-02-01,330.0
281,2026-02-01,670.0
282,2026-02-01,720.0
283,2026-02-01,230.0
284,2026-02-01,520.0
285,2026-02-01,810.0
286,2026-02-01,1280.0
287,2026-02-01,320.0
290,2026-02-01,420.0
291,2026-02-01,270.0
293,2026-02-01,340.0
296,2026-02-01,1290.0
297,2026-02-01,460.0
298,2026-02-01,960.0
300,2026-02-01,270.0
301,2026-02-01,340.0
302,2026-02-01,830.0
305,2026-02-01,970.0
306,2026-02-01,280.0
308,2026-02-01,220.0
309,2026-02-01,140.0
311,2026-02-01,360.0
315,2026-02-01,500.0
316,2026-02-01,470.0
317,2026-02-01,920.0
318,2026-02-01,720.0
320,2026-02-01,320.0
321,2026-02-01,380.0
322,2026-02-01,1420.0
323,2026-02-01,1850.0
325,2026-02-01,1170.0
326,2026-02-01,310.0
328,2026-02-01,2990.0
329,2026-02-01,270.0
330,2026-02-01,620.0
332,2026-02-01,300.0
333,2026-02-01,730.0
334,2026-02-01,1950.0
337,2026-02-01,570.0
338,2026-02-01,550.0
340,2026-02-01,700.0
341,2026-02-01,220.0
342,2026-02-01,2360.0
344,2026-02-01,2510.0
345,2026-02-01,760.0
346,2026-02-01,2100.0
347,2026-02-01,1900.0
350,2026-02-01,620.0
351,2026-02-01,700.0
352,2026-02-01,4180.0
354,2026-02-01,310.0
358,2026-02-01,410.0
359,2026-02-01,230.0
360,2026-02-01,320.0
361,2026-02-01,590.0
363,2026-02-01,830.0
365,2026-02-01,1110.0
366,2026-02-01,910.0
369,2026-02-01,960.0
370,2026-02-01,440.0
372,2026-02-01,310.0
373,2026-02-01,660.0
374,2026-02-01,530.0
375,2026-02-01,380.0
376,2026-02-01,530.0
377,2026-02-01,190.0
379,2026-02-01,870.0
381,2026-02-01,780.0
383,2026-02-01,820.0
384,2026-02-01,630.0
385,2026-02-01,840.0
386,2026-02-01,310.0
387,2026-02-01,1360.0
388,2026-02-01,240.0
389,2026-02-01,910.0
390,2026-02-01,350.0
393,2026-02-01,420.0
394,2026-02-01,360.0
396,2026-02-01,570.0
397,2026-02-01,450.0
398,2026-02-01,820.0
399,2026-02-01,350.0
400,2026-02-01,990.0
401,2026-02-01,440.0
403,2026-02-01,390.0
404,2026-02-01,160.0
405,2026-02-01,620.0
406,2026-02-01,310.0
407,2026-02-01,410.0
408,2026-02-01,420.0
409,2026-02-01,300.0
410,2026-02-01,1050.0
411,2026-02-01,620.0
412,2026-02-01,640.0
414,2026-02-01,120.0
416,2026-02-01,420.0
417,2026-02-01,740.0
419,2026-02-01,240.0
421,2026-02-01,1100.0
424,2026-02-01,400.0
426,2026-02-01,440.0
428,2026-02-01,310.0
429,2026-02-01,1170.0
430,2026-02-01,800.0
431,2026-02-01,270.0
432,2026-02-01,910.0
433,2026-02-01,1100.0
434,2026-02-01,520.0
435,2026-02-01,680.0
436,2026-02-01,360.0
438,2026-02-01,430.0
441,2026-02-01,510.0
442,2026-02-01,250.0
443,2026-02-01,2170.0
444,2026-02-01,580.0
445,2026-02-01,390.0
446,2026-02-01,460.0
450,2026-02-01,350.0
451,2026-02-01,990.0
453,2026-02-01,440.0
455,2026-02-01,1360.0
456,2026-02-01,450.0
458,2026-02-01,220.0
459,2026-02-01,640.0
460,2026-02-01,270.0
461,2026-02-01,700.0
462,2026-02-01,580.0
463,2026-02-01,230.0
464,2026-02-01,1490.0
467,2026-02-01,740.0
468,2026-02-01,1580.0
469,2026-02-01,650.0
470,2026-02-01,370.0
472,2026-02-01,2090.0
474,2026-02-01,550.0
476,2026-02-01,620.0
477,2026-02-01,150.0
479,2026-02-01,940.0
482,2026-02-01,210.0
483,2026-02-01,340.0
484,2026-02-01,110.0
485,2026-02-01,730.0
486,2026-02-01,230.0
487,2026-02-01,560.0
491,2026-02-01,110.0
493,2026-02-01,150.0
494,2026-02-01,390.0
495,2026-02-01,1160.0
496,2026-02-01,980.0
497,2026-02-01,1080.0
498,2026-02-01,480.0
499,2026-02-01,930.0
501,2026-02-01,800.0
502,2026-02-01,750.0
503,2026-02-01,680.0
504,2026-02-01,1240.0
509,2026-02-01,850.0
512,2026-02-01,630.0
514,2026-02-01,520.0
521,2026-02-01,300.0
522,2026-02-01,620.0
524,2026-02-01,390.0
525,2026-02-01,110.0
527,2026-02-01,340.0
529,2026-02-01,750.0
530,2026-02-01,1420.0
531,2026-02-01,450.0
534,2026-02-01,650.0
535,2026-02-01,1150.0
538,2026-02-01,560.0
541,2026-02-01,490.0
543,2026-02-01,280.0
544,2026-02-01,1050.0
546,2026-02-01,240.0
547,2026-02-01,230.0
548,2026-02-01,2170.0
549,2026-02-01,280.0
550,2026-02-01,420.0
551,2026-02-01,180.0
552,2026-02-01,420.0
553,2026-02-01,1130.0
554,2026-02-01,300.0
555,2026-02-01,360.0
556,2026-02-01,1100.0
558,2026-02-01,290.0
559,2026-02-01,270.0
561,2026-02-01,620.0
562,2026-02-01,260.0
563,2026-02-01,580.0
566,2026-02-01,370.0
567,2026-02-01,120.0
568,2026-02-01,540.0
570,2026-02-01,200.0
571,2026-02-01,630.0
572,2026-02-01,520.0
573,2026-02-01,290.0
574,2026-02-01,790.0
575,2026-02-01,260.0
576,2026-02-01,300.0
577,2026-02-01,530.0
578,2026-02-01,740.0
579,2026-02-01,1200.0
580,2026-02-01,430.0
582,2026-02-01,370.0
583,2026-02-01,1060.0
584,2026-02-01,120.0
585,2026-02-01,1060.0
586,2026-02-01,190.0
587,2026-02-01,360.0
590,2026-02-01,190.0
591,2026-02-01,780.0
592,2026-02-01,510.0
593,2026-02-01,800.0
595,2026-02-01,350.0
597,2026-02-01,570.0
599,2026-02-01,450.0
601,2026-02-01,340.0
602,2026-02-01,260.0
605,2026-02-01,530.0
606,2026-02-01,490.0
607,2026-02-01,430.0
608,2026-02-01,190.0
610,2026-02-01,1370.0
611,2026-02-01,450.0
612,2026-02-01,460.0
613,2026-02-01,880.0
615,2026-02-01,290.0
616,2026-02-01,170.0
617,2026-02-01,730.0
618,2026-02-01,250.0
619,2026-02-01,300.0
621,2026-02-01,370.0
622,2026-02-01,380.0
623,2026-02-01,670.0
624,2026-02-01,310.0
626,2026-02-01,360.0
627,2026-02-01,830.0
628,2026-02-01,840.0
629,2026-02-01,540.0
631,2026-02-01,1010.0
633,2026-02-01,410.0
635,2026-02-01,760.0
636,2026-02-01,710.0
637,2026-02-01,1090.0
641,2026-02-01,300.0
642,2026-02-01,370.0
643,2026-02-01,600.0
644,2026-02-01,1260.0
646,2026-02-01,480.0
647,2026-02-01,290.0
648,2026-02-01,500.0
649,2026-02-01,560.0
650,2026-02-01,500.0
652,2026-02-01,520.0
653,2026-02-01,550.0
655,2026-02-01,770.0
656,2026-02-01,880.0
657,2026-02-01,760.0
658,2026-02-01,800.0
659,2026-02-01,380.0
661,2026-02-01,240.0
662,2026-02-01,460.0
663,2026-02-01,870.0
664,2026-02-01,360.0
666,2026-02-01,410.0
668,2026-02-01,290.0
669,2026-02-01,470.0
670,2026-02-01,600.0
672,2026-02-01,660.0
673,2026-02-01,190.0
674,2026-02-01,1780.0
676,2026-02-01,210.0
677,2026-02-01,550.0
678,2026-02-01,180.0
679,2026-02-01,1140.0
680,2026-02-01,330.0
681,2026-02-01,2180.0
682,2026-02-01,220.0
683,2026-02-01,340.0
685,2026-02-01,650.0
686,2026-02-01,630.0
687,2026-02-01,120.0
689,2026-02-01,500.0
692,2026-02-01,430.0
693,2026-02-01,490.0
694,2026-02-01,300.0
695,2026-02-01,1220.0
697,2026-02-01,540.0
699,2026-02-01,430.0
701,2026-02-01,540.0
702,2026-02-01,560.0
703,2026-02-01,620.0
706,2026-02-01,260.0
707,2026-02-01,360.0
708,2026-02-01,410.0
711,2026-02-01,1020.0
712,2026-02-01,490.0
713,2026-02-01,1300.0
714,2026-02-01,570.0
715,2026-02-01,860.0
716,2026-02-01,870.0
717,2026-02-01,660.0
718,2026-02-01,780.0
719,2026-02-01,210.0
720,2026-02-01,600.0
721,2026-02-01,520.0
722,2026-02-01,450.0
723,2026-02-01,530.0
724,2026-02-01,440.0
726,2026-02-01,200.0
727,2026-02-01,1580.0
728,2026-02-01,2300.0
730,2026-02-01,660.0
731,2026-02-01,810.0
733,2026-02-01,410.0
734,2026-02-01,520.0
735,2026-02-01,140.0
736,2026-02-01,770.0
737,2026-02-01,830.0
738,2026-02-01,450.0
740,2026-02-01,390.0
742,2026-02-01,1810.0
743,2026-02-01,460.0
744,2026-02-01,360.0
745,2026-02-01,620.0
748,2026-02-01,420.0
749,2026-02-01,710.0
750,2026-02-01,470.0
752,2026-02-01,580.0
753,2026-02-01,580.0
754,2026-02-01,580.0
755,2026-02-01,110.0
757,2026-02-01,870.0
758,2026-02-01,250.0
759,2026-02-01,1670.0
760,2026-02-01,580.0
761,2026-02-01,350.0
762,2026-02-01,520.0
763,2026-02-01,550.0
764,2026-02-01,510.0
766,2026-02-01,450.0
768,2026-02-01,290.0
769,2026-02-01,110.0
770,2026-02-01,520.0
771,2026-02-01,620.0
772,2026-02-01,430.0
775,2026-02-01,220.0
776,2026-02-01,180.0
777,2026-02-01,1450.0
779,2026-02-01,330.0
780,2026-02-01,2730.0
781,2026-02-01,720.0
783,2026-02-01,140.0
784,2026-02-01,530.0
785,2026-02-01,770.0
786,2026-02-01,340.0
787,2026-02-01,830.0
788,2026-02-01,550.0
790,2026-02-01,1020.0
791,2026-02-01,320.0
792,2026-02-01,510.0
795,2026-02-01,290.0
796,2026-02-01,840.0
797,2026-02-01,600.0
798,2026-02-01,560.0
799,2026-02-01,300.0
800,2026-02-01,600.0
802,2026-02-01,170.0
803,2026-02-01,460.0
804,2026-02-01,400.0
807,2026-02-01,1470.0
808,2026-02-01,230.0
809,2026-02-01,1190.0
810,2026-02-01,1070.0
811,2026-02-01,700.0
812,2026-02-01,860.0
813,2026-02-01,660.0
816,2026-02-01,200.0
817,2026-02-01,330.0
818,2026-02-01,290.0
819,2026-02-01,490.0
820,2026-02-01,210.0
821,2026-02-01,390.0
822,2026-02-01,490.0
823,2026-02-01,180.0
825,2026-02-01,220.0
827,2026-02-01,420.0
828,2026-02-01,260.0
830,2026-02-01,430.0
831,2026-02-01,260.0
832,2026-02-01,330.0
833,2026-02-01,330.0
834,2026-02-01,550.0
835,2026-02-01,490.0
836,2026-02-01,170.0
837,2026-02-01,470.0
838,2026-02-01,480.0
839,2026-02-01,250.0
840,2026-02-01,840.0
841,2026-02-01,160.0
842,2026-02-01,1360.0
843,2026-02-01,730.0
844,2026-02-01,500.0
845,2026-02-01,230.0
846,2026-02-01,430.0
847,2026-02-01,680.0
849,2026-02-01,110.0
850,2026-02-01,1130.0
851,2026-02-01,300.0
852,2026-02-01,950.0
853,2026-02-01,1900.0
854,2026-02-01,1800.0
856,2026-02-01,170.0
857,2026-02-01,1030.0
858,2026-02-01,320.0
859,2026-02-01,370.0
860,2026-02-01,610.0
861,2026-02-01,270.0
862,2026-02-01,520.0
863,2026-02-01,250.0
864,2026-02-01,190.0
865,2026-02-01,320.0
866,2026-02-01,360.0
867,2026-02-01,240.0
869,2026-02-01,590.0
870,2026-02-01,670.0
871,2026-02-01,820.0
872,2026-02-01,360.0
873,2026-02-01,400.0
875,2026-02-01,300.0
876,2026-02-01,550.0
877,2026-02-01,350.0
878,2026-02-01,480.0
880,2026-02-01,380.0
881,2026-02-01,140.0
882,2026-02-01,820.0
883,2026-02-01,590.0
884,2026-02-01,320.0
885,2026-02-01,480.0
886,2026-02-01,870.0
888,2026-02-01,1020.0
889,2026-02-01,300.0
890,2026-02-01,240.0
891,2026-02-01,1360.0
892,2026-02-01,820.0
893,2026-02-01,260.0
894,2026-02-01,590.0
895,2026-02-01,1470.0
896,2026-02-01,440.0
897,2026-02-01,1540.0
898,2026-02-01,730.0
899,2026-02-01,390.0
900,2026-02-01,410.0
901,2026-02-01,660.0
903,2026-02-01,710.0
904,2026-02-01,530.0
905,2026-02-01,390.0
906,2026-02-01,680.0
907,2026-02-01,330.0
908,2026-02-01,490.0
909,2026-02-01,1250.0
911,2026-02-01,420.0
912,2026-02-01,1470.0
913,2026-02-01,1580.0
914,2026-02-01,300.0
915,2026-02-01,660.0
916,2026-02-01,600.0
917,2026-02-01,500.0
918,2026-02-01,320.0
919,2026-02-01,280.0
921,2026-02-01,250.0
922,2026-02-01,740.0
923,2026-02-01,360.0
925,2026-02-01,110.0
926,2026-02-01,1260.0
927,2026-02-01,130.0
928,2026-02-01,440.0
929,2026-02-01,940.0
930,2026-02-01,160.0
931,2026-02-01,280.0
932,2026-02-01,480.0
933,2026-02-01,2490.0
934,2026-02-01,290.0
936,2026-02-01,430.0
937,2026-02-01,370.0
939,2026-02-01,330.0
940,2026-02-01,630.0
941,2026-02-01,480.0
942,2026-02-01,580.0
943,2026-02-01,420.0
944,2026-02-01,280.0
945,2026-02-01,790.0
947,2026-02-01,790.0
948,2026-02-01,1110.0
949,2026-02-01,760.0
950,2026-02-01,470.0
951,2026-02-01,260.0
953,2026-02-01,360.0
955,2026-02-01,490.0
956,2026-02-01,880.0
957,2026-02-01,540.0
958,2026-02-01,270.0
959,2026-02-01,150.0
961,2026-02-01,300.0
962,2026-02-01,400.0
963,2026-02-01,250.0
964,2026-02-01,350.0
965,2026-02-01,700.0
966,2026-02-01,210.0
967,2026-02-01,400.0
970,2026-02-01,730.0
971,2026-02-01,1050.0
972,2026-02-01,140.0
973,2026-02-01,430.0
974,2026-02-01,240.0
975,2026-02-01,730.0
977,2026-02-01,270.0
978,2026-02-01,460.0
979,2026-02-01,700.0
980,2026-02-01,390.0
981,2026-02-01,360.0
982,2026-02-01,1200.0
983,2026-02-01,620.0
984,2026-02-01,450.0
985,2026-02-01,430.0
987,2026-02-01,450.0
988,2026-02-01,340.0
989,2026-02-01,580.0
990,2026-02-01,470.0
991,2026-02-01,1000.0
992,2026-02-01,410.0
994,2026-02-01,210.0
995,2026-02-01,910.0
996,2026-02-01,380.0
997,2026-02-01,390.0
998,2026-02-01,220.0
999,2026-02-01,510.0
1000,2026-02-01,790.0
1002,2026-02-01,530.0
1003,2026-02-01,220.0
1004,2026-02-01,410.0
1005,2026-02-01,660.0
1007,2026-02-01,590.0
1009,2026-02-01,540.0
1010,2026-02-01,380.0
1011,2026-02-01,730.0
1012,2026-02-01,720.0
1013,2026-02-01,650.0
1014,2026-02-01,610.0
1015,2026-02-01,1080.0
1016,2026-02-01,350.0
1017,2026-02-01,660.0
1018,2026-02-01,570.0
1019,2026-02-01,320.0
1020,2026-02-01,720.0
1021,2026-02-01,590.0
1023,2026-02-01,1080.0
1024,2026-02-01,260.0
1025,2026-02-01,1570.0
1026,2026-02-01,110.0
1027,2026-02-01,1100.0
1028,2026-02-01,490.0
1029,2026-02-01,100.0
1030,2026-02-01,1020.0
1031,2026-02-01,850.0
1032,2026-02-01,1340.0
1033,2026-02-01,190.0
1034,2026-02-01,400.0
1035,2026-02-01,230.0
1036,2026-02-01,270.0
1037,2026-02-01,580.0
1038,2026-02-01,350.0
1039,2026-02-01,190.0
1041,2026-02-01,190.0
1042,2026-02-01,460.0
1043,2026-02-01,740.0
1044,2026-02-01,570.0
1045,2026-02-01,290.0
1046,2026-02-01,990.0
1047,2026-02-01,510.0
1049,2026-02-01,530.0
1050,2026-02-01,520.0
1051,2026-02-01,710.0
1052,2026-02-01,560.0
1053,2026-02-01,460.0
1054,2026-02-01,370.0
1055,2026-02-01,400.0
1056,2026-02-01,820.0
1057,2026-02-01,360.0
1058,2026-02-01,390.0
1059,2026-02-01,440.0
1060,2026-02-01,630.0
1061,2026-02-01,340.0
1062,2026-02-01,550.0
1063,2026-02-01,760.0
1064,2026-02-01,1760.0
1065,2026-02-01,370.0
1066,2026-02-01,590.0
1067,2026-02-01,370.0
1068,2026-02-01,580.0
1069,2026-02-01,440.0
1070,2026-02-01,920.0
1072,2026-02-01,420.0
1073,2026-02-01,720.0
1074,2026-02-01,360.0
1075,2026-02-01,650.0
1076,2026-02-01,1530.0
1077,2026-02-01,600.0
1078,2026-02-01,980.0
1079,2026-02-01,650.0
1080,2026-02-01,510.0
1081,2026-02-01,500.0
1082,2026-02-01,350.0
1083,2026-02-01,540.0
1085,2026-02-01,730.0
1086,2026-02-01,1130.0
1087,2026-02-01,290.0
1088,2026-02-01,280.0
1089,2026-02-01,760.0
1090,2026-02-01,560.0
1091,2026-02-01,240.0
1092,2026-02-01,200.0
1093,2026-02-01,240.0
1095,2026-02-01,200.0
1096,2026-02-01,250.0
1097,2026-02-01,190.0
1098,2026-02-01,530.0
1101,2026-02-01,180.0
1102,2026-02-01,740.0
1103,2026-02-01,640.0
1104,2026-02-01,420.0
1105,2026-02-01,230.0
1106,2026-02-01,1160.0
1107,2026-02-01,1660.0
1108,2026-02-01,1300.0
1109,2026-02-01,300.0
1110,2026-02-01,280.0
1111,2026-02-01,470.0
1112,2026-02-01,170.0
1113,2026-02-01,320.0
1114,2026-02-01,480.0
1115,2026-02-01,820.0
1116,2026-02-01,290.0
1117,2026-02-01,260.0
1118,2026-02-01,840.0
1119,2026-02-01,220.0
1120,2026-02-01,500.0
1121,2026-02-01,530.0
1122,2026-02-01,220.0
1123,2026-02-01,920.0
1124,2026-02-01,680.0
1125,2026-02-01,300.0
1126,2026-02-01,340.0
1127,2026-02-01,370.0
1128,2026-02-01,210.0
1129,2026-02-01,820.0
1130,2026-02-01,510.0
1131,2026-02-01,320.0
1132,2026-02-01,510.0
1133,2026-02-01,380.0
1134,2026-02-01,240.0
1135,2026-02-01,1360.0
1136,2026-02-01,390.0
1137,2026-02-01,410.0
1138,2026-02-01,530.0
1139,2026-02-01,450.0
1141,2026-02-01,970.0
1142,2026-02-01,830.0
1143,2026-02-01,390.0
1144,2026-02-01,390.0
1145,2026-02-01,180.0
1146,2026-02-01,1110.0
1147,2026-02-01,630.0
1148,2026-02-01,560.0
1149,2026-02-01,300.0
1150,2026-02-01,440.0
1151,2026-02-01,250.0
1152,2026-02-01,460.0
1153,2026-02-01,430.0
1154,2026-02-01,790.0
1155,2026-02-01,230.0
1156,2026-02-01,580.0
1157,2026-02-01,560.0
1158,2026-02-01,270.0
1159,2026-02-01,260.0
1160,2026-02-01,1000.0
1161,2026-02-01,470.0
1162,2026-02-01,220.0
1163,2026-02-01,380.0
1164,2026-02-01,320.0
1165,2026-02-01,1150.0
1166,2026-02-01,440.0
1167,2026-02-01,180.0
1168,2026-02-01,150.0
1169,2026-02-01,140.0
1170,2026-02-01,900.0
1171,2026-02-01,170.0
1172,2026-02-01,420.0
1173,2026-02-01,770.0
1174,2026-02-01,580.0
1175,2026-02-01,770.0
1176,2026-02-01,520.0
1177,2026-02-01,680.0
1178,2026-02-01,150.0
1179,2026-02-01,250.0
1180,2026-02-01,250.0
1181,2026-02-01,810.0
1182,2026-02-01,320.0
1183,2026-02-01,500.0
1184,2026-02-01,690.0
1185,2026-02-01,280.0
1186,2026-02-01,680.0
1187,2026-02-01,370.0
1188,2026-02-01,670.0
1189,2026-02-01,530.0
1190,2026-02-01,180.0
1191,2026-02-01,270.0
1192,2026-02-01,320.0
1193,2026-02-01,710.0
1194,2026-02-01,880.0
1195,2026-02-01,310.0
1196,2026-02-01,350.0
1197,2026-02-01,220.0
1198,2026-02-01,350.0
1199,2026-02-01,240.0
1200,2026-02-01,260.0
1201,2026-02-01,330.0
1202,2026-02-01,990.0
1203,2026-02-01,390.0
1204,2026-02-01,540.0
1205,2026-02-01,630.0
1206,2026-02-01,590.0
1207,2026-02-01,510.0
1208,2026-02-01,420.0
1209,2026-02-01,290.0
1210,2026-02-01,320.0
1211,2026-02-01,590.0
1212,2026-02-01,720.0
1213,2026-02-01,290.0
1214,2026-02-01,530.0
1215,2026-02-01,200.0
1216,2026-02-01,190.0
1217,2026-02-01,680.0
1218,2026-02-01,420.0
1219,2026-02-01,480.0
1220,2026-02-01,600.0
1221,2026-02-01,550.0
1222,2026-02-01,230.0
1224,2026-02-01,290.0
1225,2026-02-01,1150.0
1226,2026-02-01,780.0
1227,2026-02-01,560.0
1228,2026-02-01,490.0
1229,2026-02-01,220.0
1230,2026-02-01,460.0
1231,2026-02-01,690.0
1232,2026-02-01,220.0
1233,2026-02-01,400.0
1234,2026-02-01,160.0
1235,2026-02-01,920.0
1236,2026-02-01,330.0
1237,2026-02-01,230.0
1238,2026-02-01,990.0
1239,2026-02-01,790.0
1240,2026-02-01,1210.0
1241,2026-02-01,200.0
1242,2026-02-01,640.0
1243,2026-02-01,260.0
1244,2026-02-01,650.0
1245,2026-02-01,560.0
1246,2026-02-01,440.0
1247,2026-02-01,320.0
1248,2026-02-01,440.0
1249,2026-02-01,1850.0
1250,2026-02-01,360.0
1251,2026-02-01,340.0
1252,2026-02-01,460.0
1253,2026-02-01,570.0
1254,2026-02-01,340.0
1255,2026-02-01,360.0
1256,2026-02-01,1340.0
1257,2026-02-01,700.0
1258,2026-02-01,590.0
1259,2026-02-01,720.0
1260,2026-02-01,590.0
1261,2026-02-01,250.0
1262,2026-02-01,520.0
1263,2026-02-01,180.0
1264,2026-02-01,430.0
1265,2026-02-01,330.0
1266,2026-02-01,280.0
1267,2026-02-01,840.0
1268,2026-02-01,680.0
1269,2026-02-01,570.0
1270,2026-02-01,370.0
1271,2026-02-01,890.0
1272,2026-02-01,520.0
1273,2026-02-01,1060.0
1274,2026-02-01,240.0
1275,2026-02-01,1570.0
1276,2026-02-01,100.0
1277,2026-02-01,330.0
1278,2026-02-01,250.0
1279,2026-02-01,350.0
1280,2026-02-01,480.0
1281,2026-02-01,240.0
1282,2026-02-01,230.0
1283,2026-02-01,330.0
1284,2026-02-01,730.0
1285,2026-02-01,190.0
1286,2026-02-01,420.0
1287,2026-02-01,730.0
1288,2026-02-01,950.0
1289,2026-02-01,400.0
1290,2026-02-01,1010.0
1291,2026-02-01,320.0
1292,2026-02-01,310.0
1293,2026-02-01,410.0
1294,2026-02-01,250.0
1295,2026-02-01,450.0
1296,2026-02-01,1260.0
1297,2026-02-01,250.0
1298,2026-02-01,430.0
1299,2026-02-01,120.0
1,2026-03-01,340.0
5,2026-03-01,720.0
7,2026-03-01,1180.0
8,2026-03-01,100.0
9,2026-03-01,300.0
11,2026-03-01,1180.0
12,2026-03-01,1120.0
13,2026-03-01,320.0
14,2026-03-01,870.0
16,2026-03-01,3650.0
17,2026-03-01,710.0
19,2026-03-01,840.0
20,2026-03-01,360.0
21,2026-03-01,650.0
22,2026-03-01,1170.0
24,2026-03-01,730.0
25,2026-03-01,720.0
26,2026-03-01,1290.0
27,2026-03-01,720.0
28,2026-03-01,230.0
32,2026-03-01,360.0
33,2026-03-01,1860.0
36,2026-03-01,650.0
39,2026-03-01,200.0
40,2026-03-01,1240.0
42,2026-03-01,700.0
47,2026-03-01,1110.0
49,2026-03-01,550.0
52,2026-03-01,2520.0
55,2026-03-01,800.0
56,2026-03-01,620.0
58,2026-03-01,270.0
62,2026-03-01,550.0
63,2026-03-01,410.0
64,2026-03-01,430.0
65,2026-03-01,820.0
67,2026-03-01,1700.0
68,2026-03-01,930.0
72,2026-03-01,170.0
74,2026-03-01,1110.0
75,2026-03-01,500.0
81,2026-03-01,610.0
83,2026-03-01,1630.0
86,2026-03-01,570.0
87,2026-03-01,540.0
90,2026-03-01,790.0
92,2026-03-01,1360.0
94,2026-03-01,210.0
95,2026-03-01,240.0
97,2026-03-01,430.0
98,2026-03-01,440.0
99,2026-03-01,1370.0
100,2026-03-01,1250.0
105,2026-03-01,260.0
106,2026-03-01,1480.0
107,2026-03-01,750.0
112,2026-03-01,1570.0
113,2026-03-01,440.0
114,2026-03-01,2020.0
115,2026-03-01,350.0
116,2026-03-01,1030.0
117,2026-03-01,420.0
119,2026-03-01,690.0
121,2026-03-01,300.0
123,2026-03-01,190.0
125,2026-03-01,1170.0
126,2026-03-01,890.0
127,2026-03-01,890.0
128,2026-03-01,750.0
129,2026-03-01,1070.0
130,2026-03-01,520.0
133,2026-03-01,680.0
134,2026-03-01,880.0
135,2026-03-01,1240.0
136,2026-03-01,500.0
138,2026-03-01,3150.0
139,2026-03-01,650.0
141,2026-03-01,1010.0
143,2026-03-01,280.0
144,2026-03-01,180.0
145,2026-03-01,960.0
148,2026-03-01,480.0
151,2026-03-01,360.0
152,2026-03-01,410.0
153,2026-03-01,280.0
155,2026-03-01,360.0
156,2026-03-01,430.0
157,2026-03-01,440.0
160,2026-03-01,730.0
161,2026-03-01,740.0
165,2026-03-01,660.0
166,2026-03-01,410.0
168,2026-03-01,430.0
170,2026-03-01,640.0
172,2026-03-01,500.0
173,2026-03-01,440.0
174,2026-03-01,670.0
175,2026-03-01,180.0
178,2026-03-01,300.0
180,2026-03-01,670.0
182,2026-03-01,1610.0
184,2026-03-01,1030.0
185,2026-03-01,220.0
187,2026-03-01,380.0
189,2026-03-01,610.0
190,2026-03-01,440.0
191,2026-03-01,760.0
193,2026-03-01,350.0
194,2026-03-01,1350.0
195,2026-03-01,970.0
196,2026-03-01,420.0
197,2026-03-01,240.0
198,2026-03-01,320.0
199,2026-03-01,1160.0
200,2026-03-01,290.0
201,2026-03-01,530.0
202,2026-03-01,260.0
206,2026-03-01,760.0
207,2026-03-01,1520.0
209,2026-03-01,510.0
211,2026-03-01,550.0
212,2026-03-01,790.0
213,2026-03-01,420.0
214,2026-03-01,960.0
216,2026-03-01,1670.0
218,2026-03-01,220.0
219,2026-03-01,470.0
220,2026-03-01,1570.0
222,2026-03-01,390.0
223,2026-03-01,1370.0
226,2026-03-01,850.0
229,2026-03-01,570.0
231,2026-03-01,630.0
232,2026-03-01,260.0
233,2026-03-01,270.0
234,2026-03-01,390.0
235,2026-03-01,1100.0
238,2026-03-01,1250.0
239,2026-03-01,1260.0
241,2026-03-01,260.0
242,2026-03-01,130.0
243,2026-03-01,280.0
244,2026-03-01,920.0
246,2026-03-01,1360.0
247,2026-03-01,370.0
249,2026-03-01,1300.0
250,2026-03-01,1070.0
251,2026-03-01,110.0
253,2026-03-01,280.0
254,2026-03-01,330.0
255,2026-03-01,740.0
256,2026-03-01,730.0
257,2026-03-01,230.0
258,2026-03-01,810.0
259,2026-03-01,670.0
260,2026-03-01,810.0
264,2026-03-01,470.0
266,2026-03-01,650.0
267,2026-03-01,1260.0
268,2026-03-01,170.0
269,2026-03-01,440.0
270,2026-03-01,1490.0
271,2026-03-01,980.0
273,2026-03-01,880.0
274,2026-03-01,290.0
275,2026-03-01,550.0
276,2026-03-01,700.0
277,2026-03-01,480.0
278,2026-03-01,470.0
279,2026-03-01,350.0
280,2026-03-01,330.0
281,2026-03-01,670.0
282,2026-03-01,720.0
283,2026-03-01,230.0
284,2026-03-01,520.0
285,2026-03-01,810.0
286,2026-03-01,1280.0
290,2026-03-01,420.0
291,2026-03-01,270.0
293,2026-03-01,340.0
296,2026-03-01,1290.0
297,2026-03-01,460.0
298,2026-03-01,960.0
300,2026-03-01,270.0
301,2026-03-01,340.0
302,2026-03-01,830.0
305,2026-03-01,970.0
306,2026-03-01,280.0
308,2026-03-01,220.0
309,2026-03-01,140.0
311,2026-03-01,360.0
315,2026-03-01,500.0
316,2026-03-01,470.0
317,2026-03-01,920.0
320,2026-03-01,320.0
321,2026-03-01,380.0
322,2026-03-01,1420.0
323,2026-03-01,1850.0
325,2026-03-01,1170.0
326,2026-03-01,310.0
328,2026-03-01,3530.0
329,2026-03-01,270.0
330,2026-03-01,620.0
332,2026-03-01,300.0
333,2026-03-01,730.0
334,2026-03-01,1950.0
337,2026-03-01,570.0
338,2026-03-01,550.0
340,2026-03-01,700.0
341,2026-03-01,220.0
342,2026-03-01,2360.0
344,2026-03-01,2510.0
345,2026-03-01,760.0
346,2026-03-01,2100.0
347,2026-03-01,1900.0
350,2026-03-01,620.0
351,2026-03-01,700.0
352,2026-03-01,4180.0
354,2026-03-01,310.0
358,2026-03-01,410.0
359,2026-03-01,230.0
360,2026-03-01,320.0
361,2026-03-01,590.0
363,2026-03-01,830.0
365,2026-03-01,1110.0
366,2026-03-01,910.0
369,2026-03-01,960.0
370,2026-03-01,440.0
372,2026-03-01,310.0
373,2026-03-01,660.0
374,2026-03-01,530.0
375,2026-03-01,380.0
376,2026-03-01,530.0
377,2026-03-01,190.0
379,2026-03-01,870.0
381,2026-03-01,780.0
383,2026-03-01,820.0
384,2026-03-01,630.0
385,2026-03-01,840.0
386,2026-03-01,310.0
388,2026-03-01,240.0
389,2026-03-01,910.0
393,2026-03-01,420.0
394,2026-03-01,360.0
396,2026-03-01,570.0
397,2026-03-01,650.0
398,2026-03-01,1200.0
399,2026-03-01,350.0
400,2026-03-01,990.0
401,2026-03-01,440.0
403,2026-03-01,390.0
404,2026-03-01,160.0
405,2026-03-01,740.0
406,2026-03-01,310.0
407,2026-03-01,410.0
408,2026-03-01,420.0
409,2026-03-01,300.0
410,2026-03-01,1050.0
411,2026-03-01,620.0
412,2026-03-01,640.0
414,2026-03-01,120.0
416,2026-03-01,420.0
417,2026-03-01,740.0
419,2026-03-01,240.0
421,2026-03-01,1100.0
424,2026-03-01,400.0
426,2026-03-01,440.0
428,2026-03-01,310.0
429,2026-03-01,1170.0
430,2026-03-01,800.0
431,2026-03-01,270.0
432,2026-03-01,910.0
433,2026-03-01,1100.0
434,2026-03-01,520.0
435,2026-03-01,680.0
436,2026-03-01,360.0
438,2026-03-01,430.0
441,2026-03-01,510.0
442,2026-03-01,250.0
443,2026-03-01,2170.0
444,2026-03-01,580.0
445,2026-03-01,390.0
446,2026-03-01,600.0
450,2026-03-01,350.0
451,2026-03-01,990.0
453,2026-03-01,440.0
455,2026-03-01,1360.0
456,2026-03-01,450.0
458,2026-03-01,220.0
459,2026-03-01,640.0
460,2026-03-01,270.0
461,2026-03-01,700.0
462,2026-03-01,580.0
463,2026-03-01,230.0
464,2026-03-01,1490.0
467,2026-03-01,740.0
468,2026-03-01,1580.0
469,2026-03-01,650.0
470,2026-03-01,530.0
472,2026-03-01,2090.0
474,2026-03-01,550.0
476,2026-03-01,620.0
477,2026-03-01,150.0
479,2026-03-01,940.0
482,2026-03-01,210.0
483,2026-03-01,340.0
484,2026-03-01,110.0
485,2026-03-01,730.0
486,2026-03-01,230.0
487,2026-03-01,560.0
491,2026-03-01,110.0
493,2026-03-01,150.0
494,2026-03-01,390.0
495,2026-03-01,1160.0
496,2026-03-01,1360.0
497,2026-03-01,1080.0
498,2026-03-01,480.0
499,2026-03-01,930.0
501,2026-03-01,800.0
502,2026-03-01,750.0
503,2026-03-01,680.0
504,2026-03-01,1240.0
509,2026-03-01,850.0
512,2026-03-01,630.0
514,2026-03-01,520.0
521,2026-03-01,300.0
522,2026-03-01,620.0
524,2026-03-01,390.0
525,2026-03-01,110.0
527,2026-03-01,340.0
529,2026-03-01,750.0
530,2026-03-01,1420.0
531,2026-03-01,450.0
534,2026-03-01,650.0
535,2026-03-01,1150.0
538,2026-03-01,560.0
541,2026-03-01,490.0
543,2026-03-01,280.0
544,2026-03-01,1050.0
546,2026-03-01,240.0
547,2026-03-01,230.0
548,2026-03-01,2170.0
549,2026-03-01,390.0
550,2026-03-01,420.0
551,2026-03-01,180.0
552,2026-03-01,420.0
553,2026-03-01,1130.0
554,2026-03-01,300.0
555,2026-03-01,360.0
556,2026-03-01,1100.0
558,2026-03-01,290.0
559,2026-03-01,270.0
561,2026-03-01,860.0
562,2026-03-01,210.0
563,2026-03-01,580.0
566,2026-03-01,370.0
567,2026-03-01,120.0
568,2026-03-01,540.0
570,2026-03-01,200.0
571,2026-03-01,630.0
572,2026-03-01,520.0
573,2026-03-01,290.0
574,2026-03-01,790.0
575,2026-03-01,260.0
576,2026-03-01,300.0
577,2026-03-01,530.0
578,2026-03-01,740.0
579,2026-03-01,1200.0
580,2026-03-01,430.0
582,2026-03-01,370.0
583,2026-03-01,1060.0
584,2026-03-01,120.0
585,2026-03-01,1060.0
586,2026-03-01,190.0
587,2026-03-01,360.0
590,2026-03-01,190.0
591,2026-03-01,780.0
592,2026-03-01,510.0
593,2026-03-01,800.0
595,2026-03-01,350.0
597,2026-03-01,570.0
601,2026-03-01,340.0
602,2026-03-01,260.0
605,2026-03-01,630.0
606,2026-03-01,490.0
607,2026-03-01,430.0
608,2026-03-01,190.0
610,2026-03-01,2010.0
611,2026-03-01,450.0
612,2026-03-01,460.0
613,2026-03-01,880.0
615,2026-03-01,290.0
616,2026-03-01,170.0
617,2026-03-01,730.0
618,2026-03-01,250.0
619,2026-03-01,300.0
621,2026-03-01,370.0
622,2026-03-01,380.0
623,2026-03-01,670.0
624,2026-03-01,310.0
626,2026-03-01,360.0
627,2026-03-01,830.0
628,2026-03-01,840.0
629,2026-03-01,540.0
631,2026-03-01,1010.0
633,2026-03-01,410.0
635,2026-03-01,760.0
636,2026-03-01,1050.0
637,2026-03-01,1090.0
641,2026-03-01,370.0
642,2026-03-01,370.0
643,2026-03-01,600.0
644,2026-03-01,1260.0
646,2026-03-01,720.0
647,2026-03-01,290.0
648,2026-03-01,500.0
649,2026-03-01,560.0
650,2026-03-01,500.0
652,2026-03-01,520.0
653,2026-03-01,550.0
655,2026-03-01,770.0
656,2026-03-01,880.0
657,2026-03-01,760.0
658,2026-03-01,800.0
659,2026-03-01,380.0
661,2026-03-01,240.0
662,2026-03-01,460.0
663,2026-03-01,870.0
664,2026-03-01,360.0
666,2026-03-01,410.0
668,2026-03-01,290.0
669,2026-03-01,470.0
670,2026-03-01,600.0
672,2026-03-01,660.0
674,2026-03-01,1780.0
676,2026-03-01,210.0
677,2026-03-01,550.0
678,2026-03-01,180.0
679,2026-03-01,1140.0
680,2026-03-01,330.0
681,2026-03-01,2180.0
682,2026-03-01,220.0
683,2026-03-01,340.0
685,2026-03-01,650.0
686,2026-03-01,630.0
687,2026-03-01,120.0
689,2026-03-01,500.0
692,2026-03-01,430.0
693,2026-03-01,490.0
694,2026-03-01,300.0
695,2026-03-01,1220.0
697,2026-03-01,540.0
699,2026-03-01,430.0
701,2026-03-01,540.0
702,2026-03-01,560.0
703,2026-03-01,620.0
706,2026-03-01,260.0
707,2026-03-01,360.0
708,2026-03-01,410.0
711,2026-03-01,1020.0
712,2026-03-01,490.0
713,2026-03-01,1300.0
714,2026-03-01,570.0
715,2026-03-01,860.0
716,2026-03-01,870.0
717,2026-03-01,660.0
718,2026-03-01,780.0
719,2026-03-01,210.0
720,2026-03-01,600.0
721,2026-03-01,520.0
722,2026-03-01,450.0
723,2026-03-01,530.0
724,2026-03-01,440.0
726,2026-03-01,200.0
727,2026-03-01,1580.0
728,2026-03-01,2300.0
730,2026-03-01,660.0
731,2026-03-01,810.0
733,2026-03-01,410.0
734,2026-03-01,520.0
735,2026-03-01,140.0
736,2026-03-01,770.0
738,2026-03-01,450.0
740,2026-03-01,390.0
742,2026-03-01,1810.0
743,2026-03-01,460.0
744,2026-03-01,360.0
745,2026-03-01,620.0
748,2026-03-01,420.0
749,2026-03-01,710.0
750,2026-03-01,470.0
752,2026-03-01,580.0
753,2026-03-01,580.0
754,2026-03-01,580.0
755,2026-03-01,110.0
757,2026-03-01,870.0
758,2026-03-01,250.0
759,2026-03-01,1670.0
760,2026-03-01,580.0
761,2026-03-01,350.0
762,2026-03-01,520.0
763,2026-03-01,550.0
764,2026-03-01,510.0
766,2026-03-01,450.0
768,2026-03-01,290.0
769,2026-03-01,110.0
770,2026-03-01,520.0
771,2026-03-01,620.0
772,2026-03-01,430.0
775,2026-03-01,220.0
776,2026-03-01,180.0
777,2026-03-01,1450.0
779,2026-03-01,330.0
780,2026-03-01,2730.0
781,2026-03-01,720.0
783,2026-03-01,140.0
784,2026-03-01,530.0
785,2026-03-01,770.0
786,2026-03-01,340.0
787,2026-03-01,830.0
788,2026-03-01,550.0
790,2026-03-01,1020.0
791,2026-03-01,390.0
792,2026-03-01,510.0
795,2026-03-01,290.0
796,2026-03-01,840.0
797,2026-03-01,600.0
798,2026-03-01,560.0
799,2026-03-01,300.0
800,2026-03-01,600.0
802,2026-03-01,170.0
803,2026-03-01,460.0
804,2026-03-01,400.0
807,2026-03-01,1470.0
808,2026-03-01,230.0
809,2026-03-01,1190.0
811,2026-03-01,700.0
812,2026-03-01,860.0
813,2026-03-01,660.0
816,2026-03-01,200.0
817,2026-03-01,390.0
818,2026-03-01,290.0
819,2026-03-01,490.0
820,2026-03-01,210.0
821,2026-03-01,390.0
822,2026-03-01,360.0
823,2026-03-01,180.0
825,2026-03-01,320.0
827,2026-03-01,420.0
828,2026-03-01,260.0
830,2026-03-01,430.0
831,2026-03-01,260.0
832,2026-03-01,330.0
833,2026-03-01,330.0
834,2026-03-01,550.0
835,2026-03-01,490.0
836,2026-03-01,170.0
837,2026-03-01,470.0
838,2026-03-01,480.0
839,2026-03-01,250.0
840,2026-03-01,840.0
841,2026-03-01,160.0
842,2026-03-01,1360.0
843,2026-03-01,940.0
844,2026-03-01,500.0
845,2026-03-01,170.0
846,2026-03-01,430.0
847,2026-03-01,680.0
849,2026-03-01,110.0
850,2026-03-01,1130.0
851,2026-03-01,300.0
852,2026-03-01,950.0
853,2026-03-01,1900.0
854,2026-03-01,1800.0
856,2026-03-01,170.0
857,2026-03-01,1030.0
858,2026-03-01,320.0
859,2026-03-01,370.0
860,2026-03-01,610.0
861,2026-03-01,270.0
862,2026-03-01,520.0
863,2026-03-01,250.0
864,2026-03-01,190.0
865,2026-03-01,320.0
866,2026-03-01,360.0
867,2026-03-01,240.0
869,2026-03-01,590.0
870,2026-03-01,670.0
871,2026-03-01,990.0
872,2026-03-01,360.0
873,2026-03-01,400.0
875,2026-03-01,300.0
876,2026-03-01,550.0
877,2026-03-01,350.0
878,2026-03-01,480.0
880,2026-03-01,380.0
881,2026-03-01,140.0
882,2026-03-01,820.0
883,2026-03-01,590.0
884,2026-03-01,480.0
885,2026-03-01,480.0
886,2026-03-01,1220.0
888,2026-03-01,1020.0
889,2026-03-01,300.0
890,2026-03-01,240.0
891,2026-03-01,1360.0
892,2026-03-01,1160.0
894,2026-03-01,590.0
895,2026-03-01,1470.0
896,2026-03-01,440.0
897,2026-03-01,1540.0
898,2026-03-01,730.0
899,2026-03-01,390.0
900,2026-03-01,410.0
901,2026-03-01,660.0
903,2026-03-01,710.0
904,2026-03-01,530.0
905,2026-03-01,390.0
906,2026-03-01,680.0
907,2026-03-01,330.0
908,2026-03-01,490.0
909,2026-03-01,1250.0
911,2026-03-01,420.0
913,2026-03-01,1580.0
914,2026-03-01,300.0
915,2026-03-01,660.0
916,2026-03-01,600.0
917,2026-03-01,500.0
918,2026-03-01,320.0
919,2026-03-01,280.0
921,2026-03-01,250.0
922,2026-03-01,740.0
923,2026-03-01,360.0
925,2026-03-01,110.0
926,2026-03-01,1260.0
927,2026-03-01,130.0
928,2026-03-01,440.0
929,2026-03-01,940.0
930,2026-03-01,160.0
931,2026-03-01,280.0
932,2026-03-01,480.0
933,2026-03-01,2490.0
934,2026-03-01,290.0
936,2026-03-01,430.0
939,2026-03-01,330.0
940,2026-03-01,630.0
941,2026-03-01,480.0
942,2026-03-01,580.0
943,2026-03-01,420.0
944,2026-03-01,280.0
945,2026-03-01,790.0
947,2026-03-01,790.0
948,2026-03-01,1110.0
949,2026-03-01,760.0
950,2026-03-01,470.0
951,2026-03-01,200.0
953,2026-03-01,360.0
955,2026-03-01,490.0
956,2026-03-01,880.0
957,2026-03-01,540.0
958,2026-03-01,270.0
959,2026-03-01,150.0
961,2026-03-01,300.0
962,2026-03-01,400.0
963,2026-03-01,250.0
964,2026-03-01,350.0
965,2026-03-01,700.0
966,2026-03-01,210.0
967,2026-03-01,400.0
970,2026-03-01,730.0
971,2026-03-01,1050.0
972,2026-03-01,140.0
973,2026-03-01,430.0
974,2026-03-01,240.0
975,2026-03-01,730.0
977,2026-03-01,270.0
978,2026-03-01,460.0
979,2026-03-01,700.0
980,2026-03-01,390.0
981,2026-03-01,360.0
982,2026-03-01,1200.0
983,2026-03-01,620.0
984,2026-03-01,450.0
985,2026-03-01,430.0
987,2026-03-01,450.0
988,2026-03-01,340.0
989,2026-03-01,580.0
990,2026-03-01,470.0
991,2026-03-01,1000.0
992,2026-03-01,410.0
994,2026-03-01,210.0
995,2026-03-01,910.0
996,2026-03-01,380.0
997,2026-03-01,390.0
998,2026-03-01,220.0
999,2026-03-01,510.0
1000,2026-03-01,790.0
1002,2026-03-01,530.0
1003,2026-03-01,220.0
1004,2026-03-01,410.0
1005,2026-03-01,660.0
1007,2026-03-01,590.0
1009,2026-03-01,540.0
1010,2026-03-01,480.0
1011,2026-03-01,730.0
1012,2026-03-01,720.0
1013,2026-03-01,650.0
1014,2026-03-01,610.0
1015,2026-03-01,1080.0
1016,2026-03-01,350.0
1017,2026-03-01,660.0
1018,2026-03-01,570.0
1019,2026-03-01,320.0
1020,2026-03-01,720.0
1021,2026-03-01,590.0
1023,2026-03-01,1080.0
1024,2026-03-01,260.0
1025,2026-03-01,1570.0
1026,2026-03-01,110.0
1027,2026-03-01,1100.0
1028,2026-03-01,490.0
1029,2026-03-01,100.0
1030,2026-03-01,1020.0
1031,2026-03-01,850.0
1032,2026-03-01,1340.0
1033,2026-03-01,190.0
1034,2026-03-01,540.0
1035,2026-03-01,230.0
1036,2026-03-01,270.0
1037,2026-03-01,580.0
1038,2026-03-01,350.0
1039,2026-03-01,190.0
1041,2026-03-01,190.0
1042,2026-03-01,460.0
1043,2026-03-01,740.0
1044,2026-03-01,570.0
1045,2026-03-01,380.0
1046,2026-03-01,990.0
1047,2026-03-01,510.0
1049,2026-03-01,530.0
1050,2026-03-01,520.0
1051,2026-03-01,710.0
1052,2026-03-01,560.0
1053,2026-03-01,460.0
1054,2026-03-01,370.0
1055,2026-03-01,400.0
1056,2026-03-01,820.0
1057,2026-03-01,360.0
1058,2026-03-01,390.0
1059,2026-03-01,440.0
1060,2026-03-01,630.0
1061,2026-03-01,340.0
1062,2026-03-01,550.0
1063,2026-03-01,760.0
1064,2026-03-01,1760.0
1066,2026-03-01,590.0
1067,2026-03-01,370.0
1068,2026-03-01,580.0
1069,2026-03-01,440.0
1070,2026-03-01,920.0
1072,2026-03-01,420.0
1073,2026-03-01,720.0
1074,2026-03-01,360.0
1075,2026-03-01,650.0
1076,2026-03-01,1530.0
1077,2026-03-01,600.0
1078,2026-03-01,980.0
1079,2026-03-01,650.0
1080,2026-03-01,510.0
1081,2026-03-01,500.0
1082,2026-03-01,350.0
1085,2026-03-01,730.0
1086,2026-03-01,1130.0
1087,2026-03-01,290.0
1088,2026-03-01,280.0
1089,2026-03-01,760.0
1090,2026-03-01,560.0
1091,2026-03-01,240.0
1092,2026-03-01,200.0
1093,2026-03-01,240.0
1095,2026-03-01,200.0
1096,2026-03-01,250.0
1097,2026-03-01,190.0
1098,2026-03-01,530.0
1102,2026-03-01,740.0
1103,2026-03-01,640.0
1104,2026-03-01,420.0
1105,2026-03-01,230.0
1106,2026-03-01,1160.0
1107,2026-03-01,1660.0
1108,2026-03-01,1300.0
1109,2026-03-01,300.0
1110,2026-03-01,280.0
1111,2026-03-01,470.0
1112,2026-03-01,170.0
1113,2026-03-01,320.0
1114,2026-03-01,480.0
1116,2026-03-01,290.0
1117,2026-03-01,260.0
1118,2026-03-01,840.0
1119,2026-03-01,220.0
1120,2026-03-01,500.0
1121,2026-03-01,530.0
1122,2026-03-01,220.0
1123,2026-03-01,920.0
1124,2026-03-01,680.0
1125,2026-03-01,300.0
1126,2026-03-01,340.0
1127,2026-03-01,370.0
1128,2026-03-01,210.0
1129,2026-03-01,820.0
1130,2026-03-01,510.0
1131,2026-03-01,320.0
1132,2026-03-01,510.0
1133,2026-03-01,380.0
1134,2026-03-01,240.0
1135,2026-03-01,1360.0
1136,2026-03-01,390.0
1137,2026-03-01,410.0
1138,2026-03-01,530.0
1139,2026-03-01,450.0
1141,2026-03-01,970.0
1142,2026-03-01,830.0
1143,2026-03-01,390.0
1144,2026-03-01,390.0
1145,2026-03-01,180.0
1146,2026-03-01,1110.0
1147,2026-03-01,630.0
1148,2026-03-01,560.0
1149,2026-03-01,300.0
1150,2026-03-01,440.0
1151,2026-03-01,250.0
1152,2026-03-01,460.0
1153,2026-03-01,430.0
1154,2026-03-01,790.0
1155,2026-03-01,230.0
1156,2026-03-01,580.0
1157,2026-03-01,560.0
1158,2026-03-01,270.0
1159,2026-03-01,260.0
1160,2026-03-01,1000.0
1161,2026-03-01,470.0
1162,2026-03-01,220.0
1163,2026-03-01,380.0
1164,2026-03-01,320.0
1165,2026-03-01,1150.0
1166,2026-03-01,440.0
1167,2026-03-01,180.0
1168,2026-03-01,150.0
1169,2026-03-01,140.0
1170,2026-03-01,900.0
1171,2026-03-01,170.0
1172,2026-03-01,420.0
1173,2026-03-01,770.0
1174,2026-03-01,580.0
1175,2026-03-01,770.0
1176,2026-03-01,650.0
1177,2026-03-01,680.0
1178,2026-03-01,150.0
1179,2026-03-01,250.0
1180,2026-03-01,250.0
1181,2026-03-01,810.0
1183,2026-03-01,500.0
1184,2026-03-01,690.0
1185,2026-03-01,280.0
1186,2026-03-01,680.0
1187,2026-03-01,370.0
1188,2026-03-01,670.0
1189,2026-03-01,530.0
1190,2026-03-01,180.0
1191,2026-03-01,270.0
1192,2026-03-01,320.0
1193,2026-03-01,970.0
1194,2026-03-01,880.0
1195,2026-03-01,310.0
1196,2026-03-01,350.0
1197,2026-03-01,220.0
1198,2026-03-01,350.0
1199,2026-03-01,240.0
1200,2026-03-01,260.0
1202,2026-03-01,990.0
1203,2026-03-01,390.0
1204,2026-03-01,540.0
1205,2026-03-01,630.0
1206,2026-03-01,590.0
1207,2026-03-01,510.0
1208,2026-03-01,420.0
1209,2026-03-01,290.0
1210,2026-03-01,320.0
1211,2026-03-01,590.0
1213,2026-03-01,290.0
1214,2026-03-01,530.0
1215,2026-03-01,200.0
1216,2026-03-01,190.0
1217,2026-03-01,680.0
1218,2026-03-01,420.0
1219,2026-03-01,480.0
1220,2026-03-01,600.0
1221,2026-03-01,550.0
1222,2026-03-01,230.0
1224,2026-03-01,290.0
1225,2026-03-01,1150.0
1226,2026-03-01,780.0
1227,2026-03-01,560.0
1228,2026-03-01,490.0
1229,2026-03-01,220.0
1230,2026-03-01,460.0
1231,2026-03-01,690.0
1232,2026-03-01,220.0
1233,2026-03-01,400.0
1234,2026-03-01,160.0
1235,2026-03-01,920.0
1236,2026-03-01,330.0
1237,2026-03-01,230.0
1238,2026-03-01,990.0
1239,2026-03-01,790.0
1240,2026-03-01,1210.0
1241,2026-03-01,200.0
1242,2026-03-01,640.0
1243,2026-03-01,260.0
1244,2026-03-01,650.0
1245,2026-03-01,560.0
1246,2026-03-01,440.0
1247,2026-03-01,320.0
1248,2026-03-01,440.0
1249,2026-03-01,1850.0
1250,2026-03-01,360.0
1251,2026-03-01,340.0
1252,2026-03-01,460.0
1253,2026-03-01,570.0
1254,2026-03-01,340.0
1255,2026-03-01,360.0
1256,2026-03-01,1340.0
1257,2026-03-01,700.0
1258,2026-03-01,590.0
1259,2026-03-01,920.0
1260,2026-03-01,590.0
1261,2026-03-01,340.0
1262,2026-03-01,520.0
1263,2026-03-01,180.0
1264,2026-03-01,430.0
1265,2026-03-01,330.0
1266,2026-03-01,280.0
1267,2026-03-01,840.0
1268,2026-03-01,680.0
1269,2026-03-01,420.0
1270,2026-03-01,540.0
1271,2026-03-01,890.0
1272,2026-03-01,520.0
1273,2026-03-01,1060.0
1274,2026-03-01,240.0
1275,2026-03-01,1570.0
1276,2026-03-01,100.0
1277,2026-03-01,330.0
1278,2026-03-01,250.0
1279,2026-03-01,350.0
1280,2026-03-01,480.0
1281,2026-03-01,240.0
1282,2026-03-01,230.0
1283,2026-03-01,330.0
1284,2026-03-01,730.0
1285,2026-03-01,190.0
1286,2026-03-01,420.0
1287,2026-03-01,730.0
1288,2026-03-01,950.0
1289,2026-03-01,400.0
1290,2026-03-01,1010.0
1291,2026-03-01,320.0
1292,2026-03-01,310.0
1293,2026-03-01,410.0
1294,2026-03-01,250.0
1295,2026-03-01,450.0
1296,2026-03-01,1260.0
1297,2026-03-01,250.0
1298,2026-03-01,430.0
1299,2026-03-01,120.0
1300,2026-03-01,1010.0
1301,2026-03-01,120.0
1302,2026-03-01,170.0
1303,2026-03-01,620.0
1304,2026-03-01,910.0
1305,2026-03-01,830.0
1306,2026-03-01,420.0
1307,2026-03-01,520.0
1308,2026-03-01,490.0
1309,2026-03-01,420.0
1310,2026-03-01,540.0
1311,2026-03-01,470.0
1312,2026-03-01,420.0
1313,2026-03-01,390.0
1314,2026-03-01,1190.0
1315,2026-03-01,190.0
1316,2026-03-01,290.0
1317,2026-03-01,630.0
1318,2026-03-01,350.0
1319,2026-03-01,480.0
1320,2026-03-01,470.0
1321,2026-03-01,420.0
1322,2026-03-01,160.0
1323,2026-03-01,920.0
1324,2026-03-01,450.0
1325,2026-03-01,490.0
1326,2026-03-01,220.0
1327,2026-03-01,500.0
1328,2026-03-01,290.0
1329,2026-03-01,760.0
1330,2026-03-01,220.0
1331,2026-03-01,160.0
1332,2026-03-01,450.0
1333,2026-03-01,430.0
1334,2026-03-01,1200.0
1335,2026-03-01,170.0
1336,2026-03-01,210.0
1337,2026-03-01,1010.0
1338,2026-03-01,710.0
1339,2026-03-01,510.0
1340,2026-03-01,150.0
1341,2026-03-01,1080.0
1342,2026-03-01,430.0
1343,2026-03-01,290.0
1344,2026-03-01,770.0
1,2026-04-01,340.0
5,2026-04-01,600.0
7,2026-04-01,1180.0
8,2026-04-01,100.0
9,2026-04-01,300.0
11,2026-04-01,1180.0
12,2026-04-01,1120.0
13,2026-04-01,320.0
14,2026-04-01,870.0
16,2026-04-01,3650.0
17,2026-04-01,710.0
19,2026-04-01,840.0
20,2026-04-01,360.0
21,2026-04-01,650.0
22,2026-04-01,1170.0
24,2026-04-01,730.0
25,2026-04-01,720.0
26,2026-04-01,1290.0
27,2026-04-01,720.0
28,2026-04-01,230.0
32,2026-04-01,360.0
33,2026-04-01,1310.0
36,2026-04-01,650.0
39,2026-04-01,200.0
40,2026-04-01,1240.0
42,2026-04-01,520.0
47,2026-04-01,1110.0
49,2026-04-01,550.0
52,2026-04-01,2520.0
55,2026-04-01,800.0
56,2026-04-01,620.0
58,2026-04-01,270.0
62,2026-04-01,550.0
63,2026-04-01,410.0
64,2026-04-01,430.0
65,2026-04-01,820.0
67,2026-04-01,1700.0
68,2026-04-01,930.0
72,2026-04-01,170.0
74,2026-04-01,1110.0
75,2026-04-01,500.0
81,2026-04-01,610.0
83,2026-04-01,1630.0
86,2026-04-01,570.0
87,2026-04-01,540.0
90,2026-04-01,790.0
92,2026-04-01,1360.0
94,2026-04-01,210.0
95,2026-04-01,240.0
97,2026-04-01,530.0
98,2026-04-01,440.0
99,2026-04-01,1370.0
100,2026-04-01,1250.0
105,2026-04-01,260.0
106,2026-04-01,1480.0
107,2026-04-01,750.0
113,2026-04-01,440.0
114,2026-04-01,2020.0
115,2026-04-01,350.0
116,2026-04-01,1030.0
117,2026-04-01,420.0
119,2026-04-01,690.0
121,2026-04-01,440.0
123,2026-04-01,190.0
125,2026-04-01,1170.0
126,2026-04-01,890.0
127,2026-04-01,890.0
128,2026-04-01,750.0
129,2026-04-01,1070.0
130,2026-04-01,520.0
133,2026-04-01,680.0
134,2026-04-01,880.0
135,2026-04-01,1240.0
136,2026-04-01,500.0
138,2026-04-01,3150.0
139,2026-04-01,650.0
141,2026-04-01,1010.0
143,2026-04-01,280.0
144,2026-04-01,180.0
145,2026-04-01,960.0
148,2026-04-01,480.0
151,2026-04-01,360.0
152,2026-04-01,410.0
153,2026-04-01,280.0
155,2026-04-01,360.0
156,2026-04-01,430.0
157,2026-04-01,440.0
160,2026-04-01,730.0
161,2026-04-01,740.0
165,2026-04-01,660.0
166,2026-04-01,410.0
168,2026-04-01,430.0
170,2026-04-01,640.0
172,2026-04-01,500.0
173,2026-04-01,440.0
174,2026-04-01,670.0
175,2026-04-01,180.0
178,2026-04-01,300.0
180,2026-04-01,670.0
182,2026-04-01,1610.0
184,2026-04-01,1030.0
185,2026-04-01,220.0
187,2026-04-01,380.0
189,2026-04-01,610.0
190,2026-04-01,440.0
191,2026-04-01,530.0
193,2026-04-01,350.0
194,2026-04-01,1350.0
195,2026-04-01,970.0
196,2026-04-01,420.0
197,2026-04-01,240.0
198,2026-04-01,320.0
199,2026-04-01,1160.0
200,2026-04-01,290.0
201,2026-04-01,530.0
202,2026-04-01,260.0
206,2026-04-01,760.0
207,2026-04-01,1520.0
209,2026-04-01,510.0
211,2026-04-01,550.0
212,2026-04-01,790.0
213,2026-04-01,420.0
214,2026-04-01,960.0
216,2026-04-01,1670.0
218,2026-04-01,220.0
219,2026-04-01,580.0
220,2026-04-01,1570.0
222,2026-04-01,500.0
223,2026-04-01,1140.0
226,2026-04-01,1150.0
229,2026-04-01,570.0
231,2026-04-01,630.0
232,2026-04-01,260.0
233,2026-04-01,310.0
234,2026-04-01,390.0
235,2026-04-01,1100.0
238,2026-04-01,1250.0
239,2026-04-01,1260.0
241,2026-04-01,260.0
242,2026-04-01,130.0
243,2026-04-01,280.0
244,2026-04-01,920.0
246,2026-04-01,1360.0
247,2026-04-01,370.0
249,2026-04-01,1300.0
250,2026-04-01,1070.0
251,2026-04-01,110.0
253,2026-04-01,280.0
254,2026-04-01,330.0
255,2026-04-01,740.0
256,2026-04-01,730.0
257,2026-04-01,230.0
258,2026-04-01,810.0
259,2026-04-01,670.0
260,2026-04-01,810.0
264,2026-04-01,470.0
266,2026-04-01,650.0
267,2026-04-01,1260.0
268,2026-04-01,170.0
269,2026-04-01,440.0
270,2026-04-01,1490.0
271,2026-04-01,980.0
273,2026-04-01,880.0
274,2026-04-01,290.0
275,2026-04-01,550.0
276,2026-04-01,700.0
277,2026-04-01,480.0
278,2026-04-01,470.0
279,2026-04-01,350.0
280,2026-04-01,330.0
281,2026-04-01,670.0
282,2026-04-01,720.0
283,2026-04-01,230.0
284,2026-04-01,520.0
285,2026-04-01,810.0
286,2026-04-01,1280.0
290,2026-04-01,600.0
291,2026-04-01,270.0
293,2026-04-01,340.0
296,2026-04-01,1290.0
297,2026-04-01,460.0
298,2026-04-01,960.0
300,2026-04-01,270.0
301,2026-04-01,340.0
302,2026-04-01,830.0
305,2026-04-01,970.0
306,2026-04-01,280.0
308,2026-04-01,220.0
309,2026-04-01,140.0
311,2026-04-01,360.0
315,2026-04-01,500.0
316,2026-04-01,470.0
317,2026-04-01,920.0
320,2026-04-01,320.0
321,2026-04-01,380.0
322,2026-04-01,1420.0
323,2026-04-01,1850.0
325,2026-04-01,1170.0
326,2026-04-01,310.0
328,2026-04-01,3530.0
329,2026-04-01,270.0
330,2026-04-01,620.0
332,2026-04-01,300.0
333,2026-04-01,1050.0
334,2026-04-01,1950.0
337,2026-04-01,570.0
338,2026-04-01,740.0
340,2026-04-01,700.0
341,2026-04-01,220.0
342,2026-04-01,2360.0
344,2026-04-01,2510.0
345,2026-04-01,760.0
346,2026-04-01,2100.0
347,2026-04-01,1900.0
350,2026-04-01,620.0
351,2026-04-01,700.0
352,2026-04-01,4180.0
354,2026-04-01,310.0
358,2026-04-01,410.0
359,2026-04-01,230.0
360,2026-04-01,320.0
361,2026-04-01,590.0
363,2026-04-01,830.0
365,2026-04-01,1110.0
366,2026-04-01,910.0
369,2026-04-01,960.0
370,2026-04-01,440.0
372,2026-04-01,310.0
373,2026-04-01,660.0
374,2026-04-01,530.0
375,2026-04-01,380.0
376,2026-04-01,530.0
377,2026-04-01,190.0
379,2026-04-01,650.0
381,2026-04-01,780.0
383,2026-04-01,820.0
384,2026-04-01,630.0
385,2026-04-01,840.0
386,2026-04-01,310.0
388,2026-04-01,190.0
389,2026-04-01,910.0
393,2026-04-01,420.0
394,2026-04-01,360.0
396,2026-04-01,760.0
397,2026-04-01,650.0
398,2026-04-01,1200.0
399,2026-04-01,350.0
400,2026-04-01,1290.0
401,2026-04-01,440.0
403,2026-04-01,390.0
404,2026-04-01,240.0
405,2026-04-01,740.0
406,2026-04-01,310.0
407,2026-04-01,410.0
408,2026-04-01,420.0
409,2026-04-01,300.0
410,2026-04-01,1050.0
411,2026-04-01,620.0
412,2026-04-01,890.0
414,2026-04-01,100.0
416,2026-04-01,490.0
417,2026-04-01,740.0
419,2026-04-01,240.0
421,2026-04-01,1420.0
424,2026-04-01,400.0
426,2026-04-01,620.0
428,2026-04-01,310.0
429,2026-04-01,1170.0
430,2026-04-01,800.0
431,2026-04-01,270.0
432,2026-04-01,910.0
433,2026-04-01,1100.0
434,2026-04-01,520.0
435,2026-04-01,680.0
436,2026-04-01,360.0
438,2026-04-01,430.0
441,2026-04-01,510.0
442,2026-04-01,250.0
443,2026-04-01,2170.0
444,2026-04-01,580.0
445,2026-04-01,390.0
446,2026-04-01,600.0
450,2026-04-01,350.0
451,2026-04-01,990.0
453,2026-04-01,440.0
455,2026-04-01,1360.0
456,2026-04-01,450.0
458,2026-04-01,220.0
459,2026-04-01,640.0
460,2026-04-01,270.0
461,2026-04-01,700.0
462,2026-04-01,580.0
463,2026-04-01,230.0
464,2026-04-01,1490.0
467,2026-04-01,740.0
468,2026-04-01,1580.0
469,2026-04-01,650.0
470,2026-04-01,530.0
472,2026-04-01,2090.0
474,2026-04-01,550.0
476,2026-04-01,620.0
477,2026-04-01,150.0
479,2026-04-01,940.0
482,2026-04-01,210.0
483,2026-04-01,340.0
484,2026-04-01,110.0
485,2026-04-01,730.0
486,2026-04-01,230.0
487,2026-04-01,560.0
491,2026-04-01,110.0
493,2026-04-01,150.0
494,2026-04-01,390.0
495,2026-04-01,1160.0
496,2026-04-01,1360.0
497,2026-04-01,1080.0
498,2026-04-01,480.0
499,2026-04-01,930.0
501,2026-04-01,800.0
502,2026-04-01,750.0
503,2026-04-01,680.0
504,2026-04-01,1240.0
509,2026-04-01,850.0
512,2026-04-01,810.0
514,2026-04-01,520.0
521,2026-04-01,300.0
522,2026-04-01,620.0
524,2026-04-01,390.0
525,2026-04-01,110.0
527,2026-04-01,340.0
529,2026-04-01,750.0
530,2026-04-01,1420.0
531,2026-04-01,450.0
534,2026-04-01,650.0
535,2026-04-01,1150.0
538,2026-04-01,560.0
541,2026-04-01,490.0
543,2026-04-01,280.0
544,2026-04-01,1050.0
546,2026-04-01,240.0
547,2026-04-01,230.0
548,2026-04-01,2170.0
549,2026-04-01,390.0
550,2026-04-01,420.0
551,2026-04-01,180.0
552,2026-04-01,420.0
553,2026-04-01,1130.0
554,2026-04-01,300.0
555,2026-04-01,360.0
556,2026-04-01,1100.0
558,2026-04-01,290.0
559,2026-04-01,270.0
561,2026-04-01,860.0
562,2026-04-01,210.0
563,2026-04-01,580.0
566,2026-04-01,370.0
567,2026-04-01,120.0
568,2026-04-01,680.0
570,2026-04-01,200.0
571,2026-04-01,630.0
572,2026-04-01,520.0
573,2026-04-01,290.0
574,2026-04-01,790.0
575,2026-04-01,260.0
576,2026-04-01,300.0
577,2026-04-01,530.0
578,2026-04-01,740.0
579,2026-04-01,1200.0
580,2026-04-01,430.0
582,2026-04-01,370.0
583,2026-04-01,1060.0
584,2026-04-01,120.0
585,2026-04-01,1060.0
586,2026-04-01,190.0
587,2026-04-01,360.0
590,2026-04-01,190.0
591,2026-04-01,780.0
592,2026-04-01,510.0
593,2026-04-01,800.0
595,2026-04-01,350.0
597,2026-04-01,570.0
601,2026-04-01,340.0
602,2026-04-01,260.0
605,2026-04-01,630.0
606,2026-04-01,490.0
607,2026-04-01,430.0
608,2026-04-01,190.0
610,2026-04-01,2010.0
611,2026-04-01,450.0
612,2026-04-01,460.0
613,2026-04-01,880.0
615,2026-04-01,290.0
616,2026-04-01,170.0
617,2026-04-01,730.0
618,2026-04-01,250.0
619,2026-04-01,300.0
621,2026-04-01,370.0
622,2026-04-01,380.0
623,2026-04-01,670.0
624,2026-04-01,310.0
626,2026-04-01,360.0
627,2026-04-01,830.0
628,2026-04-01,840.0
629,2026-04-01,540.0
631,2026-04-01,1010.0
633,2026-04-01,410.0
635,2026-04-01,760.0
636,2026-04-01,1050.0
637,2026-04-01,1090.0
641,2026-04-01,370.0
642,2026-04-01,370.0
643,2026-04-01,600.0
644,2026-04-01,1260.0
646,2026-04-01,720.0
647,2026-04-01,390.0
648,2026-04-01,500.0
649,2026-04-01,560.0
650,2026-04-01,410.0
652,2026-04-01,520.0
653,2026-04-01,550.0
655,2026-04-01,770.0
656,2026-04-01,880.0
657,2026-04-01,760.0
658,2026-04-01,800.0
659,2026-04-01,380.0
661,2026-04-01,240.0
662,2026-04-01,460.0
663,2026-04-01,870.0
664,2026-04-01,360.0
666,2026-04-01,410.0
668,2026-04-01,290.0
669,2026-04-01,470.0
670,2026-04-01,760.0
672,2026-04-01,660.0
674,2026-04-01,1780.0
676,2026-04-01,210.0
677,2026-04-01,550.0
678,2026-04-01,180.0
679,2026-04-01,1140.0
680,2026-04-01,330.0
681,2026-04-01,2180.0
682,2026-04-01,220.0
683,2026-04-01,340.0
685,2026-04-01,650.0
686,2026-04-01,630.0
687,2026-04-01,160.0
689,2026-04-01,500.0
692,2026-04-01,430.0
693,2026-04-01,490.0
694,2026-04-01,300.0
695,2026-04-01,1220.0
697,2026-04-01,540.0
699,2026-04-01,430.0
701,2026-04-01,540.0
702,2026-04-01,560.0
703,2026-04-01,620.0
706,2026-04-01,260.0
707,2026-04-01,360.0
708,2026-04-01,410.0
711,2026-04-01,1020.0
712,2026-04-01,710.0
713,2026-04-01,1300.0
714,2026-04-01,570.0
715,2026-04-01,860.0
716,2026-04-01,1290.0
717,2026-04-01,660.0
718,2026-04-01,780.0
719,2026-04-01,210.0
720,2026-04-01,600.0
721,2026-04-01,520.0
722,2026-04-01,450.0
723,2026-04-01,530.0
724,2026-04-01,440.0
726,2026-04-01,200.0
727,2026-04-01,1580.0
728,2026-04-01,2300.0
730,2026-04-01,660.0
731,2026-04-01,810.0
733,2026-04-01,410.0
734,2026-04-01,520.0
735,2026-04-01,140.0
736,2026-04-01,770.0
738,2026-04-01,450.0
740,2026-04-01,530.0
742,2026-04-01,1810.0
743,2026-04-01,460.0
744,2026-04-01,360.0
745,2026-04-01,620.0
748,2026-04-01,420.0
749,2026-04-01,710.0
750,2026-04-01,470.0
752,2026-04-01,580.0
753,2026-04-01,580.0
754,2026-04-01,580.0
755,2026-04-01,110.0
757,2026-04-01,1140.0
758,2026-04-01,250.0
759,2026-04-01,1670.0
760,2026-04-01,580.0
761,2026-04-01,350.0
762,2026-04-01,520.0
763,2026-04-01,550.0
764,2026-04-01,510.0
766,2026-04-01,450.0
768,2026-04-01,290.0
769,2026-04-01,110.0
770,2026-04-01,520.0
771,2026-04-01,620.0
772,2026-04-01,430.0
775,2026-04-01,220.0
776,2026-04-01,180.0
777,2026-04-01,1450.0
779,2026-04-01,330.0
780,2026-04-01,2730.0
781,2026-04-01,720.0
783,2026-04-01,140.0
784,2026-04-01,530.0
785,2026-04-01,770.0
786,2026-04-01,340.0
787,2026-04-01,830.0
788,2026-04-01,550.0
790,2026-04-01,1020.0
791,2026-04-01,390.0
792,2026-04-01,510.0
795,2026-04-01,290.0
796,2026-04-01,840.0
797,2026-04-01,600.0
798,2026-04-01,560.0
799,2026-04-01,300.0
800,2026-04-01,600.0
802,2026-04-01,170.0
803,2026-04-01,460.0
804,2026-04-01,400.0
807,2026-04-01,1470.0
808,2026-04-01,340.0
809,2026-04-01,1190.0
811,2026-04-01,700.0
812,2026-04-01,860.0
813,2026-04-01,660.0
816,2026-04-01,200.0
817,2026-04-01,390.0
818,2026-04-01,290.0
819,2026-04-01,490.0
820,2026-04-01,210.0
821,2026-04-01,390.0
822,2026-04-01,360.0
823,2026-04-01,240.0
825,2026-04-01,320.0
827,2026-04-01,420.0
828,2026-04-01,260.0
830,2026-04-01,430.0
831,2026-04-01,260.0
832,2026-04-01,330.0
833,2026-04-01,330.0
834,2026-04-01,550.0
835,2026-04-01,410.0
836,2026-04-01,170.0
837,2026-04-01,470.0
838,2026-04-01,480.0
839,2026-04-01,250.0
840,2026-04-01,1170.0
841,2026-04-01,160.0
842,2026-04-01,1360.0
843,2026-04-01,940.0
844,2026-04-01,500.0
845,2026-04-01,170.0
846,2026-04-01,430.0
847,2026-04-01,680.0
849,2026-04-01,110.0
850,2026-04-01,1130.0
851,2026-04-01,300.0
852,2026-04-01,950.0
853,2026-04-01,1450.0
854,2026-04-01,1800.0
856,2026-04-01,170.0
858,2026-04-01,320.0
860,2026-04-01,490.0
861,2026-04-01,270.0
862,2026-04-01,520.0
863,2026-04-01,250.0
864,2026-04-01,190.0
865,2026-04-01,320.0
866,2026-04-01,360.0
867,2026-04-01,240.0
869,2026-04-01,590.0
870,2026-04-01,670.0
871,2026-04-01,990.0
872,2026-04-01,360.0
873,2026-04-01,400.0
875,2026-04-01,300.0
876,2026-04-01,550.0
877,2026-04-01,350.0
878,2026-04-01,480.0
880,2026-04-01,380.0
881,2026-04-01,140.0
882,2026-04-01,820.0
883,2026-04-01,590.0
884,2026-04-01,480.0
885,2026-04-01,480.0
886,2026-04-01,1220.0
888,2026-04-01,1020.0
889,2026-04-01,300.0
890,2026-04-01,240.0
891,2026-04-01,1360.0
892,2026-04-01,1510.0
894,2026-04-01,590.0
895,2026-04-01,1470.0
896,2026-04-01,440.0
897,2026-04-01,1540.0
898,2026-04-01,1080.0
899,2026-04-01,390.0
900,2026-04-01,410.0
901,2026-04-01,660.0
903,2026-04-01,710.0
904,2026-04-01,530.0
905,2026-04-01,390.0
906,2026-04-01,680.0
908,2026-04-01,490.0
909,2026-04-01,1250.0
911,2026-04-01,420.0
913,2026-04-01,1580.0
914,2026-04-01,300.0
915,2026-04-01,660.0
916,2026-04-01,760.0
917,2026-04-01,500.0
918,2026-04-01,320.0
919,2026-04-01,280.0
921,2026-04-01,250.0
922,2026-04-01,740.0
923,2026-04-01,360.0
925,2026-04-01,110.0
926,2026-04-01,1260.0
927,2026-04-01,130.0
928,2026-04-01,440.0
929,2026-04-01,940.0
930,2026-04-01,160.0
931,2026-04-01,280.0
932,2026-04-01,480.0
933,2026-04-01,2490.0
934,2026-04-01,290.0
936,2026-04-01,430.0
939,2026-04-01,330.0
940,2026-04-01,630.0
941,2026-04-01,480.0
942,2026-04-01,580.0
943,2026-04-01,420.0
944,2026-04-01,280.0
945,2026-04-01,790.0
947,2026-04-01,790.0
948,2026-04-01,1110.0
949,2026-04-01,760.0
950,2026-04-01,470.0
951,2026-04-01,200.0
953,2026-04-01,360.0
955,2026-04-01,490.0
956,2026-04-01,880.0
957,2026-04-01,540.0
958,2026-04-01,270.0
959,2026-04-01,150.0
961,2026-04-01,300.0
962,2026-04-01,400.0
963,2026-04-01,250.0
964,2026-04-01,350.0
965,2026-04-01,700.0
966,2026-04-01,210.0
967,2026-04-01,400.0
970,2026-04-01,730.0
971,2026-04-01,1050.0
972,2026-04-01,140.0
973,2026-04-01,430.0
974,2026-04-01,320.0
975,2026-04-01,730.0
977,2026-04-01,270.0
978,2026-04-01,550.0
979,2026-04-01,700.0
980,2026-04-01,390.0
981,2026-04-01,360.0
982,2026-04-01,1200.0
983,2026-04-01,620.0
984,2026-04-01,450.0
985,2026-04-01,430.0
987,2026-04-01,450.0
988,2026-04-01,340.0
989,2026-04-01,580.0
990,2026-04-01,470.0
991,2026-04-01,1200.0
992,2026-04-01,410.0
994,2026-04-01,210.0
995,2026-04-01,910.0
996,2026-04-01,380.0
997,2026-04-01,390.0
999,2026-04-01,510.0
1000,2026-04-01,790.0
1002,2026-04-01,530.0
1003,2026-04-01,220.0
1004,2026-04-01,490.0
1005,2026-04-01,660.0
1007,2026-04-01,590.0
1009,2026-04-01,540.0
1010,2026-04-01,480.0
1011,2026-04-01,730.0
1012,2026-04-01,720.0
1013,2026-04-01,650.0
1014,2026-04-01,610.0
1015,2026-04-01,1080.0
1016,2026-04-01,350.0
1017,2026-04-01,660.0
1018,2026-04-01,570.0
1020,2026-04-01,720.0
1021,2026-04-01,590.0
1023,2026-04-01,1080.0
1024,2026-04-01,260.0
1025,2026-04-01,1570.0
1026,2026-04-01,110.0
1027,2026-04-01,1100.0
1028,2026-04-01,490.0
1029,2026-04-01,120.0
1030,2026-04-01,1020.0
1031,2026-04-01,850.0
1032,2026-04-01,1340.0
1033,2026-04-01,190.0
1034,2026-04-01,540.0
1035,2026-04-01,230.0
1036,2026-04-01,270.0
1037,2026-04-01,580.0
1038,2026-04-01,350.0
1039,2026-04-01,150.0
1041,2026-04-01,190.0
1042,2026-04-01,460.0
1043,2026-04-01,740.0
1044,2026-04-01,570.0
1045,2026-04-01,380.0
1046,2026-04-01,990.0
1047,2026-04-01,510.0
1049,2026-04-01,530.0
1051,2026-04-01,710.0
1052,2026-04-01,560.0
1053,2026-04-01,460.0
1054,2026-04-01,370.0
1055,2026-04-01,400.0
1056,2026-04-01,820.0
1057,2026-04-01,360.0
1058,2026-04-01,390.0
1059,2026-04-01,440.0
1060,2026-04-01,630.0
1061,2026-04-01,340.0
1062,2026-04-01,550.0
1063,2026-04-01,760.0
1064,2026-04-01,1760.0
1066,2026-04-01,590.0
1067,2026-04-01,370.0
1068,2026-04-01,580.0
1069,2026-04-01,440.0
1070,2026-04-01,920.0
1072,2026-04-01,420.0
1073,2026-04-01,720.0
1074,2026-04-01,360.0
1075,2026-04-01,650.0
1076,2026-04-01,1530.0
1077,2026-04-01,600.0
1078,2026-04-01,980.0
1079,2026-04-01,650.0
1080,2026-04-01,510.0
1081,2026-04-01,500.0
1082,2026-04-01,350.0
1085,2026-04-01,730.0
1086,2026-04-01,1130.0
1087,2026-04-01,290.0
1088,2026-04-01,280.0
1089,2026-04-01,760.0
1090,2026-04-01,560.0
1091,2026-04-01,240.0
1092,2026-04-01,200.0
1093,2026-04-01,240.0
1095,2026-04-01,200.0
1096,2026-04-01,250.0
1097,2026-04-01,190.0
1098,2026-04-01,530.0
1102,2026-04-01,740.0
1103,2026-04-01,640.0
1104,2026-04-01,420.0
1105,2026-04-01,170.0
1106,2026-04-01,1160.0
1107,2026-04-01,1660.0
1108,2026-04-01,1300.0
1109,2026-04-01,300.0
1110,2026-04-01,280.0
1111,2026-04-01,470.0
1112,2026-04-01,170.0
1113,2026-04-01,320.0
1114,2026-04-01,480.0
1116,2026-04-01,290.0
1117,2026-04-01,260.0
1118,2026-04-01,840.0
1119,2026-04-01,220.0
1120,2026-04-01,500.0
1121,2026-04-01,530.0
1122,2026-04-01,220.0
1123,2026-04-01,920.0
1124,2026-04-01,680.0
1125,2026-04-01,300.0
1126,2026-04-01,340.0
1127,2026-04-01,370.0
1128,2026-04-01,210.0
1129,2026-04-01,820.0
1130,2026-04-01,510.0
1131,2026-04-01,320.0
1132,2026-04-01,510.0
1133,2026-04-01,380.0
1134,2026-04-01,190.0
1135,2026-04-01,1360.0
1136,2026-04-01,390.0
1137,2026-04-01,410.0
1138,2026-04-01,530.0
1139,2026-04-01,450.0
1141,2026-04-01,970.0
1142,2026-04-01,830.0
1143,2026-04-01,390.0
1144,2026-04-01,390.0
1145,2026-04-01,180.0
1146,2026-04-01,1110.0
1147,2026-04-01,630.0
1148,2026-04-01,560.0
1149,2026-04-01,300.0
1150,2026-04-01,440.0
1151,2026-04-01,370.0
1152,2026-04-01,460.0
1153,2026-04-01,430.0
1154,2026-04-01,790.0
1155,2026-04-01,230.0
1156,2026-04-01,580.0
1157,2026-04-01,560.0
1158,2026-04-01,270.0
1159,2026-04-01,260.0
1160,2026-04-01,1000.0
1161,2026-04-01,470.0
1162,2026-04-01,220.0
1163,2026-04-01,380.0
1164,2026-04-01,320.0
1165,2026-04-01,1150.0
1166,2026-04-01,440.0
1167,2026-04-01,180.0
1168,2026-04-01,150.0
1169,2026-04-01,140.0
1170,2026-04-01,900.0
1171,2026-04-01,170.0
1172,2026-04-01,420.0
1173,2026-04-01,770.0
1174,2026-04-01,580.0
1175,2026-04-01,770.0
1176,2026-04-01,650.0
1177,2026-04-01,680.0
1178,2026-04-01,150.0
1179,2026-04-01,250.0
1180,2026-04-01,250.0
1181,2026-04-01,810.0
1183,2026-04-01,500.0
1184,2026-04-01,690.0
1185,2026-04-01,280.0
1186,2026-04-01,680.0
1187,2026-04-01,370.0
1188,2026-04-01,670.0
1189,2026-04-01,530.0
1190,2026-04-01,180.0
1191,2026-04-01,270.0
1192,2026-04-01,320.0
1193,2026-04-01,970.0
1194,2026-04-01,880.0
1195,2026-04-01,310.0
1196,2026-04-01,350.0
1197,2026-04-01,220.0
1198,2026-04-01,350.0
1199,2026-04-01,240.0
1200,2026-04-01,260.0
1202,2026-04-01,990.0
1203,2026-04-01,390.0
1204,2026-04-01,540.0
1205,2026-04-01,630.0
1206,2026-04-01,590.0
1207,2026-04-01,510.0
1208,2026-04-01,420.0
1209,2026-04-01,290.0
1210,2026-04-01,250.0
1211,2026-04-01,590.0
1213,2026-04-01,290.0
1214,2026-04-01,530.0
1215,2026-04-01,200.0
1216,2026-04-01,190.0
1217,2026-04-01,680.0
1218,2026-04-01,420.0
1219,2026-04-01,480.0
1220,2026-04-01,600.0
1221,2026-04-01,550.0
1222,2026-04-01,230.0
1224,2026-04-01,290.0
1225,2026-04-01,1150.0
1226,2026-04-01,550.0
1227,2026-04-01,560.0
1228,2026-04-01,490.0
1229,2026-04-01,220.0
1230,2026-04-01,460.0
1231,2026-04-01,690.0
1232,2026-04-01,220.0
1233,2026-04-01,400.0
1234,2026-04-01,160.0
1235,2026-04-01,920.0
1236,2026-04-01,330.0
1237,2026-04-01,230.0
1238,2026-04-01,990.0
1239,2026-04-01,790.0
1240,2026-04-01,1210.0
1241,2026-04-01,200.0
1242,2026-04-01,640.0
1243,2026-04-01,260.0
1244,2026-04-01,650.0
1245,2026-04-01,560.0
1246,2026-04-01,440.0
1247,2026-04-01,460.0
1248,2026-04-01,440.0
1249,2026-04-01,1850.0
1250,2026-04-01,360.0
1251,2026-04-01,340.0
1252,2026-04-01,460.0
1253,2026-04-01,570.0
1254,2026-04-01,340.0
1255,2026-04-01,360.0
1256,2026-04-01,1340.0
1257,2026-04-01,700.0
1258,2026-04-01,590.0
1259,2026-04-01,920.0
1260,2026-04-01,590.0
1261,2026-04-01,340.0
1262,2026-04-01,520.0
1263,2026-04-01,180.0
1264,2026-04-01,430.0
1265,2026-04-01,330.0
1266,2026-04-01,280.0
1267,2026-04-01,840.0
1268,2026-04-01,680.0
1269,2026-04-01,420.0
1270,2026-04-01,540.0
1271,2026-04-01,750.0
1272,2026-04-01,520.0
1273,2026-04-01,1060.0
1274,2026-04-01,240.0
1275,2026-04-01,1570.0
1276,2026-04-01,100.0
1277,2026-04-01,330.0
1278,2026-04-01,250.0
1279,2026-04-01,350.0
1280,2026-04-01,480.0
1281,2026-04-01,240.0
1282,2026-04-01,230.0
1283,2026-04-01,330.0
1284,2026-04-01,730.0
1286,2026-04-01,420.0
1287,2026-04-01,730.0
1288,2026-04-01,950.0
1289,2026-04-01,400.0
1290,2026-04-01,1010.0
1291,2026-04-01,320.0
1292,2026-04-01,310.0
1293,2026-04-01,410.0
1294,2026-04-01,250.0
1295,2026-04-01,450.0
1296,2026-04-01,1260.0
1297,2026-04-01,250.0
1298,2026-04-01,430.0
1299,2026-04-01,120.0
1300,2026-04-01,1010.0
1301,2026-04-01,120.0
1302,2026-04-01,220.0
1303,2026-04-01,620.0
1304,2026-04-01,910.0
1305,2026-04-01,830.0
1306,2026-04-01,550.0
1307,2026-04-01,520.0
1308,2026-04-01,490.0
1309,2026-04-01,630.0
1310,2026-04-01,540.0
1311,2026-04-01,470.0
1312,2026-04-01,420.0
1313,2026-04-01,390.0
1314,2026-04-01,1190.0
1315,2026-04-01,190.0
1316,2026-04-01,290.0
1317,2026-04-01,630.0
1318,2026-04-01,350.0
1319,2026-04-01,480.0
1320,2026-04-01,470.0
1321,2026-04-01,420.0
1322,2026-04-01,160.0
1323,2026-04-01,920.0
1324,2026-04-01,670.0
1325,2026-04-01,490.0
1326,2026-04-01,220.0
1327,2026-04-01,500.0
1328,2026-04-01,420.0
1329,2026-04-01,760.0
1330,2026-04-01,220.0
1332,2026-04-01,450.0
1333,2026-04-01,430.0
1334,2026-04-01,1200.0
1335,2026-04-01,170.0
1336,2026-04-01,210.0
1337,2026-04-01,1010.0
1338,2026-04-01,710.0
1339,2026-04-01,510.0
1340,2026-04-01,150.0
1341,2026-04-01,1080.0
1342,2026-04-01,430.0
1343,2026-04-01,290.0
1344,2026-04-01,770.0
1345,2026-04-01,730.0
1346,2026-04-01,290.0
1347,2026-04-01,380.0
1348,2026-04-01,170.0
1349,2026-04-01,1340.0
1350,2026-04-01,510.0
1351,2026-04-01,260.0
1352,2026-04-01,830.0
1353,2026-04-01,1390.0
1354,2026-04-01,110.0
1355,2026-04-01,920.0
1356,2026-04-01,600.0
1357,2026-04-01,290.0
1358,2026-04-01,520.0
1359,2026-04-01,550.0
1360,2026-04-01,520.0
1361,2026-04-01,1600.0
1362,2026-04-01,200.0
1363,2026-04-01,200.0
1364,2026-04-01,520.0
1365,2026-04-01,830.0
1366,2026-04-01,250.0
1367,2026-04-01,200.0
1368,2026-04-01,500.0
1369,2026-04-01,430.0
1370,2026-04-01,450.0
1371,2026-04-01,860.0
1372,2026-04-01,800.0
1373,2026-04-01,420.0
1374,2026-04-01,980.0
1375,2026-04-01,710.0
1376,2026-04-01,440.0
1377,2026-04-01,300.0
1378,2026-04-01,650.0
1379,2026-04-01,510.0
1380,2026-04-01,730.0
1381,2026-04-01,610.0
1382,2026-04-01,540.0
1383,2026-04-01,460.0
1384,2026-04-01,170.0
1385,2026-04-01,740.0
1386,2026-04-01,430.0
1387,2026-04-01,810.0
1,2026-05-01,340.0
5,2026-05-01,600.0
7,2026-05-01,1180.0
8,2026-05-01,100.0
9,2026-05-01,300.0
11,2026-05-01,1180.0
12,2026-05-01,1120.0
13,2026-05-01,320.0
14,2026-05-01,870.0
16,2026-05-01,3650.0
17,2026-05-01,710.0
19,2026-05-01,840.0
20,2026-05-01,360.0
21,2026-05-01,650.0
22,2026-05-01,1170.0
24,2026-05-01,730.0
25,2026-05-01,720.0
26,2026-05-01,1290.0
27,2026-05-01,560.0
28,2026-05-01,230.0
32,2026-05-01,360.0
33,2026-05-01,1310.0
36,2026-05-01,650.0
39,2026-05-01,200.0
40,2026-05-01,1240.0
42,2026-05-01,520.0
47,2026-05-01,1110.0
52,2026-05-01,2520.0
55,2026-05-01,800.0
56,2026-05-01,620.0
58,2026-05-01,270.0
62,2026-05-01,550.0
63,2026-05-01,410.0
64,2026-05-01,430.0
65,2026-05-01,820.0
67,2026-05-01,1700.0
68,2026-05-01,930.0
72,2026-05-01,170.0
74,2026-05-01,1110.0
75,2026-05-01,500.0
81,2026-05-01,610.0
83,2026-05-01,1630.0
86,2026-05-01,570.0
87,2026-05-01,540.0
90,2026-05-01,790.0
92,2026-05-01,1360.0
94,2026-05-01,210.0
95,2026-05-01,240.0
97,2026-05-01,530.0
98,2026-05-01,440.0
99,2026-05-01,1370.0
100,2026-05-01,1250.0
105,2026-05-01,260.0
106,2026-05-01,1480.0
107,2026-05-01,750.0
113,2026-05-01,540.0
114,2026-05-01,2020.0
115,2026-05-01,350.0
116,2026-05-01,1030.0
117,2026-05-01,420.0
119,2026-05-01,690.0
121,2026-05-01,440.0
123,2026-05-01,190.0
125,2026-05-01,960.0
126,2026-05-01,890.0
127,2026-05-01,890.0
128,2026-05-01,750.0
129,2026-05-01,1070.0
130,2026-05-01,520.0
133,2026-05-01,680.0
134,2026-05-01,880.0
135,2026-05-01,1240.0
136,2026-05-01,500.0
138,2026-05-01,3150.0
139,2026-05-01,650.0
141,2026-05-01,1010.0
143,2026-05-01,280.0
144,2026-05-01,180.0
145,2026-05-01,960.0
148,2026-05-01,480.0
151,2026-05-01,360.0
152,2026-05-01,410.0
153,2026-05-01,280.0
155,2026-05-01,360.0
156,2026-05-01,430.0
157,2026-05-01,440.0
160,2026-05-01,730.0
161,2026-05-01,740.0
165,2026-05-01,660.0
166,2026-05-01,410.0
168,2026-05-01,430.0
170,2026-05-01,640.0
172,2026-05-01,500.0
173,2026-05-01,440.0
174,2026-05-01,670.0
175,2026-05-01,180.0
178,2026-05-01,300.0
180,2026-05-01,670.0
182,2026-05-01,1610.0
184,2026-05-01,1030.0
185,2026-05-01,220.0
187,2026-05-01,380.0
189,2026-05-01,610.0
190,2026-05-01,440.0
191,2026-05-01,530.0
193,2026-05-01,350.0
194,2026-05-01,1350.0
195,2026-05-01,970.0
196,2026-05-01,420.0
197,2026-05-01,240.0
198,2026-05-01,320.0
199,2026-05-01,1160.0
200,2026-05-01,290.0
201,2026-05-01,530.0
202,2026-05-01,260.0
206,2026-05-01,760.0
207,2026-05-01,1520.0
209,2026-05-01,510.0
211,2026-05-01,550.0
212,2026-05-01,790.0
213,2026-05-01,420.0
214,2026-05-01,960.0
216,2026-05-01,1670.0
218,2026-05-01,220.0
219,2026-05-01,580.0
220,2026-05-01,1570.0
222,2026-05-01,500.0
223,2026-05-01,1140.0
226,2026-05-01,1150.0
229,2026-05-01,570.0
231,2026-05-01,630.0
232,2026-05-01,260.0
233,2026-05-01,310.0
234,2026-05-01,390.0
235,2026-05-01,1100.0
238,2026-05-01,1250.0
239,2026-05-01,1260.0
241,2026-05-01,260.0
242,2026-05-01,130.0
243,2026-05-01,280.0
244,2026-05-01,920.0
246,2026-05-01,1360.0
247,2026-05-01,370.0
249,2026-05-01,1300.0
250,2026-05-01,1070.0
251,2026-05-01,110.0
253,2026-05-01,280.0
254,2026-05-01,430.0
255,2026-05-01,740.0
256,2026-05-01,730.0
257,2026-05-01,230.0
258,2026-05-01,810.0
259,2026-05-01,670.0
260,2026-05-01,810.0
264,2026-05-01,470.0
266,2026-05-01,650.0
267,2026-05-01,1260.0
268,2026-05-01,170.0
269,2026-05-01,440.0
270,2026-05-01,1490.0
271,2026-05-01,1470.0
273,2026-05-01,880.0
275,2026-05-01,550.0
276,2026-05-01,700.0
277,2026-05-01,480.0
278,2026-05-01,470.0
279,2026-05-01,350.0
280,2026-05-01,330.0
281,2026-05-01,670.0
282,2026-05-01,720.0
283,2026-05-01,230.0
284,2026-05-01,520.0
285,2026-05-01,810.0
286,2026-05-01,1280.0
290,2026-05-01,600.0
291,2026-05-01,270.0
293,2026-05-01,340.0
296,2026-05-01,1290.0
297,2026-05-01,460.0
298,2026-05-01,960.0
300,2026-05-01,270.0
301,2026-05-01,340.0
302,2026-05-01,830.0
305,2026-05-01,1290.0
306,2026-05-01,280.0
308,2026-05-01,220.0
309,2026-05-01,140.0
311,2026-05-01,360.0
315,2026-05-01,730.0
316,2026-05-01,470.0
317,2026-05-01,920.0
320,2026-05-01,320.0
321,2026-05-01,380.0
322,2026-05-01,1770.0
323,2026-05-01,1850.0
325,2026-05-01,1170.0
326,2026-05-01,310.0
328,2026-05-01,3530.0
329,2026-05-01,270.0
330,2026-05-01,620.0
332,2026-05-01,300.0
333,2026-05-01,1050.0
334,2026-05-01,1950.0
337,2026-05-01,570.0
338,2026-05-01,740.0
340,2026-05-01,700.0
341,2026-05-01,220.0
342,2026-05-01,2360.0
344,2026-05-01,2510.0
345,2026-05-01,760.0
346,2026-05-01,2100.0
347,2026-05-01,1900.0
350,2026-05-01,620.0
351,2026-05-01,700.0
352,2026-05-01,4180.0
354,2026-05-01,310.0
358,2026-05-01,410.0
359,2026-05-01,230.0
360,2026-05-01,320.0
361,2026-05-01,590.0
363,2026-05-01,830.0
365,2026-05-01,1110.0
366,2026-05-01,910.0
369,2026-05-01,960.0
370,2026-05-01,440.0
372,2026-05-01,310.0
373,2026-05-01,660.0
374,2026-05-01,530.0
375,2026-05-01,380.0
376,2026-05-01,530.0
377,2026-05-01,190.0
379,2026-05-01,650.0
381,2026-05-01,780.0
383,2026-05-01,820.0
384,2026-05-01,630.0
385,2026-05-01,840.0
388,2026-05-01,190.0
389,2026-05-01,910.0
393,2026-05-01,420.0
394,2026-05-01,360.0
396,2026-05-01,760.0
397,2026-05-01,650.0
398,2026-05-01,1200.0
399,2026-05-01,350.0
400,2026-05-01,1290.0
401,2026-05-01,440.0
403,2026-05-01,390.0
404,2026-05-01,240.0
405,2026-05-01,740.0
406,2026-05-01,310.0
407,2026-05-01,410.0
408,2026-05-01,420.0
409,2026-05-01,300.0
410,2026-05-01,1050.0
411,2026-05-01,620.0
412,2026-05-01,890.0
414,2026-05-01,100.0
416,2026-05-01,490.0
417,2026-05-01,740.0
419,2026-05-01,240.0
421,2026-05-01,1420.0
424,2026-05-01,400.0
426,2026-05-01,620.0
428,2026-05-01,310.0
429,2026-05-01,1170.0
430,2026-05-01,800.0
431,2026-05-01,270.0
432,2026-05-01,910.0
433,2026-05-01,1100.0
434,2026-05-01,520.0
435,2026-05-01,680.0
436,2026-05-01,360.0
438,2026-05-01,430.0
441,2026-05-01,510.0
442,2026-05-01,330.0
443,2026-05-01,2170.0
444,2026-05-01,580.0
445,2026-05-01,390.0
446,2026-05-01,600.0
450,2026-05-01,350.0
451,2026-05-01,990.0
453,2026-05-01,360.0
455,2026-05-01,1360.0
456,2026-05-01,450.0
458,2026-05-01,280.0
459,2026-05-01,640.0
460,2026-05-01,270.0
461,2026-05-01,590.0
462,2026-05-01,580.0
463,2026-05-01,230.0
464,2026-05-01,1490.0
467,2026-05-01,740.0
468,2026-05-01,2200.0
469,2026-05-01,650.0
470,2026-05-01,530.0
472,2026-05-01,2090.0
474,2026-05-01,430.0
477,2026-05-01,150.0
479,2026-05-01,940.0
482,2026-05-01,210.0
483,2026-05-01,340.0
484,2026-05-01,110.0
485,2026-05-01,730.0
486,2026-05-01,230.0
487,2026-05-01,560.0
491,2026-05-01,110.0
493,2026-05-01,150.0
494,2026-05-01,390.0
495,2026-05-01,1160.0
496,2026-05-01,1360.0
497,2026-05-01,1080.0
498,2026-05-01,480.0
499,2026-05-01,930.0
501,2026-05-01,800.0
502,2026-05-01,750.0
503,2026-05-01,680.0
504,2026-05-01,1240.0
509,2026-05-01,850.0
512,2026-05-01,810.0
514,2026-05-01,690.0
521,2026-05-01,300.0
522,2026-05-01,620.0
524,2026-05-01,390.0
525,2026-05-01,110.0
527,2026-05-01,340.0
529,2026-05-01,750.0
530,2026-05-01,1420.0
531,2026-05-01,450.0
534,2026-05-01,650.0
535,2026-05-01,1150.0
538,2026-05-01,560.0
541,2026-05-01,490.0
543,2026-05-01,280.0
544,2026-05-01,1050.0
546,2026-05-01,240.0
547,2026-05-01,230.0
548,2026-05-01,2170.0
549,2026-05-01,390.0
550,2026-05-01,420.0
551,2026-05-01,180.0
552,2026-05-01,420.0
553,2026-05-01,1130.0
554,2026-05-01,300.0
555,2026-05-01,360.0
556,2026-05-01,1100.0
558,2026-05-01,290.0
559,2026-05-01,270.0
561,2026-05-01,860.0
562,2026-05-01,210.0
563,2026-05-01,580.0
566,2026-05-01,370.0
567,2026-05-01,120.0
568,2026-05-01,680.0
570,2026-05-01,200.0
571,2026-05-01,630.0
572,2026-05-01,520.0
573,2026-05-01,290.0
574,2026-05-01,570.0
575,2026-05-01,260.0
576,2026-05-01,300.0
577,2026-05-01,530.0
578,2026-05-01,740.0
579,2026-05-01,1200.0
580,2026-05-01,430.0
582,2026-05-01,370.0
583,2026-05-01,1060.0
584,2026-05-01,140.0
585,2026-05-01,1060.0
586,2026-05-01,190.0
587,2026-05-01,360.0
590,2026-05-01,190.0
591,2026-05-01,780.0
592,2026-05-01,510.0
593,2026-05-01,800.0
595,2026-05-01,350.0
597,2026-05-01,470.0
601,2026-05-01,340.0
602,2026-05-01,300.0
605,2026-05-01,630.0
606,2026-05-01,490.0
607,2026-05-01,430.0
608,2026-05-01,190.0
610,2026-05-01,2010.0
611,2026-05-01,450.0
612,2026-05-01,460.0
613,2026-05-01,690.0
615,2026-05-01,290.0
616,2026-05-01,170.0
617,2026-05-01,730.0
618,2026-05-01,250.0
619,2026-05-01,300.0
621,2026-05-01,370.0
622,2026-05-01,380.0
623,2026-05-01,670.0
624,2026-05-01,310.0
626,2026-05-01,360.0
627,2026-05-01,830.0
628,2026-05-01,840.0
629,2026-05-01,540.0
631,2026-05-01,1010.0
633,2026-05-01,410.0
635,2026-05-01,760.0
636,2026-05-01,1050.0
637,2026-05-01,1090.0
641,2026-05-01,370.0
642,2026-05-01,370.0
643,2026-05-01,600.0
644,2026-05-01,1260.0
646,2026-05-01,970.0
647,2026-05-01,390.0
648,2026-05-01,500.0
649,2026-05-01,560.0
650,2026-05-01,410.0
652,2026-05-01,520.0
653,2026-05-01,550.0
655,2026-05-01,770.0
656,2026-05-01,880.0
657,2026-05-01,760.0
658,2026-05-01,800.0
659,2026-05-01,380.0
661,2026-05-01,240.0
662,2026-05-01,460.0
663,2026-05-01,870.0
664,2026-05-01,360.0
666,2026-05-01,410.0
668,2026-05-01,290.0
669,2026-05-01,470.0
670,2026-05-01,760.0
672,2026-05-01,660.0
674,2026-05-01,1780.0
676,2026-05-01,210.0
677,2026-05-01,550.0
678,2026-05-01,180.0
679,2026-05-01,1140.0
680,2026-05-01,330.0
681,2026-05-01,2180.0
682,2026-05-01,220.0
683,2026-05-01,340.0
685,2026-05-01,650.0
686,2026-05-01,630.0
687,2026-05-01,160.0
689,2026-05-01,500.0
692,2026-05-01,430.0
693,2026-05-01,490.0
694,2026-05-01,300.0
695,2026-05-01,1220.0
697,2026-05-01,540.0
699,2026-05-01,430.0
701,2026-05-01,540.0
702,2026-05-01,560.0
703,2026-05-01,620.0
706,2026-05-01,260.0
707,2026-05-01,360.0
708,2026-05-01,410.0
711,2026-05-01,1020.0
712,2026-05-01,710.0
713,2026-05-01,1300.0
714,2026-05-01,570.0
715,2026-05-01,860.0
716,2026-05-01,1290.0
717,2026-05-01,660.0
718,2026-05-01,780.0
719,2026-05-01,210.0
720,2026-05-01,600.0
721,2026-05-01,520.0
722,2026-05-01,450.0
723,2026-05-01,530.0
724,2026-05-01,440.0
726,2026-05-01,200.0
727,2026-05-01,1580.0
728,2026-05-01,2300.0
730,2026-05-01,850.0
731,2026-05-01,810.0
733,2026-05-01,410.0
734,2026-05-01,520.0
735,2026-05-01,140.0
736,2026-05-01,770.0
738,2026-05-01,450.0
740,2026-05-01,530.0
742,2026-05-01,1810.0
743,2026-05-01,460.0
744,2026-05-01,360.0
745,2026-05-01,620.0
748,2026-05-01,420.0
749,2026-05-01,710.0
750,2026-05-01,470.0
752,2026-05-01,580.0
753,2026-05-01,580.0
754,2026-05-01,580.0
755,2026-05-01,110.0
757,2026-05-01,1140.0
758,2026-05-01,250.0
759,2026-05-01,1670.0
760,2026-05-01,580.0
761,2026-05-01,350.0
762,2026-05-01,520.0
763,2026-05-01,640.0
764,2026-05-01,510.0
766,2026-05-01,450.0
768,2026-05-01,290.0
769,2026-05-01,110.0
770,2026-05-01,520.0
771,2026-05-01,620.0
775,2026-05-01,220.0
776,2026-05-01,180.0
777,2026-05-01,1450.0
779,2026-05-01,330.0
780,2026-05-01,2730.0
781,2026-05-01,720.0
783,2026-05-01,140.0
784,2026-05-01,530.0
785,2026-05-01,770.0
786,2026-05-01,340.0
787,2026-05-01,830.0
788,2026-05-01,550.0
790,2026-05-01,1020.0
791,2026-05-01,390.0
792,2026-05-01,510.0
795,2026-05-01,290.0
796,2026-05-01,840.0
797,2026-05-01,600.0
798,2026-05-01,560.0
799,2026-05-01,300.0
800,2026-05-01,600.0
802,2026-05-01,130.0
803,2026-05-01,460.0
804,2026-05-01,400.0
807,2026-05-01,1470.0
808,2026-05-01,340.0
809,2026-05-01,1190.0
811,2026-05-01,700.0
812,2026-05-01,860.0
813,2026-05-01,660.0
816,2026-05-01,200.0
817,2026-05-01,390.0
818,2026-05-01,290.0
819,2026-05-01,490.0
820,2026-05-01,210.0
821,2026-05-01,390.0
822,2026-05-01,360.0
823,2026-05-01,240.0
825,2026-05-01,320.0
827,2026-05-01,420.0
828,2026-05-01,260.0
830,2026-05-01,430.0
831,2026-05-01,260.0
832,2026-05-01,330.0
833,2026-05-01,330.0
834,2026-05-01,550.0
835,2026-05-01,410.0
836,2026-05-01,170.0
837,2026-05-01,470.0
838,2026-05-01,480.0
839,2026-05-01,340.0
840,2026-05-01,1170.0
841,2026-05-01,160.0
842,2026-05-01,1680.0
843,2026-05-01,940.0
844,2026-05-01,500.0
845,2026-05-01,170.0
846,2026-05-01,430.0
847,2026-05-01,680.0
849,2026-05-01,110.0
850,2026-05-01,1130.0
851,2026-05-01,300.0
852,2026-05-01,950.0
853,2026-05-01,1450.0
854,2026-05-01,1800.0
856,2026-05-01,170.0
858,2026-05-01,320.0
860,2026-05-01,490.0
861,2026-05-01,270.0
862,2026-05-01,520.0
863,2026-05-01,250.0
864,2026-05-01,190.0
865,2026-05-01,320.0
867,2026-05-01,240.0
869,2026-05-01,590.0
870,2026-05-01,670.0
871,2026-05-01,990.0
872,2026-05-01,360.0
873,2026-05-01,400.0
875,2026-05-01,300.0
876,2026-05-01,700.0
877,2026-05-01,290.0
878,2026-05-01,480.0
881,2026-05-01,200.0
882,2026-05-01,820.0
883,2026-05-01,590.0
884,2026-05-01,480.0
885,2026-05-01,480.0
886,2026-05-01,1220.0
888,2026-05-01,1020.0
889,2026-05-01,300.0
890,2026-05-01,240.0
891,2026-05-01,1360.0
892,2026-05-01,1510.0
894,2026-05-01,590.0
895,2026-05-01,1470.0
896,2026-05-01,630.0
897,2026-05-01,1130.0
898,2026-05-01,1080.0
899,2026-05-01,390.0
900,2026-05-01,410.0
901,2026-05-01,840.0
903,2026-05-01,710.0
904,2026-05-01,530.0
905,2026-05-01,390.0
906,2026-05-01,680.0
908,2026-05-01,490.0
909,2026-05-01,1250.0
911,2026-05-01,350.0
913,2026-05-01,1580.0
914,2026-05-01,300.0
915,2026-05-01,660.0
916,2026-05-01,760.0
917,2026-05-01,500.0
918,2026-05-01,410.0
919,2026-05-01,280.0
921,2026-05-01,250.0
922,2026-05-01,740.0
923,2026-05-01,360.0
925,2026-05-01,110.0
926,2026-05-01,1260.0
927,2026-05-01,130.0
929,2026-05-01,940.0
930,2026-05-01,160.0
931,2026-05-01,280.0
932,2026-05-01,480.0
933,2026-05-01,2490.0
934,2026-05-01,290.0
936,2026-05-01,430.0
939,2026-05-01,330.0
940,2026-05-01,630.0
941,2026-05-01,480.0
942,2026-05-01,580.0
943,2026-05-01,420.0
944,2026-05-01,280.0
945,2026-05-01,790.0
947,2026-05-01,670.0
948,2026-05-01,1600.0
949,2026-05-01,760.0
950,2026-05-01,470.0
951,2026-05-01,200.0
953,2026-05-01,360.0
955,2026-05-01,490.0
956,2026-05-01,880.0
957,2026-05-01,540.0
958,2026-05-01,270.0
959,2026-05-01,150.0
961,2026-05-01,300.0
962,2026-05-01,580.0
963,2026-05-01,250.0
964,2026-05-01,350.0
965,2026-05-01,700.0
966,2026-05-01,210.0
967,2026-05-01,460.0
970,2026-05-01,730.0
971,2026-05-01,1050.0
972,2026-05-01,140.0
973,2026-05-01,430.0
974,2026-05-01,320.0
975,2026-05-01,730.0
977,2026-05-01,270.0
978,2026-05-01,550.0
979,2026-05-01,700.0
980,2026-05-01,390.0
981,2026-05-01,360.0
982,2026-05-01,1200.0
983,2026-05-01,620.0
984,2026-05-01,450.0
985,2026-05-01,430.0
987,2026-05-01,450.0
988,2026-05-01,340.0
989,2026-05-01,580.0
990,2026-05-01,470.0
991,2026-05-01,1200.0
992,2026-05-01,410.0
994,2026-05-01,210.0
995,2026-05-01,910.0
996,2026-05-01,380.0
997,2026-05-01,390.0
999,2026-05-01,510.0
1000,2026-05-01,790.0
1002,2026-05-01,530.0
1003,2026-05-01,220.0
1004,2026-05-01,490.0
1005,2026-05-01,660.0
1007,2026-05-01,590.0
1009,2026-05-01,540.0
1010,2026-05-01,480.0
1011,2026-05-01,730.0
1012,2026-05-01,720.0
1013,2026-05-01,650.0
1014,2026-05-01,610.0
1015,2026-05-01,1080.0
1016,2026-05-01,350.0
1017,2026-05-01,660.0
1018,2026-05-01,570.0
1020,2026-05-01,720.0
1021,2026-05-01,590.0
1023,2026-05-01,1080.0
1024,2026-05-01,260.0
1025,2026-05-01,1570.0
1026,2026-05-01,110.0
1027,2026-05-01,1100.0
1028,2026-05-01,490.0
1029,2026-05-01,120.0
1030,2026-05-01,1320.0
1031,2026-05-01,850.0
1032,2026-05-01,1340.0
1033,2026-05-01,190.0
1034,2026-05-01,540.0
1035,2026-05-01,230.0
1036,2026-05-01,270.0
1037,2026-05-01,580.0
1038,2026-05-01,350.0
1039,2026-05-01,150.0
1041,2026-05-01,190.0
1042,2026-05-01,460.0
1043,2026-05-01,740.0
1044,2026-05-01,570.0
1045,2026-05-01,380.0
1046,2026-05-01,990.0
1047,2026-05-01,510.0
1049,2026-05-01,530.0
1051,2026-05-01,710.0
1052,2026-05-01,560.0
1053,2026-05-01,460.0
1054,2026-05-01,370.0
1055,2026-05-01,400.0
1056,2026-05-01,820.0
1057,2026-05-01,360.0
1058,2026-05-01,390.0
1059,2026-05-01,440.0
1060,2026-05-01,630.0
1061,2026-05-01,340.0
1062,2026-05-01,550.0
1063,2026-05-01,760.0
1064,2026-05-01,1760.0
1066,2026-05-01,590.0
1067,2026-05-01,370.0
1068,2026-05-01,580.0
1069,2026-05-01,440.0
1070,2026-05-01,920.0
1072,2026-05-01,420.0
1073,2026-05-01,720.0
1074,2026-05-01,360.0
1075,2026-05-01,650.0
1076,2026-05-01,1530.0
1077,2026-05-01,600.0
1078,2026-05-01,980.0
1079,2026-05-01,650.0
1080,2026-05-01,510.0
1081,2026-05-01,500.0
1082,2026-05-01,350.0
1085,2026-05-01,730.0
1086,2026-05-01,1130.0
1087,2026-05-01,290.0
1088,2026-05-01,280.0
1089,2026-05-01,760.0
1090,2026-05-01,560.0
1091,2026-05-01,240.0
1092,2026-05-01,200.0
1093,2026-05-01,240.0
1095,2026-05-01,200.0
1096,2026-05-01,250.0
1097,2026-05-01,190.0
1098,2026-05-01,530.0
1102,2026-05-01,740.0
1103,2026-05-01,640.0
1104,2026-05-01,420.0
1105,2026-05-01,170.0
1106,2026-05-01,1160.0
1107,2026-05-01,1660.0
1108,2026-05-01,1300.0
1109,2026-05-01,300.0
1110,2026-05-01,280.0
1111,2026-05-01,470.0
1112,2026-05-01,170.0
1113,2026-05-01,320.0
1114,2026-05-01,480.0
1117,2026-05-01,370.0
1118,2026-05-01,840.0
1119,2026-05-01,220.0
1120,2026-05-01,500.0
1121,2026-05-01,530.0
1122,2026-05-01,220.0
1123,2026-05-01,920.0
1124,2026-05-01,680.0
1125,2026-05-01,300.0
1126,2026-05-01,340.0
1127,2026-05-01,370.0
1128,2026-05-01,290.0
1129,2026-05-01,820.0
1130,2026-05-01,510.0
1131,2026-05-01,320.0
1132,2026-05-01,510.0
1133,2026-05-01,380.0
1134,2026-05-01,250.0
1135,2026-05-01,1360.0
1136,2026-05-01,390.0
1137,2026-05-01,410.0
1138,2026-05-01,530.0
1139,2026-05-01,450.0
1141,2026-05-01,970.0
1142,2026-05-01,970.0
1143,2026-05-01,390.0
1144,2026-05-01,390.0
1145,2026-05-01,180.0
1146,2026-05-01,1110.0
1147,2026-05-01,630.0
1148,2026-05-01,560.0
1149,2026-05-01,300.0
1150,2026-05-01,440.0
1151,2026-05-01,370.0
1152,2026-05-01,460.0
1153,2026-05-01,430.0
1154,2026-05-01,790.0
1155,2026-05-01,230.0
1156,2026-05-01,580.0
1157,2026-05-01,560.0
1158,2026-05-01,270.0
1159,2026-05-01,260.0
1160,2026-05-01,1000.0
1161,2026-05-01,470.0
1162,2026-05-01,220.0
1163,2026-05-01,380.0
1164,2026-05-01,320.0
1165,2026-05-01,1150.0
1166,2026-05-01,440.0
1167,2026-05-01,180.0
1168,2026-05-01,150.0
1169,2026-05-01,140.0
1170,2026-05-01,900.0
1171,2026-05-01,220.0
1172,2026-05-01,420.0
1173,2026-05-01,770.0
1174,2026-05-01,580.0
1175,2026-05-01,770.0
1176,2026-05-01,650.0
1177,2026-05-01,680.0
1178,2026-05-01,150.0
1179,2026-05-01,250.0
1180,2026-05-01,250.0
1181,2026-05-01,810.0
1183,2026-05-01,500.0
1184,2026-05-01,690.0
1185,2026-05-01,280.0
1186,2026-05-01,680.0
1187,2026-05-01,370.0
1188,2026-05-01,670.0
1189,2026-05-01,530.0
1190,2026-05-01,180.0
1191,2026-05-01,270.0
1192,2026-05-01,320.0
1193,2026-05-01,970.0
1194,2026-05-01,880.0
1195,2026-05-01,310.0
1196,2026-05-01,350.0
1197,2026-05-01,220.0
1198,2026-05-01,350.0
1199,2026-05-01,240.0
1200,2026-05-01,260.0
1202,2026-05-01,990.0
1203,2026-05-01,390.0
1204,2026-05-01,540.0
1205,2026-05-01,630.0
1206,2026-05-01,590.0
1207,2026-05-01,510.0
1208,2026-05-01,420.0
1209,2026-05-01,290.0
1210,2026-05-01,250.0
1211,2026-05-01,590.0
1213,2026-05-01,290.0
1214,2026-05-01,530.0
1215,2026-05-01,200.0
1216,2026-05-01,190.0
1217,2026-05-01,680.0
1218,2026-05-01,420.0
1219,2026-05-01,480.0
1220,2026-05-01,600.0
1221,2026-05-01,690.0
1222,2026-05-01,230.0
1224,2026-05-01,400.0
1225,2026-05-01,1150.0
1226,2026-05-01,550.0
1227,2026-05-01,560.0
1228,2026-05-01,650.0
1229,2026-05-01,220.0
1230,2026-05-01,460.0
1231,2026-05-01,690.0
1232,2026-05-01,220.0
1233,2026-05-01,400.0
1235,2026-05-01,920.0
1236,2026-05-01,330.0
1237,2026-05-01,230.0
1238,2026-05-01,990.0
1239,2026-05-01,790.0
1240,2026-05-01,1210.0
1241,2026-05-01,200.0
1242,2026-05-01,640.0
1243,2026-05-01,260.0
1244,2026-05-01,650.0
1245,2026-05-01,560.0
1246,2026-05-01,440.0
1247,2026-05-01,460.0
1248,2026-05-01,440.0
1249,2026-05-01,1850.0
1250,2026-05-01,360.0
1251,2026-05-01,340.0
1252,2026-05-01,460.0
1253,2026-05-01,570.0
1254,2026-05-01,340.0
1255,2026-05-01,360.0
1256,2026-05-01,1340.0
1257,2026-05-01,700.0
1258,2026-05-01,590.0
1259,2026-05-01,920.0
1260,2026-05-01,590.0
1261,2026-05-01,340.0
1262,2026-05-01,520.0
1263,2026-05-01,180.0
1265,2026-05-01,330.0
1266,2026-05-01,280.0
1267,2026-05-01,840.0
1268,2026-05-01,680.0
1269,2026-05-01,420.0
1270,2026-05-01,540.0
1271,2026-05-01,750.0
1272,2026-05-01,520.0
1273,2026-05-01,1060.0
1274,2026-05-01,240.0
1275,2026-05-01,1570.0
1276,2026-05-01,100.0
1277,2026-05-01,330.0
1278,2026-05-01,250.0
1279,2026-05-01,350.0
1280,2026-05-01,480.0
1281,2026-05-01,240.0
1282,2026-05-01,230.0
1283,2026-05-01,330.0
1284,2026-05-01,730.0
1286,2026-05-01,420.0
1287,2026-05-01,730.0
1288,2026-05-01,950.0
1289,2026-05-01,400.0
1290,2026-05-01,1010.0
1291,2026-05-01,320.0
1292,2026-05-01,310.0
1293,2026-05-01,410.0
1294,2026-05-01,250.0
1295,2026-05-01,450.0
1296,2026-05-01,1260.0
1297,2026-05-01,250.0
1298,2026-05-01,320.0
1299,2026-05-01,120.0
1300,2026-05-01,1010.0
1301,2026-05-01,120.0
1302,2026-05-01,170.0
1303,2026-05-01,620.0
1304,2026-05-01,910.0
1305,2026-05-01,830.0
1306,2026-05-01,690.0
1307,2026-05-01,520.0
1308,2026-05-01,490.0
1309,2026-05-01,630.0
1310,2026-05-01,540.0
1311,2026-05-01,470.0
1312,2026-05-01,420.0
1313,2026-05-01,390.0
1314,2026-05-01,1190.0
1315,2026-05-01,190.0
1316,2026-05-01,290.0
1317,2026-05-01,630.0
1318,2026-05-01,350.0
1319,2026-05-01,480.0
1320,2026-05-01,470.0
1321,2026-05-01,420.0
1322,2026-05-01,160.0
1323,2026-05-01,920.0
1324,2026-05-01,990.0
1325,2026-05-01,490.0
1326,2026-05-01,220.0
1327,2026-05-01,500.0
1328,2026-05-01,420.0
1329,2026-05-01,950.0
1330,2026-05-01,220.0
1332,2026-05-01,450.0
1333,2026-05-01,430.0
1334,2026-05-01,1200.0
1335,2026-05-01,170.0
1336,2026-05-01,210.0
1337,2026-05-01,1010.0
1338,2026-05-01,710.0
1339,2026-05-01,510.0
1340,2026-05-01,150.0
1341,2026-05-01,1080.0
1342,2026-05-01,430.0
1343,2026-05-01,290.0
1344,2026-05-01,770.0
1345,2026-05-01,730.0
1346,2026-05-01,290.0
1347,2026-05-01,380.0
1348,2026-05-01,170.0
1349,2026-05-01,1340.0
1350,2026-05-01,510.0
1351,2026-05-01,260.0
1352,2026-05-01,830.0
1353,2026-05-01,1390.0
1354,2026-05-01,110.0
1355,2026-05-01,920.0
1356,2026-05-01,600.0
1357,2026-05-01,290.0
1358,2026-05-01,520.0
1359,2026-05-01,550.0
1360,2026-05-01,520.0
1361,2026-05-01,2310.0
1362,2026-05-01,200.0
1363,2026-05-01,200.0
1364,2026-05-01,520.0
1365,2026-05-01,830.0
1366,2026-05-01,250.0
1367,2026-05-01,200.0
1368,2026-05-01,500.0
1369,2026-05-01,430.0
1370,2026-05-01,450.0
1371,2026-05-01,860.0
1372,2026-05-01,800.0
1373,2026-05-01,420.0
1374,2026-05-01,980.0
1375,2026-05-01,710.0
1376,2026-05-01,440.0
1377,2026-05-01,300.0
1378,2026-05-01,650.0
1379,2026-05-01,510.0
1380,2026-05-01,730.0
1381,2026-05-01,610.0
1382,2026-05-01,540.0
1383,2026-05-01,460.0
1384,2026-05-01,170.0
1385,2026-05-01,740.0
1386,2026-05-01,430.0
1387,2026-05-01,640.0
1388,2026-05-01,440.0
1389,2026-05-01,250.0
1390,2026-05-01,210.0
1391,2026-05-01,160.0
1392,2026-05-01,1310.0
1393,2026-05-01,220.0
1394,2026-05-01,270.0
1395,2026-05-01,290.0
1396,2026-05-01,360.0
1397,2026-05-01,630.0
1398,2026-05-01,330.0
1399,2026-05-01,200.0
1400,2026-05-01,530.0
1401,2026-05-01,520.0
1402,2026-05-01,550.0
1403,2026-05-01,600.0
1404,2026-05-01,520.0
1405,2026-05-01,710.0
1406,2026-05-01,330.0
1407,2026-05-01,770.0
1408,2026-05-01,920.0
1409,2026-05-01,1030.0
1410,2026-05-01,1320.0
1411,2026-05-01,320.0
1412,2026-05-01,330.0
1413,2026-05-01,590.0
1414,2026-05-01,1350.0
1415,2026-05-01,410.0
1416,2026-05-01,660.0
1417,2026-05-01,580.0
1418,2026-05-01,360.0
1419,2026-05-01,410.0
1420,2026-05-01,370.0
1421,2026-05-01,260.0
1422,2026-05-01,290.0
1423,2026-05-01,530.0
1424,2026-05-01,560.0
1,2026-06-01,480.0
5,2026-06-01,600.0
7,2026-06-01,1180.0
8,2026-06-01,100.0
9,2026-06-01,300.0
11,2026-06-01,1180.0
12,2026-06-01,1120.0
13,2026-06-01,320.0
14,2026-06-01,870.0
16,2026-06-01,3650.0
17,2026-06-01,710.0
20,2026-06-01,360.0
21,2026-06-01,650.0
22,2026-06-01,1170.0
24,2026-06-01,730.0
25,2026-06-01,720.0
26,2026-06-01,1290.0
27,2026-06-01,560.0
28,2026-06-01,230.0
32,2026-06-01,360.0
33,2026-06-01,1310.0
36,2026-06-01,650.0
39,2026-06-01,200.0
40,2026-06-01,1240.0
42,2026-06-01,520.0
47,2026-06-01,1110.0
52,2026-06-01,2520.0
55,2026-06-01,800.0
56,2026-06-01,620.0
58,2026-06-01,270.0
62,2026-06-01,550.0
63,2026-06-01,410.0
64,2026-06-01,430.0
65,2026-06-01,820.0
67,2026-06-01,1700.0
68,2026-06-01,930.0
72,2026-06-01,170.0
74,2026-06-01,1110.0
75,2026-06-01,500.0
81,2026-06-01,610.0
83,2026-06-01,1630.0
86,2026-06-01,570.0
87,2026-06-01,540.0
90,2026-06-01,790.0
92,2026-06-01,1360.0
94,2026-06-01,210.0
95,2026-06-01,240.0
97,2026-06-01,530.0
98,2026-06-01,440.0
99,2026-06-01,1370.0
100,2026-06-01,1250.0
105,2026-06-01,340.0
106,2026-06-01,1480.0
107,2026-06-01,750.0
113,2026-06-01,540.0
114,2026-06-01,2020.0
115,2026-06-01,350.0
116,2026-06-01,1030.0
117,2026-06-01,420.0
119,2026-06-01,890.0
121,2026-06-01,440.0
123,2026-06-01,190.0
125,2026-06-01,960.0
126,2026-06-01,890.0
127,2026-06-01,890.0
128,2026-06-01,750.0
129,2026-06-01,1460.0
130,2026-06-01,520.0
133,2026-06-01,680.0
134,2026-06-01,880.0
135,2026-06-01,1240.0
136,2026-06-01,500.0
138,2026-06-01,3150.0
139,2026-06-01,650.0
141,2026-06-01,1010.0
143,2026-06-01,280.0
144,2026-06-01,270.0
145,2026-06-01,960.0
148,2026-06-01,480.0
151,2026-06-01,360.0
153,2026-06-01,280.0
155,2026-06-01,360.0
156,2026-06-01,640.0
157,2026-06-01,440.0
160,2026-06-01,1030.0
161,2026-06-01,740.0
165,2026-06-01,560.0
168,2026-06-01,430.0
170,2026-06-01,910.0
172,2026-06-01,500.0
173,2026-06-01,440.0
174,2026-06-01,670.0
175,2026-06-01,180.0
178,2026-06-01,300.0
180,2026-06-01,670.0
182,2026-06-01,1610.0
184,2026-06-01,1030.0
185,2026-06-01,220.0
187,2026-06-01,380.0
189,2026-06-01,610.0
190,2026-06-01,440.0
191,2026-06-01,530.0
193,2026-06-01,350.0
194,2026-06-01,1350.0
195,2026-06-01,970.0
196,2026-06-01,420.0
197,2026-06-01,240.0
198,2026-06-01,320.0
199,2026-06-01,1160.0
200,2026-06-01,290.0
201,2026-06-01,530.0
202,2026-06-01,260.0
206,2026-06-01,760.0
207,2026-06-01,1520.0
209,2026-06-01,510.0
211,2026-06-01,550.0
212,2026-06-01,790.0
213,2026-06-01,420.0
214,2026-06-01,960.0
216,2026-06-01,1670.0
218,2026-06-01,220.0
219,2026-06-01,580.0
220,2026-06-01,1570.0
222,2026-06-01,500.0
223,2026-06-01,1140.0
226,2026-06-01,1150.0
229,2026-06-01,670.0
231,2026-06-01,630.0
232,2026-06-01,200.0
233,2026-06-01,310.0
234,2026-06-01,390.0
235,2026-06-01,1100.0
238,2026-06-01,1250.0
239,2026-06-01,1260.0
241,2026-06-01,260.0
242,2026-06-01,130.0
243,2026-06-01,280.0
244,2026-06-01,920.0
246,2026-06-01,1940.0
247,2026-06-01,370.0
249,2026-06-01,1300.0
250,2026-06-01,1070.0
251,2026-06-01,110.0
253,2026-06-01,280.0
254,2026-06-01,430.0
255,2026-06-01,740.0
256,2026-06-01,730.0
257,2026-06-01,230.0
258,2026-06-01,810.0
259,2026-06-01,670.0
260,2026-06-01,810.0
264,2026-06-01,470.0
266,2026-06-01,650.0
267,2026-06-01,1700.0
268,2026-06-01,170.0
269,2026-06-01,440.0
270,2026-06-01,1490.0
271,2026-06-01,1470.0
273,2026-06-01,880.0
275,2026-06-01,550.0
276,2026-06-01,700.0
277,2026-06-01,480.0
278,2026-06-01,470.0
279,2026-06-01,350.0
280,2026-06-01,280.0
281,2026-06-01,670.0
282,2026-06-01,720.0
283,2026-06-01,230.0
284,2026-06-01,520.0
285,2026-06-01,810.0
286,2026-06-01,1280.0
290,2026-06-01,600.0
291,2026-06-01,270.0
293,2026-06-01,340.0
296,2026-06-01,1290.0
297,2026-06-01,460.0
298,2026-06-01,960.0
300,2026-06-01,270.0
301,2026-06-01,340.0
302,2026-06-01,830.0
305,2026-06-01,1290.0
306,2026-06-01,280.0
308,2026-06-01,220.0
309,2026-06-01,140.0
311,2026-06-01,360.0
315,2026-06-01,730.0
316,2026-06-01,470.0
317,2026-06-01,920.0
320,2026-06-01,320.0
321,2026-06-01,380.0
322,2026-06-01,1770.0
323,2026-06-01,2170.0
325,2026-06-01,1170.0
326,2026-06-01,310.0
328,2026-06-01,3530.0
329,2026-06-01,270.0
330,2026-06-01,620.0
332,2026-06-01,300.0
333,2026-06-01,1050.0
334,2026-06-01,1950.0
337,2026-06-01,570.0
338,2026-06-01,740.0
340,2026-06-01,700.0
341,2026-06-01,220.0
342,2026-06-01,2360.0
344,2026-06-01,2510.0
346,2026-06-01,2100.0
347,2026-06-01,1900.0
350,2026-06-01,620.0
351,2026-06-01,700.0
352,2026-06-01,4180.0
354,2026-06-01,370.0
358,2026-06-01,410.0
359,2026-06-01,230.0
360,2026-06-01,320.0
361,2026-06-01,590.0
363,2026-06-01,830.0
365,2026-06-01,1110.0
366,2026-06-01,910.0
369,2026-06-01,960.0
370,2026-06-01,440.0
372,2026-06-01,310.0
373,2026-06-01,660.0
374,2026-06-01,530.0
375,2026-06-01,380.0
376,2026-06-01,530.0
377,2026-06-01,190.0
379,2026-06-01,650.0
381,2026-06-01,930.0
383,2026-06-01,820.0
384,2026-06-01,630.0
385,2026-06-01,840.0
388,2026-06-01,190.0
389,2026-06-01,1290.0
393,2026-06-01,420.0
394,2026-06-01,360.0
396,2026-06-01,760.0
397,2026-06-01,650.0
398,2026-06-01,1200.0
399,2026-06-01,350.0
400,2026-06-01,1290.0
401,2026-06-01,440.0
403,2026-06-01,390.0
404,2026-06-01,240.0
405,2026-06-01,740.0
406,2026-06-01,310.0
407,2026-06-01,470.0
408,2026-06-01,420.0
409,2026-06-01,300.0
410,2026-06-01,1050.0
411,2026-06-01,620.0
412,2026-06-01,1240.0
414,2026-06-01,100.0
416,2026-06-01,490.0
417,2026-06-01,740.0
419,2026-06-01,240.0
421,2026-06-01,1420.0
424,2026-06-01,400.0
426,2026-06-01,620.0
428,2026-06-01,310.0
429,2026-06-01,1170.0
430,2026-06-01,1000.0
431,2026-06-01,270.0
432,2026-06-01,910.0
433,2026-06-01,1100.0
434,2026-06-01,520.0
435,2026-06-01,680.0
436,2026-06-01,360.0
438,2026-06-01,430.0
441,2026-06-01,510.0
442,2026-06-01,330.0
443,2026-06-01,2170.0
444,2026-06-01,580.0
445,2026-06-01,390.0
446,2026-06-01,600.0
450,2026-06-01,350.0
451,2026-06-01,990.0
453,2026-06-01,360.0
455,2026-06-01,1360.0
456,2026-06-01,450.0
458,2026-06-01,280.0
459,2026-06-01,640.0
460,2026-06-01,270.0
461,2026-06-01,590.0
462,2026-06-01,580.0
463,2026-06-01,230.0
464,2026-06-01,1490.0
467,2026-06-01,740.0
468,2026-06-01,2200.0
469,2026-06-01,650.0
470,2026-06-01,530.0
472,2026-06-01,2090.0
474,2026-06-01,430.0
477,2026-06-01,150.0
479,2026-06-01,940.0
482,2026-06-01,210.0
483,2026-06-01,340.0
484,2026-06-01,110.0
485,2026-06-01,730.0
486,2026-06-01,230.0
487,2026-06-01,560.0
491,2026-06-01,110.0
493,2026-06-01,150.0
494,2026-06-01,390.0
495,2026-06-01,1160.0
496,2026-06-01,1360.0
497,2026-06-01,1080.0
498,2026-06-01,480.0
499,2026-06-01,930.0
501,2026-06-01,800.0
502,2026-06-01,610.0
503,2026-06-01,840.0
504,2026-06-01,1240.0
509,2026-06-01,990.0
512,2026-06-01,810.0
514,2026-06-01,690.0
521,2026-06-01,300.0
522,2026-06-01,620.0
524,2026-06-01,390.0
525,2026-06-01,110.0
527,2026-06-01,340.0
529,2026-06-01,750.0
530,2026-06-01,1420.0
531,2026-06-01,450.0
534,2026-06-01,650.0
535,2026-06-01,1150.0
538,2026-06-01,560.0
541,2026-06-01,490.0
543,2026-06-01,280.0
544,2026-06-01,1050.0
546,2026-06-01,290.0
547,2026-06-01,230.0
548,2026-06-01,2170.0
549,2026-06-01,390.0
550,2026-06-01,420.0
551,2026-06-01,180.0
552,2026-06-01,420.0
553,2026-06-01,1130.0
554,2026-06-01,300.0
555,2026-06-01,360.0
556,2026-06-01,1100.0
558,2026-06-01,290.0
559,2026-06-01,270.0
561,2026-06-01,860.0
562,2026-06-01,310.0
563,2026-06-01,580.0
566,2026-06-01,370.0
567,2026-06-01,120.0
568,2026-06-01,1000.0
570,2026-06-01,200.0
571,2026-06-01,630.0
572,2026-06-01,520.0
573,2026-06-01,290.0
574,2026-06-01,570.0
575,2026-06-01,260.0
576,2026-06-01,300.0
577,2026-06-01,530.0
578,2026-06-01,740.0
579,2026-06-01,1200.0
580,2026-06-01,430.0
582,2026-06-01,370.0
583,2026-06-01,1060.0
584,2026-06-01,140.0
585,2026-06-01,1060.0
586,2026-06-01,190.0
587,2026-06-01,360.0
590,2026-06-01,190.0
591,2026-06-01,780.0
592,2026-06-01,510.0
593,2026-06-01,800.0
595,2026-06-01,350.0
597,2026-06-01,620.0
601,2026-06-01,340.0
602,2026-06-01,300.0
605,2026-06-01,890.0
606,2026-06-01,490.0
607,2026-06-01,430.0
608,2026-06-01,190.0
610,2026-06-01,2010.0
611,2026-06-01,450.0
612,2026-06-01,460.0
613,2026-06-01,690.0
615,2026-06-01,290.0
616,2026-06-01,170.0
617,2026-06-01,730.0
618,2026-06-01,250.0
619,2026-06-01,300.0
621,2026-06-01,370.0
622,2026-06-01,380.0
623,2026-06-01,670.0
624,2026-06-01,310.0
626,2026-06-01,360.0
627,2026-06-01,830.0
628,2026-06-01,840.0
629,2026-06-01,540.0
631,2026-06-01,1010.0
633,2026-06-01,410.0
635,2026-06-01,760.0
636,2026-06-01,1050.0
637,2026-06-01,1090.0
641,2026-06-01,260.0
642,2026-06-01,370.0
643,2026-06-01,600.0
644,2026-06-01,1260.0
646,2026-06-01,970.0
647,2026-06-01,390.0
648,2026-06-01,500.0
649,2026-06-01,560.0
650,2026-06-01,410.0
652,2026-06-01,520.0
653,2026-06-01,550.0
655,2026-06-01,770.0
656,2026-06-01,880.0
657,2026-06-01,760.0
658,2026-06-01,800.0
659,2026-06-01,380.0
661,2026-06-01,240.0
662,2026-06-01,460.0
663,2026-06-01,870.0
664,2026-06-01,360.0
666,2026-06-01,410.0
668,2026-06-01,290.0
669,2026-06-01,470.0
670,2026-06-01,760.0
672,2026-06-01,660.0
674,2026-06-01,1780.0
676,2026-06-01,210.0
677,2026-06-01,550.0
678,2026-06-01,180.0
679,2026-06-01,1140.0
680,2026-06-01,330.0
681,2026-06-01,2180.0
682,2026-06-01,220.0
683,2026-06-01,340.0
685,2026-06-01,650.0
686,2026-06-01,630.0
687,2026-06-01,210.0
689,2026-06-01,500.0
692,2026-06-01,430.0
693,2026-06-01,490.0
694,2026-06-01,220.0
695,2026-06-01,1220.0
697,2026-06-01,540.0
699,2026-06-01,430.0
701,2026-06-01,540.0
702,2026-06-01,560.0
703,2026-06-01,620.0
706,2026-06-01,260.0
707,2026-06-01,360.0
708,2026-06-01,410.0
711,2026-06-01,1020.0
712,2026-06-01,980.0
713,2026-06-01,1300.0
714,2026-06-01,570.0
715,2026-06-01,860.0
716,2026-06-01,1290.0
717,2026-06-01,660.0
718,2026-06-01,780.0
719,2026-06-01,210.0
720,2026-06-01,600.0
721,2026-06-01,520.0
722,2026-06-01,450.0
723,2026-06-01,530.0
724,2026-06-01,440.0
726,2026-06-01,200.0
727,2026-06-01,1580.0
728,2026-06-01,2300.0
730,2026-06-01,850.0
731,2026-06-01,810.0
733,2026-06-01,410.0
734,2026-06-01,520.0
735,2026-06-01,140.0
736,2026-06-01,770.0
738,2026-06-01,450.0
740,2026-06-01,530.0
742,2026-06-01,1810.0
743,2026-06-01,360.0
744,2026-06-01,360.0
745,2026-06-01,620.0
748,2026-06-01,420.0
749,2026-06-01,710.0
750,2026-06-01,470.0
752,2026-06-01,580.0
753,2026-06-01,580.0
754,2026-06-01,580.0
755,2026-06-01,110.0
757,2026-06-01,1140.0
758,2026-06-01,320.0
759,2026-06-01,1670.0
760,2026-06-01,580.0
761,2026-06-01,350.0
762,2026-06-01,520.0
763,2026-06-01,640.0
764,2026-06-01,510.0
766,2026-06-01,450.0
768,2026-06-01,290.0
769,2026-06-01,110.0
770,2026-06-01,520.0
771,2026-06-01,620.0
775,2026-06-01,220.0
776,2026-06-01,180.0
777,2026-06-01,1450.0
779,2026-06-01,330.0
780,2026-06-01,2730.0
781,2026-06-01,720.0
783,2026-06-01,140.0
784,2026-06-01,530.0
785,2026-06-01,770.0
786,2026-06-01,340.0
787,2026-06-01,830.0
788,2026-06-01,550.0
790,2026-06-01,1020.0
791,2026-06-01,390.0
792,2026-06-01,670.0
795,2026-06-01,290.0
796,2026-06-01,1260.0
797,2026-06-01,600.0
798,2026-06-01,560.0
799,2026-06-01,230.0
800,2026-06-01,600.0
802,2026-06-01,130.0
803,2026-06-01,460.0
804,2026-06-01,400.0
807,2026-06-01,1470.0
808,2026-06-01,340.0
809,2026-06-01,1190.0
811,2026-06-01,700.0
812,2026-06-01,860.0
813,2026-06-01,660.0
816,2026-06-01,240.0
817,2026-06-01,390.0
818,2026-06-01,290.0
819,2026-06-01,490.0
820,2026-06-01,210.0
821,2026-06-01,390.0
822,2026-06-01,360.0
825,2026-06-01,320.0
827,2026-06-01,420.0
828,2026-06-01,260.0
830,2026-06-01,430.0
831,2026-06-01,260.0
832,2026-06-01,330.0
833,2026-06-01,330.0
834,2026-06-01,550.0
835,2026-06-01,410.0
836,2026-06-01,170.0
837,2026-06-01,470.0
838,2026-06-01,480.0
839,2026-06-01,340.0
840,2026-06-01,1170.0
841,2026-06-01,160.0
842,2026-06-01,1680.0
843,2026-06-01,940.0
844,2026-06-01,500.0
846,2026-06-01,430.0
847,2026-06-01,680.0
849,2026-06-01,110.0
850,2026-06-01,1130.0
851,2026-06-01,300.0
852,2026-06-01,950.0
853,2026-06-01,1450.0
854,2026-06-01,1800.0
856,2026-06-01,170.0
858,2026-06-01,320.0
860,2026-06-01,490.0
861,2026-06-01,200.0
862,2026-06-01,520.0
863,2026-06-01,250.0
864,2026-06-01,190.0
865,2026-06-01,320.0
867,2026-06-01,240.0
869,2026-06-01,590.0
870,2026-06-01,670.0
871,2026-06-01,1210.0
872,2026-06-01,360.0
873,2026-06-01,400.0
875,2026-06-01,300.0
876,2026-06-01,700.0
877,2026-06-01,290.0
878,2026-06-01,480.0
881,2026-06-01,200.0
882,2026-06-01,820.0
883,2026-06-01,590.0
884,2026-06-01,480.0
885,2026-06-01,480.0
886,2026-06-01,1220.0
888,2026-06-01,1020.0
889,2026-06-01,300.0
890,2026-06-01,240.0
891,2026-06-01,1360.0
892,2026-06-01,1510.0
894,2026-06-01,590.0
896,2026-06-01,630.0
897,2026-06-01,1130.0
898,2026-06-01,1080.0
899,2026-06-01,390.0
900,2026-06-01,410.0
901,2026-06-01,840.0
903,2026-06-01,560.0
904,2026-06-01,380.0
905,2026-06-01,390.0
906,2026-06-01,790.0
908,2026-06-01,600.0
909,2026-06-01,1250.0
911,2026-06-01,350.0
913,2026-06-01,1870.0
914,2026-06-01,300.0
915,2026-06-01,660.0
916,2026-06-01,760.0
917,2026-06-01,500.0
918,2026-06-01,410.0
919,2026-06-01,280.0
921,2026-06-01,250.0
922,2026-06-01,740.0
923,2026-06-01,360.0
925,2026-06-01,110.0
926,2026-06-01,1260.0
927,2026-06-01,130.0
929,2026-06-01,940.0
930,2026-06-01,160.0
931,2026-06-01,280.0
932,2026-06-01,480.0
934,2026-06-01,290.0
936,2026-06-01,500.0
939,2026-06-01,330.0
940,2026-06-01,630.0
941,2026-06-01,480.0
942,2026-06-01,580.0
943,2026-06-01,420.0
944,2026-06-01,280.0
945,2026-06-01,790.0
947,2026-06-01,670.0
948,2026-06-01,1600.0
949,2026-06-01,760.0
950,2026-06-01,470.0
951,2026-06-01,200.0
953,2026-06-01,360.0
955,2026-06-01,490.0
956,2026-06-01,880.0
957,2026-06-01,540.0
958,2026-06-01,270.0
959,2026-06-01,150.0
961,2026-06-01,300.0
962,2026-06-01,580.0
963,2026-06-01,250.0
964,2026-06-01,350.0
965,2026-06-01,700.0
966,2026-06-01,210.0
967,2026-06-01,460.0
970,2026-06-01,730.0
971,2026-06-01,1050.0
972,2026-06-01,140.0
973,2026-06-01,640.0
974,2026-06-01,320.0
975,2026-06-01,730.0
977,2026-06-01,270.0
978,2026-06-01,550.0
979,2026-06-01,700.0
980,2026-06-01,390.0
981,2026-06-01,360.0
982,2026-06-01,1200.0
983,2026-06-01,620.0
984,2026-06-01,450.0
985,2026-06-01,430.0
987,2026-06-01,450.0
988,2026-06-01,510.0
989,2026-06-01,580.0
990,2026-06-01,470.0
991,2026-06-01,1200.0
992,2026-06-01,410.0
994,2026-06-01,210.0
995,2026-06-01,910.0
996,2026-06-01,380.0
997,2026-06-01,530.0
999,2026-06-01,510.0
1000,2026-06-01,790.0
1002,2026-06-01,530.0
1003,2026-06-01,220.0
1004,2026-06-01,490.0
1005,2026-06-01,660.0
1007,2026-06-01,590.0
1009,2026-06-01,540.0
1010,2026-06-01,480.0
1011,2026-06-01,730.0
1012,2026-06-01,720.0
1013,2026-06-01,650.0
1014,2026-06-01,610.0
1015,2026-06-01,1080.0
1016,2026-06-01,350.0
1017,2026-06-01,660.0
1018,2026-06-01,570.0
1020,2026-06-01,720.0
1021,2026-06-01,590.0
1023,2026-06-01,1080.0
1024,2026-06-01,260.0
1025,2026-06-01,1570.0
1026,2026-06-01,110.0
1027,2026-06-01,1100.0
1028,2026-06-01,490.0
1029,2026-06-01,120.0
1030,2026-06-01,1320.0
1031,2026-06-01,850.0
1033,2026-06-01,190.0
1034,2026-06-01,540.0
1035,2026-06-01,230.0
1036,2026-06-01,270.0
1037,2026-06-01,580.0
1038,2026-06-01,350.0
1039,2026-06-01,150.0
1041,2026-06-01,190.0
1042,2026-06-01,460.0
1043,2026-06-01,740.0
1044,2026-06-01,570.0
1045,2026-06-01,380.0
1046,2026-06-01,990.0
1047,2026-06-01,510.0
1049,2026-06-01,530.0
1051,2026-06-01,710.0
1052,2026-06-01,560.0
1053,2026-06-01,340.0
1054,2026-06-01,370.0
1055,2026-06-01,400.0
1056,2026-06-01,820.0
1057,2026-06-01,360.0
1058,2026-06-01,390.0
1059,2026-06-01,440.0
1060,2026-06-01,840.0
1061,2026-06-01,340.0
1062,2026-06-01,550.0
1063,2026-06-01,760.0
1064,2026-06-01,1760.0
1066,2026-06-01,590.0
1067,2026-06-01,370.0
1068,2026-06-01,580.0
1069,2026-06-01,610.0
1070,2026-06-01,920.0
1072,2026-06-01,420.0
1073,2026-06-01,720.0
1074,2026-06-01,360.0
1075,2026-06-01,650.0
1076,2026-06-01,1530.0
1077,2026-06-01,600.0
1078,2026-06-01,980.0
1079,2026-06-01,510.0
1080,2026-06-01,510.0
1081,2026-06-01,500.0
1082,2026-06-01,350.0
1085,2026-06-01,730.0
1086,2026-06-01,1130.0
1087,2026-06-01,290.0
1088,2026-06-01,280.0
1089,2026-06-01,760.0
1090,2026-06-01,410.0
1091,2026-06-01,240.0
1092,2026-06-01,200.0
1093,2026-06-01,240.0
1095,2026-06-01,200.0
1096,2026-06-01,250.0
1097,2026-06-01,190.0
1098,2026-06-01,530.0
1102,2026-06-01,740.0
1103,2026-06-01,640.0
1104,2026-06-01,420.0
1105,2026-06-01,170.0
1106,2026-06-01,1160.0
1107,2026-06-01,1660.0
1108,2026-06-01,1300.0
1109,2026-06-01,300.0
1110,2026-06-01,280.0
1111,2026-06-01,470.0
1113,2026-06-01,320.0
1114,2026-06-01,480.0
1117,2026-06-01,370.0
1118,2026-06-01,840.0
1119,2026-06-01,220.0
1120,2026-06-01,500.0
1121,2026-06-01,530.0
1122,2026-06-01,220.0
1123,2026-06-01,920.0
1124,2026-06-01,680.0
1125,2026-06-01,300.0
1126,2026-06-01,340.0
1127,2026-06-01,370.0
1128,2026-06-01,290.0
1129,2026-06-01,820.0
1130,2026-06-01,510.0
1131,2026-06-01,400.0
1133,2026-06-01,380.0
1134,2026-06-01,250.0
1135,2026-06-01,1360.0
1136,2026-06-01,390.0
1137,2026-06-01,410.0
1138,2026-06-01,530.0
1139,2026-06-01,450.0
1141,2026-06-01,970.0
1142,2026-06-01,970.0
1143,2026-06-01,390.0
1144,2026-06-01,390.0
1145,2026-06-01,180.0
1146,2026-06-01,1110.0
1147,2026-06-01,630.0
1148,2026-06-01,560.0
1149,2026-06-01,300.0
1150,2026-06-01,440.0
1151,2026-06-01,370.0
1152,2026-06-01,460.0
1153,2026-06-01,430.0
1154,2026-06-01,790.0
1155,2026-06-01,230.0
1156,2026-06-01,580.0
1157,2026-06-01,560.0
1158,2026-06-01,270.0
1159,2026-06-01,190.0
1160,2026-06-01,1000.0
1161,2026-06-01,470.0
1162,2026-06-01,220.0
1163,2026-06-01,380.0
1164,2026-06-01,320.0
1165,2026-06-01,1150.0
1166,2026-06-01,440.0
1167,2026-06-01,180.0
1168,2026-06-01,150.0
1169,2026-06-01,140.0
1170,2026-06-01,900.0
1171,2026-06-01,220.0
1172,2026-06-01,420.0
1173,2026-06-01,770.0
1174,2026-06-01,580.0
1175,2026-06-01,770.0
1176,2026-06-01,650.0
1177,2026-06-01,680.0
1178,2026-06-01,150.0
1179,2026-06-01,250.0
1180,2026-06-01,250.0
1181,2026-06-01,810.0
1183,2026-06-01,500.0
1184,2026-06-01,690.0
1186,2026-06-01,680.0
1187,2026-06-01,370.0
1188,2026-06-01,670.0
1189,2026-06-01,530.0
1190,2026-06-01,180.0
1191,2026-06-01,270.0
1192,2026-06-01,260.0
1193,2026-06-01,1350.0
1194,2026-06-01,880.0
1195,2026-06-01,310.0
1196,2026-06-01,350.0
1197,2026-06-01,220.0
1198,2026-06-01,350.0
1199,2026-06-01,240.0
1200,2026-06-01,260.0
1202,2026-06-01,990.0
1203,2026-06-01,390.0
1204,2026-06-01,540.0
1205,2026-06-01,630.0
1206,2026-06-01,590.0
1208,2026-06-01,420.0
1209,2026-06-01,290.0
1210,2026-06-01,250.0
1211,2026-06-01,590.0
1213,2026-06-01,290.0
1214,2026-06-01,530.0
1215,2026-06-01,200.0
1216,2026-06-01,190.0
1217,2026-06-01,680.0
1218,2026-06-01,420.0
1219,2026-06-01,480.0
1220,2026-06-01,600.0
1221,2026-06-01,690.0
1222,2026-06-01,230.0
1224,2026-06-01,400.0
1225,2026-06-01,1150.0
1226,2026-06-01,550.0
1227,2026-06-01,560.0
1228,2026-06-01,650.0
1229,2026-06-01,220.0
1230,2026-06-01,460.0
1231,2026-06-01,690.0
1232,2026-06-01,220.0
1233,2026-06-01,400.0
1235,2026-06-01,920.0
1236,2026-06-01,330.0
1237,2026-06-01,230.0
1238,2026-06-01,990.0
1239,2026-06-01,790.0
1240,2026-06-01,1210.0
1241,2026-06-01,200.0
1242,2026-06-01,640.0
1243,2026-06-01,260.0
1244,2026-06-01,650.0
1245,2026-06-01,560.0
1246,2026-06-01,440.0
1247,2026-06-01,540.0
1248,2026-06-01,440.0
1249,2026-06-01,2380.0
1250,2026-06-01,360.0
1251,2026-06-01,340.0
1252,2026-06-01,460.0
1253,2026-06-01,570.0
1254,2026-06-01,340.0
1255,2026-06-01,360.0
1256,2026-06-01,1340.0
1257,2026-06-01,700.0
1258,2026-06-01,590.0
1259,2026-06-01,920.0
1260,2026-06-01,590.0
1261,2026-06-01,340.0
1262,2026-06-01,520.0
1265,2026-06-01,380.0
1266,2026-06-01,280.0
1267,2026-06-01,840.0
1268,2026-06-01,680.0
1269,2026-06-01,420.0
1270,2026-06-01,540.0
1271,2026-06-01,750.0
1272,2026-06-01,520.0
1274,2026-06-01,240.0
1275,2026-06-01,1570.0
1276,2026-06-01,100.0
1277,2026-06-01,330.0
1278,2026-06-01,250.0
1279,2026-06-01,350.0
1280,2026-06-01,480.0
1282,2026-06-01,230.0
1283,2026-06-01,330.0
1284,2026-06-01,730.0
1286,2026-06-01,420.0
1287,2026-06-01,730.0
1289,2026-06-01,400.0
1290,2026-06-01,1010.0
1291,2026-06-01,320.0
1292,2026-06-01,310.0
1293,2026-06-01,410.0
1294,2026-06-01,250.0
1295,2026-06-01,450.0
1296,2026-06-01,1260.0
1297,2026-06-01,250.0
1298,2026-06-01,320.0
1299,2026-06-01,120.0
1300,2026-06-01,1010.0
1301,2026-06-01,160.0
1302,2026-06-01,170.0
1303,2026-06-01,620.0
1304,2026-06-01,910.0
1305,2026-06-01,830.0
1306,2026-06-01,930.0
1307,2026-06-01,520.0
1308,2026-06-01,490.0
1309,2026-06-01,630.0
1310,2026-06-01,540.0
1311,2026-06-01,470.0
1312,2026-06-01,420.0
1313,2026-06-01,390.0
1314,2026-06-01,1190.0
1315,2026-06-01,190.0
1316,2026-06-01,290.0
1317,2026-06-01,630.0
1318,2026-06-01,350.0
1319,2026-06-01,480.0
1320,2026-06-01,470.0
1321,2026-06-01,420.0
1322,2026-06-01,160.0
1323,2026-06-01,920.0
1324,2026-06-01,990.0
1325,2026-06-01,490.0
1326,2026-06-01,220.0
1327,2026-06-01,500.0
1328,2026-06-01,420.0
1329,2026-06-01,950.0
1330,2026-06-01,220.0
1332,2026-06-01,450.0
1333,2026-06-01,430.0
1334,2026-06-01,1200.0
1335,2026-06-01,170.0
1336,2026-06-01,210.0
1337,2026-06-01,1010.0
1338,2026-06-01,710.0
1339,2026-06-01,510.0
1340,2026-06-01,150.0
1341,2026-06-01,1080.0
1342,2026-06-01,430.0
1343,2026-06-01,290.0
1344,2026-06-01,770.0
1345,2026-06-01,730.0
1346,2026-06-01,290.0
1348,2026-06-01,170.0
1349,2026-06-01,1340.0
1350,2026-06-01,510.0
1351,2026-06-01,260.0
1352,2026-06-01,830.0
1353,2026-06-01,1390.0
1354,2026-06-01,110.0
1355,2026-06-01,920.0
1356,2026-06-01,600.0
1357,2026-06-01,290.0
1358,2026-06-01,660.0
1359,2026-06-01,550.0
1360,2026-06-01,520.0
1361,2026-06-01,2310.0
1362,2026-06-01,200.0
1363,2026-06-01,200.0
1364,2026-06-01,520.0
1365,2026-06-01,830.0
1366,2026-06-01,250.0
1367,2026-06-01,200.0
1368,2026-06-01,500.0
1369,2026-06-01,430.0
1370,2026-06-01,450.0
1371,2026-06-01,860.0
1372,2026-06-01,800.0
1374,2026-06-01,980.0
1375,2026-06-01,710.0
1376,2026-06-01,440.0
1377,2026-06-01,300.0
1378,2026-06-01,650.0
1379,2026-06-01,510.0
1380,2026-06-01,730.0
1381,2026-06-01,610.0
1382,2026-06-01,760.0
1383,2026-06-01,460.0
1384,2026-06-01,170.0
1385,2026-06-01,950.0
1386,2026-06-01,430.0
1387,2026-06-01,640.0
1388,2026-06-01,440.0
1389,2026-06-01,250.0
1390,2026-06-01,210.0
1391,2026-06-01,160.0
1392,2026-06-01,1310.0
1393,2026-06-01,220.0
1394,2026-06-01,270.0
1395,2026-06-01,290.0
1396,2026-06-01,360.0
1397,2026-06-01,630.0
1398,2026-06-01,330.0
1399,2026-06-01,200.0
1400,2026-06-01,530.0
1401,2026-06-01,520.0
1402,2026-06-01,550.0
1403,2026-06-01,600.0
1404,2026-06-01,520.0
1405,2026-06-01,710.0
1406,2026-06-01,330.0
1407,2026-06-01,770.0
1408,2026-06-01,920.0
1409,2026-06-01,1030.0
1410,2026-06-01,1320.0
1411,2026-06-01,320.0
1412,2026-06-01,330.0
1413,2026-06-01,590.0
1414,2026-06-01,1350.0
1415,2026-06-01,410.0
1416,2026-06-01,660.0
1417,2026-06-01,580.0
1418,2026-06-01,360.0
1419,2026-06-01,410.0
1420,2026-06-01,370.0
1421,2026-06-01,260.0
1422,2026-06-01,290.0
1423,2026-06-01,530.0
1424,2026-06-01,560.0
1425,2026-06-01,300.0
1426,2026-06-01,1050.0
1427,2026-06-01,430.0
1428,2026-06-01,400.0
1429,2026-06-01,160.0
1430,2026-06-01,1000.0
1431,2026-06-01,360.0
1432,2026-06-01,660.0
1433,2026-06-01,150.0
1434,2026-06-01,120.0
1435,2026-06-01,580.0
1436,2026-06-01,1170.0
1437,2026-06-01,180.0
1438,2026-06-01,600.0
1439,2026-06-01,620.0
1440,2026-06-01,270.0
1441,2026-06-01,470.0
1442,2026-06-01,360.0
1443,2026-06-01,1010.0
1444,2026-06-01,340.0
1445,2026-06-01,380.0
1446,2026-06-01,240.0
1447,2026-06-01,800.0
1448,2026-06-01,2590.0
1449,2026-06-01,220.0
1450,2026-06-01,1350.0
1451,2026-06-01,340.0
1452,2026-06-01,480.0
1453,2026-06-01,480.0
1454,2026-06-01,780.0
1455,2026-06-01,1620.0
1456,2026-06-01,1380.0
1457,2026-06-01,780.0
1458,2026-06-01,830.0
1459,2026-06-01,640.0
1460,2026-06-01,410.0
1461,2026-06-01,520.0
1462,2026-06-01,580.0
1463,2026-06-01,490.0
1464,2026-06-01,450.0
1465,2026-06-01,590.0
1466,2026-06-01,440.0
1467,2026-06-01,240.0
1468,2026-06-01,690.0
1469,2026-06-01,180.0
1,2026-07-01,480.0
5,2026-07-01,600.0
7,2026-07-01,1180.0
8,2026-07-01,100.0
11,2026-07-01,1180.0
12,2026-07-01,1120.0
13,2026-07-01,320.0
14,2026-07-01,870.0
16,2026-07-01,3650.0
17,2026-07-01,710.0
20,2026-07-01,360.0
21,2026-07-01,650.0
22,2026-07-01,1170.0
24,2026-07-01,550.0
25,2026-07-01,720.0
26,2026-07-01,1290.0
27,2026-07-01,560.0
28,2026-07-01,230.0
32,2026-07-01,360.0
33,2026-07-01,1310.0
36,2026-07-01,650.0
39,2026-07-01,200.0
40,2026-07-01,1240.0
42,2026-07-01,520.0
47,2026-07-01,1390.0
52,2026-07-01,2520.0
55,2026-07-01,800.0
56,2026-07-01,620.0
58,2026-07-01,270.0
62,2026-07-01,550.0
64,2026-07-01,430.0
65,2026-07-01,820.0
67,2026-07-01,1700.0
68,2026-07-01,930.0
72,2026-07-01,170.0
74,2026-07-01,1110.0
75,2026-07-01,500.0
81,2026-07-01,610.0
83,2026-07-01,1630.0
86,2026-07-01,570.0
87,2026-07-01,540.0
90,2026-07-01,790.0
92,2026-07-01,1360.0
94,2026-07-01,210.0
95,2026-07-01,240.0
97,2026-07-01,530.0
98,2026-07-01,440.0
99,2026-07-01,1370.0
100,2026-07-01,1250.0
105,2026-07-01,480.0
106,2026-07-01,1480.0
107,2026-07-01,750.0
113,2026-07-01,540.0
114,2026-07-01,2020.0
115,2026-07-01,350.0
116,2026-07-01,1030.0
117,2026-07-01,420.0
119,2026-07-01,890.0
121,2026-07-01,440.0
123,2026-07-01,190.0
125,2026-07-01,960.0
126,2026-07-01,890.0
127,2026-07-01,890.0
128,2026-07-01,750.0
129,2026-07-01,1460.0
130,2026-07-01,520.0
133,2026-07-01,680.0
134,2026-07-01,880.0
135,2026-07-01,1240.0
136,2026-07-01,500.0
138,2026-07-01,3150.0
139,2026-07-01,650.0
141,2026-07-01,1010.0
143,2026-07-01,280.0
144,2026-07-01,270.0
145,2026-07-01,1230.0
148,2026-07-01,480.0
151,2026-07-01,360.0
153,2026-07-01,280.0
155,2026-07-01,360.0
156,2026-07-01,640.0
157,2026-07-01,440.0
160,2026-07-01,1030.0
161,2026-07-01,740.0
165,2026-07-01,560.0
168,2026-07-01,430.0
170,2026-07-01,910.0
172,2026-07-01,500.0
173,2026-07-01,440.0
174,2026-07-01,670.0
175,2026-07-01,180.0
180,2026-07-01,670.0
182,2026-07-01,1610.0
184,2026-07-01,1030.0
185,2026-07-01,220.0
187,2026-07-01,380.0
189,2026-07-01,870.0
190,2026-07-01,440.0
191,2026-07-01,530.0
193,2026-07-01,350.0
194,2026-07-01,1350.0
195,2026-07-01,970.0
196,2026-07-01,420.0
197,2026-07-01,240.0
198,2026-07-01,320.0
199,2026-07-01,1160.0
200,2026-07-01,290.0
201,2026-07-01,530.0
202,2026-07-01,310.0
206,2026-07-01,760.0
207,2026-07-01,1520.0
209,2026-07-01,510.0
211,2026-07-01,550.0
212,2026-07-01,790.0
213,2026-07-01,420.0
214,2026-07-01,960.0
216,2026-07-01,1670.0
218,2026-07-01,220.0
219,2026-07-01,580.0
220,2026-07-01,1570.0
222,2026-07-01,500.0
223,2026-07-01,1140.0
226,2026-07-01,1150.0
229,2026-07-01,670.0
231,2026-07-01,630.0
232,2026-07-01,200.0
233,2026-07-01,310.0
234,2026-07-01,390.0
235,2026-07-01,1100.0
238,2026-07-01,1250.0
239,2026-07-01,1260.0
241,2026-07-01,260.0
242,2026-07-01,130.0
243,2026-07-01,280.0
244,2026-07-01,920.0
246,2026-07-01,1940.0
247,2026-07-01,370.0
249,2026-07-01,1300.0
250,2026-07-01,1070.0
251,2026-07-01,110.0
253,2026-07-01,280.0
254,2026-07-01,430.0
255,2026-07-01,740.0
256,2026-07-01,730.0
257,2026-07-01,230.0
258,2026-07-01,810.0
259,2026-07-01,670.0
260,2026-07-01,810.0
264,2026-07-01,470.0
266,2026-07-01,650.0
267,2026-07-01,1700.0
268,2026-07-01,170.0
269,2026-07-01,440.0
270,2026-07-01,1490.0
271,2026-07-01,2050.0
273,2026-07-01,880.0
275,2026-07-01,550.0
276,2026-07-01,700.0
277,2026-07-01,480.0
278,2026-07-01,470.0
279,2026-07-01,350.0
280,2026-07-01,280.0
281,2026-07-01,670.0
282,2026-07-01,720.0
283,2026-07-01,230.0
284,2026-07-01,520.0
285,2026-07-01,810.0
286,2026-07-01,1280.0
290,2026-07-01,600.0
291,2026-07-01,270.0
293,2026-07-01,340.0
296,2026-07-01,1290.0
297,2026-07-01,460.0
298,2026-07-01,790.0
300,2026-07-01,270.0
301,2026-07-01,340.0
302,2026-07-01,830.0
305,2026-07-01,1290.0
306,2026-07-01,280.0
308,2026-07-01,220.0
309,2026-07-01,140.0
311,2026-07-01,360.0
315,2026-07-01,730.0
316,2026-07-01,470.0
317,2026-07-01,920.0
320,2026-07-01,320.0
321,2026-07-01,380.0
322,2026-07-01,1770.0
323,2026-07-01,1800.0
325,2026-07-01,1170.0
326,2026-07-01,310.0
328,2026-07-01,3530.0
329,2026-07-01,270.0
330,2026-07-01,620.0
332,2026-07-01,300.0
333,2026-07-01,1050.0
334,2026-07-01,1950.0
337,2026-07-01,570.0
338,2026-07-01,740.0
340,2026-07-01,700.0
341,2026-07-01,220.0
342,2026-07-01,2360.0
344,2026-07-01,2510.0
346,2026-07-01,2100.0
347,2026-07-01,1900.0
350,2026-07-01,620.0
351,2026-07-01,700.0
352,2026-07-01,4180.0
354,2026-07-01,370.0
358,2026-07-01,410.0
359,2026-07-01,230.0
360,2026-07-01,320.0
361,2026-07-01,590.0
363,2026-07-01,830.0
365,2026-07-01,1110.0
366,2026-07-01,910.0
369,2026-07-01,960.0
370,2026-07-01,440.0
372,2026-07-01,310.0
373,2026-07-01,660.0
374,2026-07-01,530.0
375,2026-07-01,380.0
376,2026-07-01,530.0
377,2026-07-01,190.0
379,2026-07-01,650.0
381,2026-07-01,930.0
383,2026-07-01,820.0
384,2026-07-01,630.0
385,2026-07-01,840.0
388,2026-07-01,190.0
389,2026-07-01,1290.0
393,2026-07-01,420.0
394,2026-07-01,360.0
396,2026-07-01,760.0
397,2026-07-01,650.0
398,2026-07-01,1200.0
399,2026-07-01,350.0
400,2026-07-01,1290.0
401,2026-07-01,440.0
403,2026-07-01,390.0
404,2026-07-01,240.0
405,2026-07-01,740.0
406,2026-07-01,310.0
407,2026-07-01,470.0
408,2026-07-01,420.0
409,2026-07-01,300.0
410,2026-07-01,1050.0
411,2026-07-01,620.0
412,2026-07-01,1240.0
414,2026-07-01,100.0
416,2026-07-01,490.0
417,2026-07-01,740.0
419,2026-07-01,240.0
421,2026-07-01,1420.0
424,2026-07-01,400.0
426,2026-07-01,620.0
428,2026-07-01,310.0
429,2026-07-01,1170.0
430,2026-07-01,1000.0
431,2026-07-01,270.0
432,2026-07-01,910.0
433,2026-07-01,1100.0
434,2026-07-01,740.0
435,2026-07-01,490.0
436,2026-07-01,360.0
438,2026-07-01,430.0
441,2026-07-01,510.0
442,2026-07-01,330.0
444,2026-07-01,580.0
445,2026-07-01,390.0
446,2026-07-01,600.0
450,2026-07-01,350.0
453,2026-07-01,360.0
455,2026-07-01,1360.0
456,2026-07-01,450.0
458,2026-07-01,280.0
459,2026-07-01,640.0
460,2026-07-01,270.0
461,2026-07-01,590.0
462,2026-07-01,580.0
463,2026-07-01,230.0
464,2026-07-01,1490.0
467,2026-07-01,740.0
468,2026-07-01,2200.0
469,2026-07-01,650.0
470,2026-07-01,530.0
472,2026-07-01,2090.0
474,2026-07-01,430.0
477,2026-07-01,150.0
479,2026-07-01,940.0
482,2026-07-01,210.0
483,2026-07-01,340.0
484,2026-07-01,110.0
485,2026-07-01,850.0
486,2026-07-01,230.0
487,2026-07-01,560.0
491,2026-07-01,110.0
493,2026-07-01,150.0
494,2026-07-01,390.0
495,2026-07-01,1160.0
496,2026-07-01,1360.0
497,2026-07-01,1080.0
498,2026-07-01,480.0
499,2026-07-01,930.0
501,2026-07-01,800.0
502,2026-07-01,610.0
503,2026-07-01,840.0
504,2026-07-01,1240.0
509,2026-07-01,990.0
512,2026-07-01,810.0
514,2026-07-01,980.0
521,2026-07-01,300.0
522,2026-07-01,620.0
524,2026-07-01,390.0
525,2026-07-01,110.0
527,2026-07-01,490.0
529,2026-07-01,750.0
530,2026-07-01,1420.0
531,2026-07-01,450.0
534,2026-07-01,820.0
535,2026-07-01,1150.0
538,2026-07-01,560.0
541,2026-07-01,490.0
543,2026-07-01,280.0
544,2026-07-01,1050.0
546,2026-07-01,290.0
547,2026-07-01,230.0
548,2026-07-01,2170.0
549,2026-07-01,310.0
550,2026-07-01,420.0
551,2026-07-01,180.0
552,2026-07-01,420.0
553,2026-07-01,1130.0
554,2026-07-01,300.0
555,2026-07-01,360.0
556,2026-07-01,1100.0
558,2026-07-01,290.0
559,2026-07-01,270.0
561,2026-07-01,860.0
562,2026-07-01,310.0
563,2026-07-01,580.0
566,2026-07-01,370.0
567,2026-07-01,120.0
568,2026-07-01,1000.0
570,2026-07-01,200.0
571,2026-07-01,630.0
572,2026-07-01,520.0
573,2026-07-01,290.0
574,2026-07-01,570.0
575,2026-07-01,260.0
576,2026-07-01,300.0
577,2026-07-01,530.0
578,2026-07-01,740.0
579,2026-07-01,1200.0
580,2026-07-01,430.0
582,2026-07-01,370.0
583,2026-07-01,1060.0
584,2026-07-01,140.0
585,2026-07-01,1060.0
586,2026-07-01,190.0
587,2026-07-01,360.0
590,2026-07-01,190.0
591,2026-07-01,780.0
592,2026-07-01,510.0
593,2026-07-01,800.0
595,2026-07-01,350.0
597,2026-07-01,620.0
601,2026-07-01,340.0
602,2026-07-01,300.0
605,2026-07-01,890.0
606,2026-07-01,490.0
607,2026-07-01,430.0
608,2026-07-01,190.0
610,2026-07-01,2010.0
611,2026-07-01,450.0
612,2026-07-01,460.0
613,2026-07-01,690.0
615,2026-07-01,290.0
616,2026-07-01,170.0
617,2026-07-01,730.0
618,2026-07-01,250.0
619,2026-07-01,300.0
621,2026-07-01,370.0
622,2026-07-01,380.0
623,2026-07-01,670.0
624,2026-07-01,310.0
626,2026-07-01,360.0
627,2026-07-01,830.0
628,2026-07-01,840.0
629,2026-07-01,540.0
631,2026-07-01,1010.0
633,2026-07-01,410.0
635,2026-07-01,760.0
636,2026-07-01,1050.0
637,2026-07-01,1540.0
641,2026-07-01,260.0
642,2026-07-01,370.0
643,2026-07-01,600.0
644,2026-07-01,1260.0
646,2026-07-01,970.0
647,2026-07-01,390.0
648,2026-07-01,500.0
649,2026-07-01,560.0
650,2026-07-01,410.0
652,2026-07-01,520.0
653,2026-07-01,550.0
655,2026-07-01,770.0
656,2026-07-01,880.0
657,2026-07-01,760.0
658,2026-07-01,800.0
659,2026-07-01,380.0
661,2026-07-01,240.0
662,2026-07-01,460.0
663,2026-07-01,870.0
664,2026-07-01,360.0
666,2026-07-01,410.0
668,2026-07-01,290.0
669,2026-07-01,470.0
670,2026-07-01,760.0
672,2026-07-01,660.0
674,2026-07-01,1780.0
676,2026-07-01,210.0
677,2026-07-01,550.0
678,2026-07-01,180.0
679,2026-07-01,1140.0
680,2026-07-01,330.0
681,2026-07-01,2180.0
682,2026-07-01,220.0
683,2026-07-01,340.0
685,2026-07-01,970.0
686,2026-07-01,630.0
687,2026-07-01,210.0
689,2026-07-01,500.0
692,2026-07-01,430.0
693,2026-07-01,490.0
694,2026-07-01,220.0
695,2026-07-01,1220.0
697,2026-07-01,540.0
701,2026-07-01,680.0
702,2026-07-01,560.0
703,2026-07-01,620.0
706,2026-07-01,260.0
707,2026-07-01,360.0
708,2026-07-01,410.0
711,2026-07-01,1020.0
712,2026-07-01,980.0
713,2026-07-01,1300.0
714,2026-07-01,570.0
715,2026-07-01,860.0
716,2026-07-01,1290.0
717,2026-07-01,660.0
718,2026-07-01,780.0
719,2026-07-01,210.0
720,2026-07-01,600.0
721,2026-07-01,520.0
722,2026-07-01,450.0
723,2026-07-01,530.0
724,2026-07-01,440.0
726,2026-07-01,200.0
727,2026-07-01,1580.0
728,2026-07-01,2300.0
730,2026-07-01,850.0
731,2026-07-01,810.0
733,2026-07-01,410.0
734,2026-07-01,520.0
735,2026-07-01,140.0
736,2026-07-01,770.0
738,2026-07-01,450.0
740,2026-07-01,530.0
742,2026-07-01,1810.0
743,2026-07-01,360.0
744,2026-07-01,360.0
745,2026-07-01,510.0
748,2026-07-01,420.0
749,2026-07-01,710.0
750,2026-07-01,470.0
752,2026-07-01,580.0
753,2026-07-01,580.0
754,2026-07-01,580.0
755,2026-07-01,110.0
757,2026-07-01,1140.0
758,2026-07-01,320.0
759,2026-07-01,1670.0
760,2026-07-01,580.0
761,2026-07-01,350.0
762,2026-07-01,520.0
763,2026-07-01,640.0
764,2026-07-01,510.0
766,2026-07-01,450.0
768,2026-07-01,290.0
769,2026-07-01,110.0
770,2026-07-01,520.0
771,2026-07-01,620.0
775,2026-07-01,220.0
776,2026-07-01,180.0
777,2026-07-01,1450.0
779,2026-07-01,330.0
780,2026-07-01,2730.0
781,2026-07-01,720.0
783,2026-07-01,140.0
784,2026-07-01,530.0
785,2026-07-01,770.0
786,2026-07-01,340.0
788,2026-07-01,670.0
790,2026-07-01,1020.0
791,2026-07-01,390.0
792,2026-07-01,670.0
797,2026-07-01,600.0
798,2026-07-01,560.0
799,2026-07-01,230.0
800,2026-07-01,600.0
802,2026-07-01,130.0
803,2026-07-01,460.0
804,2026-07-01,400.0
807,2026-07-01,1470.0
808,2026-07-01,340.0
809,2026-07-01,1190.0
811,2026-07-01,700.0
812,2026-07-01,860.0
813,2026-07-01,660.0
816,2026-07-01,240.0
817,2026-07-01,390.0
818,2026-07-01,290.0
819,2026-07-01,490.0
820,2026-07-01,210.0
821,2026-07-01,390.0
822,2026-07-01,360.0
825,2026-07-01,320.0
827,2026-07-01,420.0
828,2026-07-01,260.0
830,2026-07-01,430.0
831,2026-07-01,260.0
832,2026-07-01,330.0
833,2026-07-01,330.0
834,2026-07-01,550.0
835,2026-07-01,410.0
836,2026-07-01,170.0
837,2026-07-01,470.0
838,2026-07-01,480.0
839,2026-07-01,340.0
840,2026-07-01,1170.0
841,2026-07-01,160.0
842,2026-07-01,1680.0
843,2026-07-01,940.0
844,2026-07-01,500.0
846,2026-07-01,430.0
847,2026-07-01,680.0
849,2026-07-01,110.0
850,2026-07-01,1130.0
851,2026-07-01,300.0
852,2026-07-01,950.0
853,2026-07-01,1450.0
854,2026-07-01,1800.0
856,2026-07-01,170.0
858,2026-07-01,320.0
860,2026-07-01,490.0
861,2026-07-01,200.0
862,2026-07-01,520.0
863,2026-07-01,250.0
864,2026-07-01,240.0
865,2026-07-01,320.0
867,2026-07-01,240.0
869,2026-07-01,590.0
870,2026-07-01,670.0
871,2026-07-01,1610.0
872,2026-07-01,470.0
873,2026-07-01,400.0
875,2026-07-01,300.0
876,2026-07-01,700.0
877,2026-07-01,290.0
878,2026-07-01,480.0
881,2026-07-01,200.0
882,2026-07-01,820.0
883,2026-07-01,590.0
884,2026-07-01,480.0
885,2026-07-01,480.0
886,2026-07-01,1220.0
888,2026-07-01,1020.0
889,2026-07-01,300.0
890,2026-07-01,240.0
891,2026-07-01,1360.0
892,2026-07-01,1510.0
894,2026-07-01,590.0
896,2026-07-01,630.0
897,2026-07-01,1130.0
898,2026-07-01,1080.0
899,2026-07-01,390.0
900,2026-07-01,410.0
901,2026-07-01,840.0
903,2026-07-01,560.0
904,2026-07-01,380.0
905,2026-07-01,390.0
906,2026-07-01,790.0
908,2026-07-01,600.0
909,2026-07-01,1250.0
911,2026-07-01,350.0
913,2026-07-01,1870.0
914,2026-07-01,300.0
915,2026-07-01,660.0
916,2026-07-01,760.0
917,2026-07-01,500.0
918,2026-07-01,410.0
919,2026-07-01,280.0
921,2026-07-01,250.0
922,2026-07-01,740.0
923,2026-07-01,360.0
925,2026-07-01,110.0
926,2026-07-01,1260.0
927,2026-07-01,130.0
929,2026-07-01,1340.0
930,2026-07-01,160.0
931,2026-07-01,280.0
932,2026-07-01,480.0
934,2026-07-01,290.0
936,2026-07-01,500.0
939,2026-07-01,330.0
940,2026-07-01,630.0
941,2026-07-01,480.0
942,2026-07-01,580.0
944,2026-07-01,280.0
945,2026-07-01,1180.0
948,2026-07-01,1600.0
949,2026-07-01,760.0
950,2026-07-01,470.0
953,2026-07-01,450.0
955,2026-07-01,490.0
956,2026-07-01,880.0
957,2026-07-01,690.0
958,2026-07-01,270.0
959,2026-07-01,150.0
961,2026-07-01,300.0
962,2026-07-01,580.0
963,2026-07-01,370.0
964,2026-07-01,350.0
965,2026-07-01,700.0
966,2026-07-01,210.0
967,2026-07-01,460.0
970,2026-07-01,730.0
971,2026-07-01,1050.0
972,2026-07-01,140.0
973,2026-07-01,640.0
974,2026-07-01,320.0
975,2026-07-01,730.0
977,2026-07-01,210.0
978,2026-07-01,550.0
979,2026-07-01,700.0
980,2026-07-01,390.0
981,2026-07-01,360.0
982,2026-07-01,1200.0
983,2026-07-01,620.0
984,2026-07-01,450.0
985,2026-07-01,430.0
987,2026-07-01,450.0
988,2026-07-01,510.0
989,2026-07-01,580.0
990,2026-07-01,470.0
991,2026-07-01,1200.0
992,2026-07-01,410.0
994,2026-07-01,210.0
995,2026-07-01,910.0
996,2026-07-01,380.0
997,2026-07-01,530.0
999,2026-07-01,510.0
1000,2026-07-01,790.0
1002,2026-07-01,530.0
1003,2026-07-01,220.0
1004,2026-07-01,490.0
1005,2026-07-01,660.0
1007,2026-07-01,590.0
1009,2026-07-01,540.0
1010,2026-07-01,480.0
1011,2026-07-01,730.0
1012,2026-07-01,720.0
1013,2026-07-01,780.0
1014,2026-07-01,610.0
1015,2026-07-01,1080.0
1016,2026-07-01,350.0
1017,2026-07-01,660.0
1018,2026-07-01,570.0
1020,2026-07-01,720.0
1021,2026-07-01,730.0
1023,2026-07-01,1080.0
1024,2026-07-01,260.0
1025,2026-07-01,1570.0
1026,2026-07-01,110.0
1027,2026-07-01,1100.0
1028,2026-07-01,490.0
1029,2026-07-01,160.0
1030,2026-07-01,1320.0
1031,2026-07-01,850.0
1033,2026-07-01,190.0
1034,2026-07-01,540.0
1035,2026-07-01,230.0
1036,2026-07-01,270.0
1037,2026-07-01,580.0
1038,2026-07-01,350.0
1039,2026-07-01,150.0
1042,2026-07-01,460.0
1043,2026-07-01,740.0
1044,2026-07-01,570.0
1045,2026-07-01,380.0
1046,2026-07-01,990.0
1047,2026-07-01,510.0
1049,2026-07-01,530.0
1051,2026-07-01,710.0
1052,2026-07-01,560.0
1053,2026-07-01,340.0
1054,2026-07-01,370.0
1055,2026-07-01,400.0
1056,2026-07-01,820.0
1057,2026-07-01,360.0
1059,2026-07-01,440.0
1060,2026-07-01,840.0
1061,2026-07-01,340.0
1062,2026-07-01,550.0
1063,2026-07-01,760.0
1064,2026-07-01,1760.0
1066,2026-07-01,590.0
1067,2026-07-01,370.0
1068,2026-07-01,580.0
1069,2026-07-01,610.0
1070,2026-07-01,920.0
1072,2026-07-01,420.0
1073,2026-07-01,720.0
1074,2026-07-01,360.0
1075,2026-07-01,650.0
1076,2026-07-01,1530.0
1077,2026-07-01,600.0
1078,2026-07-01,740.0
1079,2026-07-01,510.0
1080,2026-07-01,510.0
1081,2026-07-01,500.0
1082,2026-07-01,350.0
1085,2026-07-01,730.0
1086,2026-07-01,1130.0
1087,2026-07-01,290.0
1088,2026-07-01,280.0
1089,2026-07-01,760.0
1090,2026-07-01,410.0
1091,2026-07-01,240.0
1092,2026-07-01,200.0
1093,2026-07-01,240.0
1095,2026-07-01,200.0
1096,2026-07-01,250.0
1097,2026-07-01,190.0
1098,2026-07-01,530.0
1102,2026-07-01,740.0
1103,2026-07-01,640.0
1104,2026-07-01,420.0
1105,2026-07-01,170.0
1106,2026-07-01,1160.0
1107,2026-07-01,1660.0
1108,2026-07-01,1300.0
1109,2026-07-01,300.0
1110,2026-07-01,280.0
1111,2026-07-01,470.0
1113,2026-07-01,320.0
1114,2026-07-01,480.0
1117,2026-07-01,550.0
1118,2026-07-01,840.0
1119,2026-07-01,220.0
1120,2026-07-01,500.0
1121,2026-07-01,530.0
1122,2026-07-01,220.0
1123,2026-07-01,920.0
1124,2026-07-01,680.0
1125,2026-07-01,300.0
1126,2026-07-01,340.0
1127,2026-07-01,370.0
1128,2026-07-01,290.0
1129,2026-07-01,820.0
1130,2026-07-01,510.0
1131,2026-07-01,400.0
1133,2026-07-01,380.0
1134,2026-07-01,250.0
1135,2026-07-01,1360.0
1136,2026-07-01,390.0
1137,2026-07-01,410.0
1138,2026-07-01,530.0
1139,2026-07-01,450.0
1141,2026-07-01,970.0
1142,2026-07-01,970.0
1143,2026-07-01,390.0
1144,2026-07-01,390.0
1145,2026-07-01,180.0
1146,2026-07-01,1110.0
1147,2026-07-01,630.0
1148,2026-07-01,560.0
1149,2026-07-01,300.0
1150,2026-07-01,440.0
1151,2026-07-01,370.0
1152,2026-07-01,460.0
1153,2026-07-01,430.0
1154,2026-07-01,790.0
1155,2026-07-01,230.0
1156,2026-07-01,580.0
1157,2026-07-01,560.0
1158,2026-07-01,270.0
1159,2026-07-01,190.0
1160,2026-07-01,1000.0
1161,2026-07-01,470.0
1162,2026-07-01,220.0
1163,2026-07-01,380.0
1164,2026-07-01,320.0
1165,2026-07-01,1150.0
1166,2026-07-01,440.0
1167,2026-07-01,180.0
1168,2026-07-01,150.0
1169,2026-07-01,140.0
1170,2026-07-01,900.0
1171,2026-07-01,220.0
1172,2026-07-01,420.0
1173,2026-07-01,770.0
1174,2026-07-01,580.0
1175,2026-07-01,770.0
1176,2026-07-01,650.0
1177,2026-07-01,680.0
1178,2026-07-01,150.0
1179,2026-07-01,250.0
1180,2026-07-01,250.0
1181,2026-07-01,810.0
1183,2026-07-01,500.0
1184,2026-07-01,690.0
1186,2026-07-01,680.0
1187,2026-07-01,370.0
1188,2026-07-01,670.0
1189,2026-07-01,530.0
1190,2026-07-01,180.0
1191,2026-07-01,270.0
1192,2026-07-01,260.0
1193,2026-07-01,1350.0
1194,2026-07-01,1060.0
1195,2026-07-01,310.0
1196,2026-07-01,350.0
1197,2026-07-01,220.0
1198,2026-07-01,350.0
1199,2026-07-01,240.0
1200,2026-07-01,260.0
1202,2026-07-01,990.0
1203,2026-07-01,390.0
1204,2026-07-01,540.0
1205,2026-07-01,630.0
1206,2026-07-01,590.0
1208,2026-07-01,420.0
1209,2026-07-01,290.0
1210,2026-07-01,250.0
1211,2026-07-01,590.0
1213,2026-07-01,290.0
1214,2026-07-01,530.0
1215,2026-07-01,200.0
1217,2026-07-01,680.0
1218,2026-07-01,420.0
1219,2026-07-01,480.0
1220,2026-07-01,600.0
1221,2026-07-01,690.0
1222,2026-07-01,230.0
1224,2026-07-01,400.0
1225,2026-07-01,1330.0
1226,2026-07-01,550.0
1227,2026-07-01,560.0
1228,2026-07-01,650.0
1229,2026-07-01,220.0
1230,2026-07-01,460.0
1231,2026-07-01,690.0
1232,2026-07-01,220.0
1233,2026-07-01,400.0
1235,2026-07-01,920.0
1236,2026-07-01,330.0
1237,2026-07-01,230.0
1238,2026-07-01,990.0
1239,2026-07-01,790.0
1240,2026-07-01,1210.0
1241,2026-07-01,200.0
1242,2026-07-01,640.0
1243,2026-07-01,260.0
1244,2026-07-01,650.0
1245,2026-07-01,560.0
1246,2026-07-01,440.0
1247,2026-07-01,540.0
1248,2026-07-01,440.0
1249,2026-07-01,2380.0
1250,2026-07-01,360.0
1251,2026-07-01,340.0
1252,2026-07-01,460.0
1253,2026-07-01,570.0
1254,2026-07-01,340.0
1255,2026-07-01,360.0
1256,2026-07-01,1340.0
1257,2026-07-01,700.0
1258,2026-07-01,590.0
1259,2026-07-01,920.0
1260,2026-07-01,590.0
1261,2026-07-01,340.0
1262,2026-07-01,520.0
1265,2026-07-01,380.0
1266,2026-07-01,280.0
1267,2026-07-01,840.0
1268,2026-07-01,680.0
1269,2026-07-01,420.0
1271,2026-07-01,750.0
1272,2026-07-01,520.0
1274,2026-07-01,240.0
1275,2026-07-01,1570.0
1276,2026-07-01,100.0
1277,2026-07-01,330.0
1278,2026-07-01,250.0
1279,2026-07-01,350.0
1280,2026-07-01,480.0
1282,2026-07-01,230.0
1283,2026-07-01,330.0
1284,2026-07-01,730.0
1286,2026-07-01,420.0
1287,2026-07-01,730.0
1289,2026-07-01,400.0
1290,2026-07-01,1010.0
1291,2026-07-01,320.0
1292,2026-07-01,310.0
1293,2026-07-01,410.0
1294,2026-07-01,250.0
1295,2026-07-01,450.0
1296,2026-07-01,1260.0
1297,2026-07-01,250.0
1298,2026-07-01,320.0
1299,2026-07-01,120.0
1300,2026-07-01,1010.0
1301,2026-07-01,160.0
1302,2026-07-01,170.0
1303,2026-07-01,620.0
1304,2026-07-01,910.0
1305,2026-07-01,830.0
1306,2026-07-01,930.0
1307,2026-07-01,520.0
1308,2026-07-01,490.0
1310,2026-07-01,540.0
1311,2026-07-01,470.0
1312,2026-07-01,420.0
1313,2026-07-01,390.0
1314,2026-07-01,1190.0
1315,2026-07-01,190.0
1316,2026-07-01,290.0
1317,2026-07-01,630.0
1318,2026-07-01,350.0
1319,2026-07-01,480.0
1320,2026-07-01,470.0
1321,2026-07-01,420.0
1322,2026-07-01,160.0
1323,2026-07-01,760.0
1324,2026-07-01,990.0
1325,2026-07-01,650.0
1326,2026-07-01,220.0
1327,2026-07-01,500.0
1328,2026-07-01,420.0
1329,2026-07-01,950.0
1330,2026-07-01,220.0
1332,2026-07-01,450.0
1333,2026-07-01,310.0
1334,2026-07-01,1200.0
1335,2026-07-01,170.0
1336,2026-07-01,210.0
1337,2026-07-01,1010.0
1338,2026-07-01,710.0
1339,2026-07-01,510.0
1340,2026-07-01,150.0
1341,2026-07-01,1080.0
1343,2026-07-01,290.0
1344,2026-07-01,770.0
1345,2026-07-01,730.0
1346,2026-07-01,290.0
1348,2026-07-01,170.0
1349,2026-07-01,1340.0
1350,2026-07-01,510.0
1351,2026-07-01,260.0
1352,2026-07-01,830.0
1354,2026-07-01,110.0
1355,2026-07-01,920.0
1357,2026-07-01,290.0
1358,2026-07-01,660.0
1359,2026-07-01,550.0
1360,2026-07-01,520.0
1361,2026-07-01,2310.0
1362,2026-07-01,200.0
1363,2026-07-01,200.0
1364,2026-07-01,520.0
1365,2026-07-01,830.0
1366,2026-07-01,250.0
1367,2026-07-01,200.0
1368,2026-07-01,500.0
1369,2026-07-01,430.0
1370,2026-07-01,450.0
1371,2026-07-01,860.0
1372,2026-07-01,800.0
1374,2026-07-01,980.0
1375,2026-07-01,710.0
1376,2026-07-01,440.0
1377,2026-07-01,300.0
1378,2026-07-01,650.0
1379,2026-07-01,510.0
1380,2026-07-01,730.0
1381,2026-07-01,890.0
1382,2026-07-01,760.0
1383,2026-07-01,460.0
1384,2026-07-01,170.0
1385,2026-07-01,950.0
1386,2026-07-01,430.0
1387,2026-07-01,640.0
1388,2026-07-01,440.0
1389,2026-07-01,250.0
1390,2026-07-01,210.0
1391,2026-07-01,160.0
1392,2026-07-01,1310.0
1393,2026-07-01,220.0
1394,2026-07-01,270.0
1395,2026-07-01,290.0
1396,2026-07-01,360.0
1397,2026-07-01,630.0
1398,2026-07-01,330.0
1399,2026-07-01,200.0
1400,2026-07-01,530.0
1401,2026-07-01,520.0
1402,2026-07-01,550.0
1403,2026-07-01,600.0
1404,2026-07-01,520.0
1405,2026-07-01,710.0
1406,2026-07-01,330.0
1407,2026-07-01,770.0
1408,2026-07-01,920.0
1409,2026-07-01,1030.0
1410,2026-07-01,1320.0
1411,2026-07-01,320.0
1412,2026-07-01,330.0
1413,2026-07-01,830.0
1414,2026-07-01,1350.0
1415,2026-07-01,410.0
1417,2026-07-01,580.0
1418,2026-07-01,360.0
1419,2026-07-01,410.0
1420,2026-07-01,370.0
1421,2026-07-01,260.0
1422,2026-07-01,290.0
1423,2026-07-01,530.0
1424,2026-07-01,560.0
1425,2026-07-01,300.0
1426,2026-07-01,1050.0
1427,2026-07-01,430.0
1428,2026-07-01,400.0
1429,2026-07-01,160.0
1430,2026-07-01,1440.0
1431,2026-07-01,360.0
1432,2026-07-01,660.0
1433,2026-07-01,150.0
1434,2026-07-01,120.0
1435,2026-07-01,580.0
1436,2026-07-01,1460.0
1437,2026-07-01,180.0
1438,2026-07-01,600.0
1439,2026-07-01,620.0
1441,2026-07-01,470.0
1442,2026-07-01,360.0
1443,2026-07-01,1010.0
1444,2026-07-01,340.0
1445,2026-07-01,380.0
1446,2026-07-01,240.0
1447,2026-07-01,800.0
1448,2026-07-01,2590.0
1449,2026-07-01,220.0
1450,2026-07-01,1350.0
1451,2026-07-01,340.0
1452,2026-07-01,480.0
1453,2026-07-01,480.0
1454,2026-07-01,780.0
1455,2026-07-01,1620.0
1456,2026-07-01,1380.0
1457,2026-07-01,780.0
1458,2026-07-01,830.0
1459,2026-07-01,640.0
1460,2026-07-01,410.0
1461,2026-07-01,670.0
1462,2026-07-01,580.0
1463,2026-07-01,490.0
1464,2026-07-01,450.0
1465,2026-07-01,590.0
1466,2026-07-01,440.0
1467,2026-07-01,240.0
1468,2026-07-01,690.0
1469,2026-07-01,180.0
1470,2026-07-01,310.0
1471,2026-07-01,440.0
1472,2026-07-01,600.0
1473,2026-07-01,520.0
1474,2026-07-01,540.0
1475,2026-07-01,480.0
1476,2026-07-01,630.0
1477,2026-07-01,310.0
1478,2026-07-01,450.0
1479,2026-07-01,430.0
1480,2026-07-01,650.0
1481,2026-07-01,300.0
1482,2026-07-01,270.0
1483,2026-07-01,150.0
1484,2026-07-01,340.0
1485,2026-07-01,480.0
1486,2026-07-01,290.0
1487,2026-07-01,1050.0
1488,2026-07-01,950.0
1489,2026-07-01,170.0
1490,2026-07-01,240.0
1491,2026-07-01,690.0
1492,2026-07-01,730.0
1493,2026-07-01,890.0
1494,2026-07-01,380.0
1495,2026-07-01,450.0
1496,2026-07-01,360.0
1497,2026-07-01,320.0
1498,2026-07-01,580.0
1499,2026-07-01,240.0
1500,2026-07-01,960.0
1501,2026-07-01,210.0
1502,2026-07-01,670.0
1503,2026-07-01,830.0
1504,2026-07-01,110.0
1505,2026-07-01,1100.0
1,2026-08-01,480.0
5,2026-08-01,600.0
7,2026-08-01,1180.0
8,2026-08-01,100.0
11,2026-08-01,1180.0
12,2026-08-01,1120.0
13,2026-08-01,320.0
14,2026-08-01,870.0
16,2026-08-01,3650.0
17,2026-08-01,710.0
20,2026-08-01,360.0
21,2026-08-01,650.0
22,2026-08-01,1170.0
24,2026-08-01,550.0
25,2026-08-01,720.0
26,2026-08-01,1290.0
27,2026-08-01,560.0
28,2026-08-01,230.0
32,2026-08-01,360.0
33,2026-08-01,1310.0
36,2026-08-01,650.0
39,2026-08-01,200.0
40,2026-08-01,930.0
42,2026-08-01,520.0
47,2026-08-01,1390.0
52,2026-08-01,2520.0
55,2026-08-01,800.0
56,2026-08-01,620.0
58,2026-08-01,270.0
62,2026-08-01,550.0
64,2026-08-01,430.0
65,2026-08-01,820.0
67,2026-08-01,1700.0
68,2026-08-01,930.0
72,2026-08-01,170.0
74,2026-08-01,1110.0
75,2026-08-01,500.0
81,2026-08-01,610.0
83,2026-08-01,1630.0
86,2026-08-01,570.0
87,2026-08-01,540.0
90,2026-08-01,790.0
92,2026-08-01,1360.0
94,2026-08-01,210.0
95,2026-08-01,240.0
97,2026-08-01,530.0
98,2026-08-01,440.0
99,2026-08-01,1370.0
100,2026-08-01,1250.0
105,2026-08-01,480.0
106,2026-08-01,1480.0
107,2026-08-01,750.0
113,2026-08-01,540.0
114,2026-08-01,2020.0
115,2026-08-01,350.0
116,2026-08-01,1030.0
117,2026-08-01,420.0
119,2026-08-01,890.0
121,2026-08-01,440.0
123,2026-08-01,190.0
125,2026-08-01,960.0
126,2026-08-01,890.0
127,2026-08-01,890.0
128,2026-08-01,750.0
129,2026-08-01,1460.0
130,2026-08-01,520.0
133,2026-08-01,680.0
134,2026-08-01,880.0
135,2026-08-01,1240.0
136,2026-08-01,500.0
138,2026-08-01,3150.0
139,2026-08-01,650.0
141,2026-08-01,1010.0
143,2026-08-01,280.0
144,2026-08-01,270.0
145,2026-08-01,1230.0
148,2026-08-01,550.0
151,2026-08-01,360.0
153,2026-08-01,400.0
155,2026-08-01,360.0
156,2026-08-01,640.0
157,2026-08-01,440.0
160,2026-08-01,1030.0
161,2026-08-01,740.0
165,2026-08-01,560.0
168,2026-08-01,430.0
170,2026-08-01,910.0
172,2026-08-01,500.0
173,2026-08-01,440.0
174,2026-08-01,670.0
175,2026-08-01,180.0
180,2026-08-01,670.0
182,2026-08-01,1610.0
184,2026-08-01,1030.0
185,2026-08-01,220.0
187,2026-08-01,380.0
189,2026-08-01,870.0
190,2026-08-01,440.0
191,2026-08-01,530.0
193,2026-08-01,350.0
194,2026-08-01,1350.0
195,2026-08-01,970.0
196,2026-08-01,420.0
197,2026-08-01,240.0
198,2026-08-01,320.0
199,2026-08-01,1160.0
200,2026-08-01,290.0
201,2026-08-01,530.0
202,2026-08-01,310.0
206,2026-08-01,760.0
207,2026-08-01,1520.0
209,2026-08-01,510.0
211,2026-08-01,550.0
212,2026-08-01,790.0
213,2026-08-01,550.0
216,2026-08-01,1670.0
218,2026-08-01,220.0
219,2026-08-01,580.0
220,2026-08-01,1570.0
222,2026-08-01,500.0
223,2026-08-01,1140.0
226,2026-08-01,1150.0
229,2026-08-01,670.0
231,2026-08-01,630.0
232,2026-08-01,200.0
233,2026-08-01,310.0
234,2026-08-01,390.0
235,2026-08-01,1100.0
238,2026-08-01,1250.0
239,2026-08-01,1260.0
241,2026-08-01,260.0
242,2026-08-01,130.0
243,2026-08-01,280.0
244,2026-08-01,920.0
246,2026-08-01,1940.0
247,2026-08-01,370.0
249,2026-08-01,1300.0
250,2026-08-01,1070.0
251,2026-08-01,110.0
253,2026-08-01,280.0
254,2026-08-01,430.0
255,2026-08-01,740.0
256,2026-08-01,730.0
257,2026-08-01,230.0
258,2026-08-01,810.0
259,2026-08-01,670.0
260,2026-08-01,810.0
264,2026-08-01,470.0
266,2026-08-01,650.0
267,2026-08-01,1700.0
268,2026-08-01,170.0
269,2026-08-01,440.0
270,2026-08-01,1490.0
271,2026-08-01,2050.0
275,2026-08-01,550.0
276,2026-08-01,700.0
277,2026-08-01,480.0
278,2026-08-01,470.0
279,2026-08-01,350.0
280,2026-08-01,280.0
281,2026-08-01,670.0
282,2026-08-01,720.0
283,2026-08-01,230.0
284,2026-08-01,520.0
285,2026-08-01,810.0
286,2026-08-01,1280.0
290,2026-08-01,600.0
291,2026-08-01,270.0
293,2026-08-01,340.0
296,2026-08-01,1290.0
297,2026-08-01,460.0
298,2026-08-01,950.0
300,2026-08-01,270.0
301,2026-08-01,340.0
302,2026-08-01,830.0
305,2026-08-01,1290.0
306,2026-08-01,280.0
308,2026-08-01,220.0
309,2026-08-01,140.0
311,2026-08-01,360.0
315,2026-08-01,730.0
316,2026-08-01,470.0
317,2026-08-01,920.0
320,2026-08-01,320.0
321,2026-08-01,380.0
322,2026-08-01,1770.0
323,2026-08-01,1800.0
325,2026-08-01,850.0
326,2026-08-01,310.0
328,2026-08-01,3530.0
329,2026-08-01,360.0
330,2026-08-01,620.0
332,2026-08-01,300.0
333,2026-08-01,1050.0
334,2026-08-01,1950.0
337,2026-08-01,570.0
338,2026-08-01,740.0
340,2026-08-01,700.0
341,2026-08-01,220.0
342,2026-08-01,2360.0
344,2026-08-01,2510.0
346,2026-08-01,2100.0
347,2026-08-01,1900.0
350,2026-08-01,620.0
351,2026-08-01,700.0
352,2026-08-01,4180.0
354,2026-08-01,370.0
358,2026-08-01,410.0
359,2026-08-01,230.0
360,2026-08-01,320.0
361,2026-08-01,590.0
363,2026-08-01,830.0
365,2026-08-01,1110.0
366,2026-08-01,910.0
369,2026-08-01,960.0
370,2026-08-01,440.0
372,2026-08-01,310.0
373,2026-08-01,660.0
374,2026-08-01,530.0
375,2026-08-01,380.0
376,2026-08-01,530.0
377,2026-08-01,190.0
379,2026-08-01,650.0
381,2026-08-01,930.0
383,2026-08-01,820.0
384,2026-08-01,630.0
388,2026-08-01,190.0
389,2026-08-01,1290.0
393,2026-08-01,420.0
394,2026-08-01,360.0
396,2026-08-01,760.0
397,2026-08-01,650.0
398,2026-08-01,1200.0
399,2026-08-01,350.0
400,2026-08-01,1290.0
401,2026-08-01,440.0
403,2026-08-01,390.0
404,2026-08-01,240.0
405,2026-08-01,740.0
406,2026-08-01,310.0
407,2026-08-01,470.0
408,2026-08-01,420.0
409,2026-08-01,300.0
410,2026-08-01,1050.0
411,2026-08-01,620.0
412,2026-08-01,1240.0
414,2026-08-01,100.0
416,2026-08-01,490.0
417,2026-08-01,740.0
419,2026-08-01,240.0
421,2026-08-01,1420.0
424,2026-08-01,400.0
426,2026-08-01,620.0
428,2026-08-01,310.0
429,2026-08-01,1170.0
430,2026-08-01,1000.0
431,2026-08-01,270.0
432,2026-08-01,910.0
433,2026-08-01,1100.0
434,2026-08-01,740.0
435,2026-08-01,490.0
436,2026-08-01,360.0
438,2026-08-01,570.0
441,2026-08-01,510.0
442,2026-08-01,330.0
444,2026-08-01,580.0
445,2026-08-01,390.0
446,2026-08-01,600.0
450,2026-08-01,350.0
453,2026-08-01,360.0
455,2026-08-01,1360.0
456,2026-08-01,450.0
458,2026-08-01,280.0
459,2026-08-01,640.0
460,2026-08-01,270.0
461,2026-08-01,590.0
462,2026-08-01,580.0
463,2026-08-01,230.0
464,2026-08-01,2150.0
467,2026-08-01,740.0
468,2026-08-01,2200.0
469,2026-08-01,650.0
470,2026-08-01,530.0
472,2026-08-01,2690.0
474,2026-08-01,430.0
477,2026-08-01,150.0
479,2026-08-01,940.0
482,2026-08-01,210.0
483,2026-08-01,340.0
484,2026-08-01,110.0
485,2026-08-01,850.0
486,2026-08-01,230.0
487,2026-08-01,560.0
491,2026-08-01,110.0
493,2026-08-01,150.0
494,2026-08-01,320.0
495,2026-08-01,1490.0
496,2026-08-01,1360.0
497,2026-08-01,1080.0
498,2026-08-01,480.0
499,2026-08-01,930.0
501,2026-08-01,800.0
502,2026-08-01,610.0
503,2026-08-01,840.0
504,2026-08-01,1240.0
509,2026-08-01,990.0
512,2026-08-01,810.0
514,2026-08-01,980.0
521,2026-08-01,300.0
522,2026-08-01,620.0
524,2026-08-01,390.0
525,2026-08-01,110.0
527,2026-08-01,490.0
529,2026-08-01,750.0
530,2026-08-01,1420.0
531,2026-08-01,450.0
534,2026-08-01,820.0
535,2026-08-01,1360.0
538,2026-08-01,560.0
541,2026-08-01,490.0
543,2026-08-01,280.0
544,2026-08-01,1050.0
546,2026-08-01,290.0
547,2026-08-01,230.0
548,2026-08-01,2170.0
549,2026-08-01,310.0
550,2026-08-01,420.0
551,2026-08-01,180.0
552,2026-08-01,340.0
553,2026-08-01,1130.0
554,2026-08-01,400.0
555,2026-08-01,360.0
556,2026-08-01,1100.0
558,2026-08-01,400.0
559,2026-08-01,270.0
561,2026-08-01,860.0
562,2026-08-01,310.0
563,2026-08-01,580.0
566,2026-08-01,370.0
567,2026-08-01,120.0
568,2026-08-01,1000.0
571,2026-08-01,630.0
572,2026-08-01,520.0
573,2026-08-01,290.0
574,2026-08-01,570.0
575,2026-08-01,350.0
576,2026-08-01,300.0
577,2026-08-01,530.0
578,2026-08-01,970.0
579,2026-08-01,1200.0
580,2026-08-01,430.0
582,2026-08-01,370.0
583,2026-08-01,1060.0
584,2026-08-01,140.0
585,2026-08-01,1060.0
586,2026-08-01,190.0
587,2026-08-01,360.0
590,2026-08-01,190.0
591,2026-08-01,780.0
592,2026-08-01,510.0
593,2026-08-01,800.0
595,2026-08-01,350.0
597,2026-08-01,620.0
601,2026-08-01,340.0
602,2026-08-01,300.0
605,2026-08-01,890.0
606,2026-08-01,490.0
607,2026-08-01,430.0
608,2026-08-01,190.0
610,2026-08-01,2010.0
611,2026-08-01,450.0
612,2026-08-01,460.0
613,2026-08-01,690.0
615,2026-08-01,290.0
616,2026-08-01,170.0
617,2026-08-01,730.0
618,2026-08-01,210.0
619,2026-08-01,300.0
621,2026-08-01,370.0
622,2026-08-01,380.0
623,2026-08-01,670.0
624,2026-08-01,310.0
626,2026-08-01,360.0
627,2026-08-01,830.0
628,2026-08-01,840.0
629,2026-08-01,540.0
631,2026-08-01,1010.0
633,2026-08-01,410.0
635,2026-08-01,760.0
636,2026-08-01,1050.0
637,2026-08-01,1540.0
641,2026-08-01,260.0
642,2026-08-01,370.0
643,2026-08-01,600.0
644,2026-08-01,1260.0
646,2026-08-01,1260.0
647,2026-08-01,390.0
648,2026-08-01,500.0
649,2026-08-01,560.0
650,2026-08-01,410.0
652,2026-08-01,520.0
653,2026-08-01,550.0
655,2026-08-01,770.0
656,2026-08-01,880.0
657,2026-08-01,760.0
658,2026-08-01,800.0
659,2026-08-01,380.0
661,2026-08-01,240.0
662,2026-08-01,460.0
663,2026-08-01,650.0
664,2026-08-01,360.0
666,2026-08-01,410.0
668,2026-08-01,290.0
669,2026-08-01,470.0
670,2026-08-01,760.0
672,2026-08-01,660.0
674,2026-08-01,1780.0
676,2026-08-01,210.0
677,2026-08-01,550.0
678,2026-08-01,180.0
679,2026-08-01,1140.0
680,2026-08-01,330.0
681,2026-08-01,2180.0
682,2026-08-01,220.0
683,2026-08-01,340.0
685,2026-08-01,970.0
686,2026-08-01,630.0
687,2026-08-01,210.0
689,2026-08-01,500.0
692,2026-08-01,430.0
693,2026-08-01,490.0
694,2026-08-01,220.0
695,2026-08-01,1220.0
697,2026-08-01,540.0
702,2026-08-01,560.0
703,2026-08-01,620.0
706,2026-08-01,260.0
707,2026-08-01,360.0
708,2026-08-01,410.0
711,2026-08-01,1020.0
712,2026-08-01,980.0
713,2026-08-01,1300.0
714,2026-08-01,570.0
715,2026-08-01,860.0
716,2026-08-01,1290.0
717,2026-08-01,660.0
718,2026-08-01,780.0
719,2026-08-01,210.0
720,2026-08-01,600.0
721,2026-08-01,520.0
722,2026-08-01,450.0
723,2026-08-01,530.0
724,2026-08-01,440.0
726,2026-08-01,200.0
727,2026-08-01,1580.0
728,2026-08-01,2300.0
730,2026-08-01,850.0
731,2026-08-01,810.0
733,2026-08-01,410.0
734,2026-08-01,520.0
735,2026-08-01,140.0
736,2026-08-01,770.0
738,2026-08-01,450.0
740,2026-08-01,530.0
742,2026-08-01,1810.0
743,2026-08-01,360.0
744,2026-08-01,360.0
745,2026-08-01,510.0
748,2026-08-01,420.0
749,2026-08-01,710.0
750,2026-08-01,470.0
752,2026-08-01,580.0
753,2026-08-01,580.0
754,2026-08-01,580.0
755,2026-08-01,110.0
757,2026-08-01,1650.0
758,2026-08-01,320.0
759,2026-08-01,1670.0
760,2026-08-01,580.0
761,2026-08-01,350.0
762,2026-08-01,520.0
763,2026-08-01,640.0
764,2026-08-01,510.0
766,2026-08-01,450.0
768,2026-08-01,290.0
769,2026-08-01,110.0
770,2026-08-01,520.0
771,2026-08-01,910.0
775,2026-08-01,220.0
776,2026-08-01,180.0
777,2026-08-01,1450.0
779,2026-08-01,330.0
780,2026-08-01,2730.0
781,2026-08-01,720.0
783,2026-08-01,140.0
784,2026-08-01,530.0
785,2026-08-01,770.0
786,2026-08-01,340.0
788,2026-08-01,670.0
790,2026-08-01,1020.0
791,2026-08-01,390.0
792,2026-08-01,670.0
797,2026-08-01,600.0
798,2026-08-01,560.0
799,2026-08-01,230.0
800,2026-08-01,600.0
802,2026-08-01,130.0
803,2026-08-01,460.0
804,2026-08-01,400.0
807,2026-08-01,1470.0
808,2026-08-01,340.0
809,2026-08-01,1190.0
811,2026-08-01,700.0
812,2026-08-01,860.0
813,2026-08-01,660.0
816,2026-08-01,240.0
817,2026-08-01,390.0
818,2026-08-01,290.0
819,2026-08-01,490.0
820,2026-08-01,210.0
821,2026-08-01,390.0
822,2026-08-01,360.0
825,2026-08-01,320.0
827,2026-08-01,420.0
828,2026-08-01,210.0
830,2026-08-01,430.0
831,2026-08-01,260.0
832,2026-08-01,330.0
833,2026-08-01,330.0
834,2026-08-01,690.0
835,2026-08-01,410.0
836,2026-08-01,170.0
837,2026-08-01,470.0
838,2026-08-01,480.0
839,2026-08-01,340.0
840,2026-08-01,1730.0
841,2026-08-01,160.0
842,2026-08-01,1680.0
843,2026-08-01,940.0
846,2026-08-01,590.0
847,2026-08-01,680.0
849,2026-08-01,110.0
850,2026-08-01,1130.0
851,2026-08-01,300.0
852,2026-08-01,950.0
853,2026-08-01,1450.0
854,2026-08-01,1800.0
858,2026-08-01,320.0
860,2026-08-01,490.0
861,2026-08-01,200.0
862,2026-08-01,520.0
863,2026-08-01,250.0
864,2026-08-01,240.0
865,2026-08-01,320.0
867,2026-08-01,240.0
869,2026-08-01,590.0
870,2026-08-01,670.0
871,2026-08-01,1610.0
872,2026-08-01,470.0
873,2026-08-01,400.0
875,2026-08-01,300.0
876,2026-08-01,700.0
877,2026-08-01,290.0
878,2026-08-01,480.0
881,2026-08-01,200.0
882,2026-08-01,820.0
883,2026-08-01,590.0
884,2026-08-01,650.0
885,2026-08-01,480.0
886,2026-08-01,1220.0
888,2026-08-01,1020.0
889,2026-08-01,300.0
890,2026-08-01,240.0
891,2026-08-01,1360.0
892,2026-08-01,1510.0
894,2026-08-01,590.0
896,2026-08-01,630.0
897,2026-08-01,1130.0
898,2026-08-01,1080.0
899,2026-08-01,390.0
900,2026-08-01,410.0
901,2026-08-01,840.0
903,2026-08-01,560.0
904,2026-08-01,380.0
905,2026-08-01,390.0
906,2026-08-01,790.0
908,2026-08-01,600.0
909,2026-08-01,1250.0
911,2026-08-01,350.0
913,2026-08-01,1870.0
914,2026-08-01,300.0
915,2026-08-01,660.0
916,2026-08-01,760.0
917,2026-08-01,500.0
918,2026-08-01,410.0
919,2026-08-01,280.0
921,2026-08-01,250.0
922,2026-08-01,740.0
923,2026-08-01,360.0
925,2026-08-01,110.0
926,2026-08-01,1260.0
927,2026-08-01,130.0
929,2026-08-01,1340.0
930,2026-08-01,160.0
931,2026-08-01,280.0
932,2026-08-01,480.0
934,2026-08-01,290.0
936,2026-08-01,500.0
939,2026-08-01,330.0
940,2026-08-01,630.0
941,2026-08-01,480.0
942,2026-08-01,580.0
945,2026-08-01,1180.0
948,2026-08-01,1600.0
949,2026-08-01,760.0
950,2026-08-01,470.0
953,2026-08-01,450.0
955,2026-08-01,490.0
956,2026-08-01,880.0
957,2026-08-01,690.0
958,2026-08-01,270.0
959,2026-08-01,150.0
961,2026-08-01,300.0
962,2026-08-01,580.0
963,2026-08-01,370.0
964,2026-08-01,350.0
965,2026-08-01,700.0
966,2026-08-01,210.0
967,2026-08-01,460.0
970,2026-08-01,730.0
971,2026-08-01,1050.0
972,2026-08-01,140.0
973,2026-08-01,640.0
974,2026-08-01,320.0
975,2026-08-01,730.0
977,2026-08-01,210.0
978,2026-08-01,550.0
979,2026-08-01,700.0
980,2026-08-01,390.0
981,2026-08-01,360.0
982,2026-08-01,1200.0
983,2026-08-01,620.0
984,2026-08-01,450.0
985,2026-08-01,430.0
987,2026-08-01,450.0
988,2026-08-01,510.0
989,2026-08-01,710.0
990,2026-08-01,470.0
991,2026-08-01,1200.0
992,2026-08-01,410.0
994,2026-08-01,260.0
995,2026-08-01,910.0
996,2026-08-01,380.0
997,2026-08-01,530.0
999,2026-08-01,620.0
1000,2026-08-01,790.0
1002,2026-08-01,530.0
1003,2026-08-01,220.0
1004,2026-08-01,490.0
1005,2026-08-01,520.0
1007,2026-08-01,590.0
1009,2026-08-01,540.0
1010,2026-08-01,480.0
1011,2026-08-01,730.0
1012,2026-08-01,720.0
1013,2026-08-01,780.0
1014,2026-08-01,610.0
1015,2026-08-01,1080.0
1016,2026-08-01,350.0
1018,2026-08-01,810.0
1020,2026-08-01,720.0
1021,2026-08-01,730.0
1023,2026-08-01,1080.0
1024,2026-08-01,260.0
1025,2026-08-01,1570.0
1026,2026-08-01,110.0
1027,2026-08-01,1100.0
1028,2026-08-01,490.0
1029,2026-08-01,160.0
1030,2026-08-01,1320.0
1031,2026-08-01,850.0
1033,2026-08-01,190.0
1034,2026-08-01,540.0
1035,2026-08-01,230.0
1036,2026-08-01,270.0
1037,2026-08-01,580.0
1039,2026-08-01,150.0
1042,2026-08-01,460.0
1043,2026-08-01,740.0
1044,2026-08-01,570.0
1045,2026-08-01,380.0
1046,2026-08-01,990.0
1047,2026-08-01,510.0
1049,2026-08-01,530.0
1051,2026-08-01,710.0
1052,2026-08-01,560.0
1053,2026-08-01,340.0
1054,2026-08-01,370.0
1055,2026-08-01,400.0
1056,2026-08-01,820.0
1057,2026-08-01,420.0
1059,2026-08-01,440.0
1060,2026-08-01,840.0
1062,2026-08-01,550.0
1063,2026-08-01,760.0
1064,2026-08-01,1760.0
1066,2026-08-01,590.0
1067,2026-08-01,370.0
1068,2026-08-01,580.0
1069,2026-08-01,610.0
1070,2026-08-01,920.0
1072,2026-08-01,420.0
1073,2026-08-01,720.0
1074,2026-08-01,360.0
1075,2026-08-01,650.0
1076,2026-08-01,1530.0
1077,2026-08-01,600.0
1078,2026-08-01,740.0
1079,2026-08-01,510.0
1080,2026-08-01,510.0
1081,2026-08-01,500.0
1082,2026-08-01,350.0
1085,2026-08-01,730.0
1086,2026-08-01,1130.0
1087,2026-08-01,290.0
1088,2026-08-01,280.0
1089,2026-08-01,760.0
1090,2026-08-01,410.0
1091,2026-08-01,240.0
1092,2026-08-01,200.0
1093,2026-08-01,240.0
1095,2026-08-01,200.0
1096,2026-08-01,250.0
1097,2026-08-01,190.0
1098,2026-08-01,530.0
1102,2026-08-01,740.0
1103,2026-08-01,640.0
1104,2026-08-01,420.0
1105,2026-08-01,170.0
1106,2026-08-01,1160.0
1107,2026-08-01,1660.0
1108,2026-08-01,1300.0
1109,2026-08-01,300.0
1110,2026-08-01,280.0
1111,2026-08-01,470.0
1113,2026-08-01,320.0
1114,2026-08-01,480.0
1117,2026-08-01,390.0
1118,2026-08-01,840.0
1119,2026-08-01,220.0
1120,2026-08-01,500.0
1121,2026-08-01,530.0
1122,2026-08-01,220.0
1123,2026-08-01,1370.0
1124,2026-08-01,680.0
1125,2026-08-01,300.0
1126,2026-08-01,340.0
1127,2026-08-01,370.0
1128,2026-08-01,290.0
1129,2026-08-01,820.0
1130,2026-08-01,510.0
1131,2026-08-01,400.0
1133,2026-08-01,380.0
1134,2026-08-01,250.0
1135,2026-08-01,1360.0
1136,2026-08-01,390.0
1137,2026-08-01,410.0
1138,2026-08-01,530.0
1139,2026-08-01,450.0
1141,2026-08-01,970.0
1142,2026-08-01,970.0
1143,2026-08-01,390.0
1144,2026-08-01,390.0
1145,2026-08-01,180.0
1146,2026-08-01,1110.0
1147,2026-08-01,630.0
1148,2026-08-01,560.0
1149,2026-08-01,300.0
1150,2026-08-01,440.0
1151,2026-08-01,370.0
1152,2026-08-01,460.0
1153,2026-08-01,430.0
1154,2026-08-01,790.0
1155,2026-08-01,230.0
1156,2026-08-01,580.0
1157,2026-08-01,560.0
1158,2026-08-01,270.0
1159,2026-08-01,190.0
1160,2026-08-01,1000.0
1161,2026-08-01,470.0
1162,2026-08-01,220.0
1163,2026-08-01,380.0
1164,2026-08-01,460.0
1165,2026-08-01,1150.0
1166,2026-08-01,440.0
1167,2026-08-01,180.0
1168,2026-08-01,150.0
1169,2026-08-01,140.0
1170,2026-08-01,900.0
1171,2026-08-01,220.0
1172,2026-08-01,420.0
1173,2026-08-01,770.0
1174,2026-08-01,580.0
1175,2026-08-01,770.0
1176,2026-08-01,650.0
1177,2026-08-01,680.0
1178,2026-08-01,150.0
1179,2026-08-01,250.0
1180,2026-08-01,250.0
1181,2026-08-01,810.0
1183,2026-08-01,500.0
1184,2026-08-01,690.0
1186,2026-08-01,680.0
1187,2026-08-01,370.0
1188,2026-08-01,670.0
1189,2026-08-01,530.0
1190,2026-08-01,180.0
1191,2026-08-01,270.0
1192,2026-08-01,260.0
1193,2026-08-01,1350.0
1194,2026-08-01,1060.0
1195,2026-08-01,310.0
1196,2026-08-01,350.0
1197,2026-08-01,220.0
1198,2026-08-01,350.0
1199,2026-08-01,240.0
1200,2026-08-01,260.0
1202,2026-08-01,990.0
1203,2026-08-01,390.0
1204,2026-08-01,540.0
1205,2026-08-01,630.0
1206,2026-08-01,590.0
1208,2026-08-01,420.0
1209,2026-08-01,290.0
1210,2026-08-01,250.0
1211,2026-08-01,590.0
1213,2026-08-01,290.0
1214,2026-08-01,530.0
1215,2026-08-01,200.0
1217,2026-08-01,680.0
1218,2026-08-01,420.0
1219,2026-08-01,480.0
1220,2026-08-01,600.0
1221,2026-08-01,690.0
1222,2026-08-01,230.0
1224,2026-08-01,400.0
1225,2026-08-01,1330.0
1226,2026-08-01,550.0
1227,2026-08-01,560.0
1228,2026-08-01,650.0
1229,2026-08-01,220.0
1230,2026-08-01,460.0
1231,2026-08-01,690.0
1232,2026-08-01,220.0
1233,2026-08-01,400.0
1235,2026-08-01,920.0
1236,2026-08-01,330.0
1237,2026-08-01,230.0
1238,2026-08-01,990.0
1239,2026-08-01,790.0
1240,2026-08-01,1210.0
1241,2026-08-01,200.0
1242,2026-08-01,640.0
1243,2026-08-01,260.0
1244,2026-08-01,520.0
1245,2026-08-01,560.0
1246,2026-08-01,440.0
1247,2026-08-01,540.0
1248,2026-08-01,440.0
1249,2026-08-01,1850.0
1250,2026-08-01,360.0
1251,2026-08-01,340.0
1252,2026-08-01,460.0
1253,2026-08-01,570.0
1254,2026-08-01,340.0
1255,2026-08-01,360.0
1256,2026-08-01,1340.0
1257,2026-08-01,700.0
1258,2026-08-01,810.0
1259,2026-08-01,920.0
1260,2026-08-01,590.0
1261,2026-08-01,340.0
1262,2026-08-01,520.0
1265,2026-08-01,380.0
1266,2026-08-01,280.0
1267,2026-08-01,840.0
1268,2026-08-01,680.0
1269,2026-08-01,420.0
1271,2026-08-01,530.0
1272,2026-08-01,520.0
1274,2026-08-01,240.0
1275,2026-08-01,1570.0
1276,2026-08-01,100.0
1277,2026-08-01,330.0
1278,2026-08-01,250.0
1279,2026-08-01,350.0
1280,2026-08-01,480.0
1282,2026-08-01,230.0
1283,2026-08-01,330.0
1284,2026-08-01,730.0
1286,2026-08-01,420.0
1287,2026-08-01,730.0
1289,2026-08-01,400.0
1290,2026-08-01,1010.0
1291,2026-08-01,320.0
1292,2026-08-01,310.0
1293,2026-08-01,410.0
1294,2026-08-01,250.0
1295,2026-08-01,450.0
1296,2026-08-01,1260.0
1297,2026-08-01,250.0
1298,2026-08-01,320.0
1299,2026-08-01,120.0
1300,2026-08-01,1010.0
1301,2026-08-01,160.0
1302,2026-08-01,170.0
1303,2026-08-01,620.0
1304,2026-08-01,910.0
1305,2026-08-01,830.0
1306,2026-08-01,930.0
1307,2026-08-01,520.0
1308,2026-08-01,490.0
1310,2026-08-01,540.0
1311,2026-08-01,470.0
1312,2026-08-01,420.0
1313,2026-08-01,390.0
1314,2026-08-01,940.0
1315,2026-08-01,190.0
1316,2026-08-01,290.0
1317,2026-08-01,630.0
1318,2026-08-01,350.0
1319,2026-08-01,480.0
1320,2026-08-01,470.0
1321,2026-08-01,420.0
1322,2026-08-01,160.0
1324,2026-08-01,990.0
1326,2026-08-01,220.0
1327,2026-08-01,500.0
1328,2026-08-01,420.0
1329,2026-08-01,950.0
1330,2026-08-01,220.0
1332,2026-08-01,450.0
1333,2026-08-01,310.0
1334,2026-08-01,1200.0
1335,2026-08-01,230.0
1336,2026-08-01,210.0
1337,2026-08-01,1010.0
1338,2026-08-01,710.0
1339,2026-08-01,510.0
1340,2026-08-01,150.0
1341,2026-08-01,1080.0
1343,2026-08-01,290.0
1344,2026-08-01,770.0
1345,2026-08-01,730.0
1346,2026-08-01,290.0
1348,2026-08-01,170.0
1349,2026-08-01,1340.0
1350,2026-08-01,510.0
1351,2026-08-01,260.0
1352,2026-08-01,830.0
1354,2026-08-01,110.0
1355,2026-08-01,920.0
1357,2026-08-01,290.0
1358,2026-08-01,660.0
1359,2026-08-01,550.0
1360,2026-08-01,520.0
1361,2026-08-01,2310.0
1362,2026-08-01,200.0
1363,2026-08-01,200.0
1364,2026-08-01,520.0
1365,2026-08-01,830.0
1366,2026-08-01,250.0
1367,2026-08-01,200.0
1368,2026-08-01,500.0
1369,2026-08-01,430.0
1370,2026-08-01,450.0
1371,2026-08-01,860.0
1372,2026-08-01,800.0
1374,2026-08-01,980.0
1375,2026-08-01,710.0
1376,2026-08-01,440.0
1377,2026-08-01,300.0
1378,2026-08-01,650.0
1379,2026-08-01,510.0
1380,2026-08-01,730.0
1381,2026-08-01,890.0
1382,2026-08-01,760.0
1383,2026-08-01,460.0
1384,2026-08-01,170.0
1385,2026-08-01,950.0
1386,2026-08-01,430.0
1387,2026-08-01,640.0
1388,2026-08-01,440.0
1389,2026-08-01,330.0
1390,2026-08-01,210.0
1391,2026-08-01,160.0
1392,2026-08-01,1310.0
1393,2026-08-01,220.0
1394,2026-08-01,270.0
1395,2026-08-01,290.0
1396,2026-08-01,360.0
1397,2026-08-01,630.0
1398,2026-08-01,330.0
1399,2026-08-01,200.0
1400,2026-08-01,530.0
1401,2026-08-01,520.0
1402,2026-08-01,550.0
1403,2026-08-01,600.0
1404,2026-08-01,520.0
1405,2026-08-01,710.0
1406,2026-08-01,330.0
1407,2026-08-01,770.0
1408,2026-08-01,920.0
1409,2026-08-01,1030.0
1410,2026-08-01,1320.0
1411,2026-08-01,320.0
1412,2026-08-01,330.0
1413,2026-08-01,830.0
1414,2026-08-01,1350.0
1415,2026-08-01,410.0
1417,2026-08-01,580.0
1418,2026-08-01,360.0
1419,2026-08-01,410.0
1420,2026-08-01,370.0
1421,2026-08-01,260.0
1422,2026-08-01,290.0
1423,2026-08-01,530.0
1424,2026-08-01,560.0
1425,2026-08-01,300.0
1426,2026-08-01,1050.0
1427,2026-08-01,430.0
1428,2026-08-01,400.0
1429,2026-08-01,160.0
1430,2026-08-01,1440.0
1431,2026-08-01,360.0
1432,2026-08-01,660.0
1433,2026-08-01,150.0
1434,2026-08-01,120.0
1435,2026-08-01,580.0
1436,2026-08-01,1460.0
1437,2026-08-01,180.0
1438,2026-08-01,600.0
1441,2026-08-01,470.0
1442,2026-08-01,360.0
1443,2026-08-01,1010.0
1444,2026-08-01,340.0
1445,2026-08-01,380.0
1446,2026-08-01,240.0
1447,2026-08-01,800.0
1448,2026-08-01,2590.0
1449,2026-08-01,220.0
1450,2026-08-01,1350.0
1451,2026-08-01,340.0
1452,2026-08-01,480.0
1453,2026-08-01,480.0
1454,2026-08-01,780.0
1455,2026-08-01,1620.0
1456,2026-08-01,1380.0
1457,2026-08-01,990.0
1458,2026-08-01,830.0
1459,2026-08-01,640.0
1460,2026-08-01,410.0
1461,2026-08-01,670.0
1462,2026-08-01,580.0
1463,2026-08-01,490.0
1464,2026-08-01,450.0
1465,2026-08-01,590.0
1466,2026-08-01,440.0
1467,2026-08-01,240.0
1468,2026-08-01,690.0
1469,2026-08-01,180.0
1470,2026-08-01,310.0
1471,2026-08-01,440.0
1472,2026-08-01,600.0
1473,2026-08-01,520.0
1474,2026-08-01,540.0
1475,2026-08-01,480.0
1476,2026-08-01,630.0
1477,2026-08-01,310.0
1478,2026-08-01,450.0
1479,2026-08-01,430.0
1480,2026-08-01,650.0
1482,2026-08-01,270.0
1483,2026-08-01,150.0
1484,2026-08-01,340.0
1485,2026-08-01,480.0
1486,2026-08-01,290.0
1487,2026-08-01,1050.0
1488,2026-08-01,950.0
1489,2026-08-01,250.0
1490,2026-08-01,240.0
1491,2026-08-01,690.0
1492,2026-08-01,730.0
1493,2026-08-01,890.0
1494,2026-08-01,530.0
1495,2026-08-01,450.0
1496,2026-08-01,360.0
1497,2026-08-01,320.0
1498,2026-08-01,710.0
1499,2026-08-01,240.0
1500,2026-08-01,960.0
1501,2026-08-01,210.0
1502,2026-08-01,670.0
1503,2026-08-01,830.0
1504,2026-08-01,110.0
1505,2026-08-01,1100.0
1506,2026-08-01,430.0
1507,2026-08-01,360.0
1508,2026-08-01,360.0
1509,2026-08-01,580.0
1510,2026-08-01,470.0
1511,2026-08-01,250.0
1512,2026-08-01,550.0
1513,2026-08-01,270.0
1514,2026-08-01,880.0
1515,2026-08-01,400.0
1516,2026-08-01,300.0
1517,2026-08-01,240.0
1518,2026-08-01,490.0
1519,2026-08-01,350.0
1520,2026-08-01,470.0
1521,2026-08-01,240.0
1522,2026-08-01,170.0
1523,2026-08-01,310.0
1524,2026-08-01,200.0
1525,2026-08-01,380.0
1526,2026-08-01,440.0
1527,2026-08-01,360.0
1528,2026-08-01,370.0
1529,2026-08-01,950.0
1530,2026-08-01,530.0
1531,2026-08-01,880.0
1532,2026-08-01,510.0
1533,2026-08-01,580.0
1534,2026-08-01,750.0
1535,2026-08-01,260.0
1536,2026-08-01,210.0
1537,2026-08-01,310.0
1538,2026-08-01,160.0
1539,2026-08-01,680.0
1540,2026-08-01,640.0
1541,2026-08-01,490.0
1542,2026-08-01,220.0
1543,2026-08-01,740.0
1544,2026-08-01,290.0
1545,2026-08-01,420.0
1546,2026-08-01,420.0
1547,2026-08-01,210.0
1548,2026-08-01,460.0
